;FLAVOR:Marlin
;TIME:3405
;Filament used: 2.0201m
;Layer height: 0.2
;MINX:77.657
;MINY:87.437
;MINZ:0.2
;MAXX:145.657
;MAXY:149.437
;MAXZ:38
;TARGET_MACHINE.NAME:Creality Ender-3 V3 SE
;Generated with Cura_SteamEngine 5.10.2
M220 S100 ;Reset Feedrate
M221 S100 ;Reset Flowrate

G28 ;Home

M420 S1; Use saved mesh leveling data

G92 E0 ;Reset Extruder
G1 Z2.0 F3000 ;Move Z Axis up
G1 X-3 Y20 Z0.28 F5000.0 ;Move to start position
M190 S60 ; Set bed temperature and wait
M109 S200 ; Set hotend temperature and wait
G1 X-3 Y100.0 Z0.28 F1500.0 E15 ;Draw the first line
G1 X-2 Y100.0 Z0.28 F5000.0 ;Move to side a little
G1 X-2 Y20 Z0.28 F1500.0 E30 ;Draw the second line
G92 E0 ;Reset Extruder
G1 E-1.0000 F1800 ;Retract a bit
G1 Z2.0 F3000 ;Move Z Axis up
G1 E0.0000 F1800 

M82 ;absolute extrusion mode
G92 E0
G92 E0
G1 F2400 E-0.8
;LAYER_COUNT:190
;LAYER:0
M107
G0 F9000 X81.432 Y90.978 Z0.2
;TYPE:SKIRT
G1 F2400 E0
G1 F1800 X82.476 Y90.08 E0.0458
G1 X82.752 Y89.872 E0.0573
G1 X83.532 Y89.337 E0.08876
G1 X84.697 Y88.702 E0.13289
G1 X85.012 Y88.555 E0.14445
G1 X85.885 Y88.194 E0.17587
G1 X87.154 Y87.815 E0.21992
G1 X87.468 Y87.742 E0.23064
G1 X88.474 Y87.559 E0.26465
G1 X89.745 Y87.459 E0.30705
G1 X90.96 Y87.437 E0.34747
G1 X94.613 Y87.437 E0.46897
G1 X95.481 Y87.448 E0.49784
G1 X96.082 Y87.475 E0.51785
G1 X97.021 Y87.581 E0.54928
G1 X97.8 Y87.703 E0.57551
G1 X100.374 Y88.07 E0.66198
G1 X102.828 Y88.348 E0.74413
G1 X105.352 Y88.565 E0.82838
G1 X107.866 Y88.706 E0.91213
G1 X110.405 Y88.779 E0.99661
G1 X112.895 Y88.779 E1.07943
G1 X115.422 Y88.708 E1.16351
G1 X117.917 Y88.568 E1.24663
G1 X120.467 Y88.352 E1.33175
G1 X122.905 Y88.074 E1.41336
G1 X126.433 Y87.559 E1.53194
G1 X127.697 Y87.46 E1.57411
G1 X128.974 Y87.437 E1.61659
G1 X132.765 Y87.438 E1.74268
G1 X133.465 Y87.449 E1.76597
G1 X134.452 Y87.509 E1.79886
G1 X135.311 Y87.635 E1.82773
G1 X135.896 Y87.747 E1.84754
G1 X136.335 Y87.85 E1.86254
G1 X136.775 Y87.97 E1.87771
G1 X137.275 Y88.131 E1.89518
G1 X137.852 Y88.351 E1.91572
G1 X138.534 Y88.651 E1.9405
G1 X139.394 Y89.102 E1.9728
G1 X140.123 Y89.564 E2.0015
G1 X140.428 Y89.775 E2.01384
G1 X141.214 Y90.376 E2.04675
G1 X142.167 Y91.278 E2.09039
G1 X142.438 Y91.569 E2.10362
G1 X143.073 Y92.321 E2.13635
G1 X143.742 Y93.294 E2.17563
G1 X143.985 Y93.696 E2.19125
G1 X144.451 Y94.553 E2.2237
G1 X144.812 Y95.381 E2.25374
G1 X145.138 Y96.357 E2.28796
G1 X145.286 Y96.929 E2.30762
G1 X145.421 Y97.557 E2.32898
G1 X145.57 Y98.521 E2.36142
G1 X145.634 Y99.498 E2.39399
G1 X145.657 Y100.761 E2.436
G1 X145.656 Y136.53 E3.62568
G1 X145.645 Y137.227 E3.64887
G1 X145.587 Y138.199 E3.68126
G1 X145.451 Y139.114 E3.71202
G1 X145.373 Y139.514 E3.72558
G1 X145.153 Y140.432 E3.75698
G1 X144.719 Y141.67 E3.80061
G1 X144.6 Y141.951 E3.81076
G1 X144.185 Y142.821 E3.84282
G1 X143.484 Y143.973 E3.88767
G1 X143.281 Y144.261 E3.89939
G1 X142.705 Y145.008 E3.93076
G1 X141.809 Y145.956 E3.97415
G1 X141.588 Y146.162 E3.9842
G1 X140.824 Y146.812 E4.01756
G1 X139.818 Y147.508 E4.05825
G1 X139.491 Y147.706 E4.07096
G1 X138.661 Y148.16 E4.10243
G1 X137.394 Y148.689 E4.14809
G1 X137.056 Y148.805 E4.15998
G1 X136.151 Y149.072 E4.19136
G1 X134.951 Y149.301 E4.23199
G1 X134.189 Y149.383 E4.25748
G1 X133.528 Y149.423 E4.27951
G1 X133.023 Y149.435 E4.29631
G1 X128.596 Y149.437 E4.44355
G1 X127.726 Y149.426 E4.47249
G1 X127.077 Y149.396 E4.4941
G1 X126.191 Y149.293 E4.52377
G1 X125.488 Y149.183 E4.54743
G1 X122.925 Y148.818 E4.63354
G1 X120.412 Y148.533 E4.71766
G1 X117.905 Y148.316 E4.80135
G1 X115.402 Y148.176 E4.88473
G1 X112.863 Y148.103 E4.96922
G1 X110.373 Y148.103 E5.05203
G1 X107.838 Y148.174 E5.13638
G1 X105.357 Y148.314 E5.21903
G1 X102.798 Y148.529 E5.30444
G1 X100.343 Y148.809 E5.38663
G1 X96.821 Y149.318 E5.50499
G1 X96.151 Y149.385 E5.52738
G1 X95.528 Y149.423 E5.54814
G1 X95.018 Y149.436 E5.56511
G1 X90.595 Y149.437 E5.71222
G1 X89.715 Y149.424 E5.74149
G1 X88.743 Y149.365 E5.77388
G1 X87.781 Y149.219 E5.80624
G1 X86.876 Y149.001 E5.8372
G1 X85.979 Y148.718 E5.86849
G1 X85.138 Y148.389 E5.89852
G1 X84.228 Y147.938 E5.9323
G1 X83.94 Y147.778 E5.94326
G1 X83.137 Y147.283 E5.97464
G1 X82.117 Y146.502 E6.01736
G1 X81.833 Y146.257 E6.02984
G1 X81.176 Y145.637 E6.05988
G1 X80.27 Y144.582 E6.10614
G1 X80.023 Y144.256 E6.11974
G1 X79.511 Y143.512 E6.14978
G1 X78.999 Y142.602 E6.18451
G1 X78.604 Y141.727 E6.21644
G1 X78.41 Y141.203 E6.23502
G1 X78.155 Y140.428 E6.26216
G1 X77.899 Y139.435 E6.29627
G1 X77.751 Y138.544 E6.32631
G1 X77.68 Y137.409 E6.36413
G1 X77.669 Y137.345 E6.36629
G1 X77.657 Y136.41 E6.39739
G1 X77.658 Y100.331 E7.59738
G1 X77.67 Y99.609 E7.6214
G1 X77.729 Y98.638 E7.65376
G1 X77.859 Y97.757 E7.68338
G1 X78.022 Y96.949 E7.71079
G1 X78.291 Y95.982 E7.74418
G1 X78.636 Y95.067 E7.7767
G1 X79.097 Y94.118 E7.81179
G1 X79.302 Y93.745 E7.82595
G1 X79.828 Y92.889 E7.85936
G1 X80.605 Y91.875 E7.90185
G1 X80.812 Y91.635 E7.91239
G1 X81.432 Y90.978 E7.94244
G0 F9000 X81.723 Y91.253
G1 F1800 X82.717 Y90.399 E7.98603
G1 X82.978 Y90.202 E7.9969
G1 X83.758 Y89.667 E8.02836
G1 X84.866 Y89.064 E8.07032
G1 X85.166 Y88.924 E8.08133
G1 X86 Y88.577 E8.11137
G1 X87.245 Y88.205 E8.15459
G1 X87.559 Y88.132 E8.16531
G1 X88.506 Y87.958 E8.19734
G1 X89.752 Y87.859 E8.23891
G1 X90.967 Y87.837 E8.27933
G1 X94.608 Y87.837 E8.40043
G1 X95.464 Y87.848 E8.4289
G1 X96.038 Y87.873 E8.44801
G1 X96.959 Y87.976 E8.47883
G1 X97.744 Y88.099 E8.50526
G1 X100.318 Y88.466 E8.59174
G1 X102.794 Y88.747 E8.67462
G1 X105.318 Y88.963 E8.75887
G1 X107.855 Y89.106 E8.84339
G1 X110.394 Y89.179 E8.92787
G1 X112.906 Y89.179 E9.01142
G1 X115.433 Y89.108 E9.0955
G1 X117.951 Y88.966 E9.17939
G1 X120.501 Y88.75 E9.2645
G1 X122.963 Y88.47 E9.34692
G1 X126.465 Y87.958 E9.46463
G1 X127.704 Y87.86 E9.50597
G1 X128.974 Y87.837 E9.54822
G1 X132.759 Y87.838 E9.67411
G1 X133.441 Y87.848 E9.69679
G1 X134.394 Y87.905 E9.72855
G1 X135.236 Y88.028 E9.75685
G1 X135.805 Y88.137 E9.77612
G1 X136.23 Y88.236 E9.79063
G1 X136.653 Y88.351 E9.80521
G1 X137.132 Y88.505 E9.82195
G1 X137.709 Y88.725 E9.84248
G1 X138.349 Y89.006 E9.86573
G1 X139.18 Y89.44 E9.89691
G1 X139.896 Y89.893 E9.92509
G1 X140.186 Y90.093 E9.93681
G1 X140.939 Y90.667 E9.9683
G1 X141.892 Y91.569 E10.01195
G1 X142.133 Y91.828 E10.02371
G1 X142.743 Y92.548 E10.0551
G1 X143.412 Y93.521 E10.09437
G1 X143.634 Y93.888 E10.10864
G1 X144.084 Y94.713 E10.1399
G1 X144.445 Y95.541 E10.16994
G1 X144.751 Y96.457 E10.20206
G1 X144.895 Y97.014 E10.22119
G1 X145.026 Y97.619 E10.24178
G1 X145.171 Y98.547 E10.27302
G1 X145.234 Y99.505 E10.30495
G1 X145.257 Y100.761 E10.34674
G1 X145.256 Y136.524 E11.53622
G1 X145.246 Y137.204 E11.55884
G1 X145.191 Y138.14 E11.59002
G1 X145.058 Y139.038 E11.62022
G1 X144.984 Y139.421 E11.63319
G1 X144.775 Y140.3 E11.66324
G1 X144.35 Y141.515 E11.70605
G1 X144.239 Y141.779 E11.71558
G1 X143.824 Y142.649 E11.74764
G1 X143.156 Y143.743 E11.79027
G1 X142.964 Y144.017 E11.8014
G1 X142.414 Y144.733 E11.83143
G1 X141.535 Y145.664 E11.87402
G1 X141.328 Y145.858 E11.88345
G1 X140.596 Y146.483 E11.91547
G1 X139.59 Y147.179 E11.95615
G1 X139.299 Y147.355 E11.96746
G1 X138.469 Y147.809 E11.99893
G1 X137.264 Y148.311 E12.04235
G1 X136.943 Y148.421 E12.05363
G1 X136.038 Y148.688 E12.08502
G1 X134.908 Y148.903 E12.12327
G1 X134.146 Y148.985 E12.14876
G1 X133.518 Y149.023 E12.16969
G1 X133.018 Y149.036 E12.18633
G1 X128.601 Y149.037 E12.33324
G1 X127.744 Y149.026 E12.36174
G1 X127.095 Y148.996 E12.38335
G1 X126.253 Y148.898 E12.41154
G1 X125.544 Y148.787 E12.43541
G1 X122.981 Y148.422 E12.52152
G1 X120.446 Y148.134 E12.60638
G1 X117.939 Y147.918 E12.69007
G1 X115.413 Y147.776 E12.77422
G1 X112.874 Y147.703 E12.8587
G1 X110.362 Y147.703 E12.94225
G1 X107.827 Y147.774 E13.0266
G1 X105.323 Y147.915 E13.11001
G1 X102.764 Y148.131 E13.19543
G1 X100.286 Y148.413 E13.27838
G1 X96.781 Y148.92 E13.39617
G1 X96.127 Y148.986 E13.41803
G1 X95.518 Y149.023 E13.43832
G1 X95.018 Y149.036 E13.45496
G1 X90.601 Y149.037 E13.60187
G1 X89.739 Y149.025 E13.63054
G1 X88.802 Y148.969 E13.66176
G1 X87.874 Y148.83 E13.69297
G1 X86.996 Y148.619 E13.723
G1 X86.125 Y148.345 E13.75337
G1 X85.284 Y148.016 E13.78341
G1 X84.423 Y147.589 E13.81537
G1 X84.15 Y147.437 E13.82577
G1 X83.347 Y146.942 E13.85714
G1 X82.378 Y146.199 E13.89776
G1 X82.108 Y145.966 E13.90962
G1 X81.451 Y145.346 E13.93966
G1 X80.589 Y144.341 E13.9837
G1 X80.353 Y144.029 E13.99671
G1 X79.841 Y143.285 E14.02675
G1 X79.363 Y142.437 E14.05913
G1 X78.979 Y141.588 E14.09012
G1 X78.79 Y141.078 E14.10821
G1 X78.535 Y140.303 E14.13535
G1 X78.294 Y139.369 E14.16743
G1 X78.146 Y138.478 E14.19747
G1 X78.078 Y137.366 E14.23452
G1 X78.069 Y137.34 E14.23544
G1 X78.057 Y136.41 E14.26637
G1 X78.058 Y100.337 E15.46617
G1 X78.069 Y99.633 E15.48958
G1 X78.125 Y98.696 E15.5208
G1 X78.251 Y97.836 E15.54971
G1 X78.414 Y97.028 E15.57713
G1 X78.665 Y96.123 E15.60836
G1 X78.996 Y95.242 E15.63967
G1 X79.448 Y94.311 E15.67409
G1 X79.653 Y93.938 E15.68824
G1 X80.146 Y93.132 E15.71967
G1 X80.908 Y92.136 E15.76138
G1 X81.103 Y91.91 E15.77131
G1 X81.723 Y91.253 E15.80135
G0 F9000 X82.014 Y91.528
G1 F1800 X82.958 Y90.718 E15.84273
G1 X83.205 Y90.531 E15.85303
G1 X83.949 Y90.018 E15.88309
G1 X85.036 Y89.426 E15.92425
G1 X85.32 Y89.293 E15.93469
G1 X86.154 Y88.946 E15.96473
G1 X87.336 Y88.595 E16.00574
G1 X87.65 Y88.522 E16.01646
G1 X88.538 Y88.357 E16.0465
G1 X89.759 Y88.259 E16.08724
G1 X90.974 Y88.237 E16.12766
G1 X94.603 Y88.237 E16.24836
G1 X95.447 Y88.248 E16.27644
G1 X95.994 Y88.271 E16.29465
G1 X96.897 Y88.371 E16.32486
G1 X97.688 Y88.495 E16.35149
G1 X100.262 Y88.862 E16.43797
G1 X102.76 Y89.146 E16.52159
G1 X105.284 Y89.361 E16.60584
G1 X107.844 Y89.506 E16.69112
G1 X110.383 Y89.579 E16.77561
G1 X112.917 Y89.579 E16.85989
G1 X115.444 Y89.508 E16.94397
G1 X117.985 Y89.364 E17.02862
G1 X120.535 Y89.148 E17.11374
G1 X123.021 Y88.866 E17.19695
G1 X126.497 Y88.357 E17.3138
G1 X127.711 Y88.26 E17.3543
G1 X128.974 Y88.237 E17.39632
G1 X132.753 Y88.238 E17.52201
G1 X133.435 Y88.248 E17.54469
G1 X134.336 Y88.301 E17.57471
G1 X135.161 Y88.421 E17.60244
G1 X135.715 Y88.527 E17.6212
G1 X136.125 Y88.622 E17.6352
G1 X136.531 Y88.732 E17.64919
G1 X136.99 Y88.879 E17.66522
G1 X137.548 Y89.091 E17.68507
G1 X138.164 Y89.361 E17.70744
G1 X138.966 Y89.778 E17.73751
G1 X139.669 Y90.222 E17.76516
G1 X139.944 Y90.412 E17.77628
G1 X140.664 Y90.958 E17.80633
G1 X141.617 Y91.86 E17.84998
G1 X141.828 Y92.087 E17.86029
G1 X142.413 Y92.775 E17.89032
G1 X143.082 Y93.748 E17.9296
G1 X143.283 Y94.08 E17.9425
G1 X143.717 Y94.873 E17.97257
G1 X144.078 Y95.701 E18.00261
G1 X144.364 Y96.557 E18.03263
G1 X144.504 Y97.099 E18.05125
G1 X144.631 Y97.681 E18.07106
G1 X144.772 Y98.573 E18.1011
G1 X144.834 Y99.512 E18.1324
G1 X144.857 Y100.761 E18.17395
G1 X144.856 Y136.519 E19.36326
G1 X144.847 Y137.181 E19.38528
G1 X144.795 Y138.082 E19.4153
G1 X144.665 Y138.963 E19.44492
G1 X144.595 Y139.328 E19.45728
G1 X144.386 Y140.207 E19.48733
G1 X143.981 Y141.36 E19.52798
G1 X143.87 Y141.624 E19.5375
G1 X143.483 Y142.441 E19.56757
G1 X142.828 Y143.514 E19.60938
G1 X142.647 Y143.773 E19.61989
G1 X142.097 Y144.489 E19.64992
G1 X141.261 Y145.372 E19.69037
G1 X141.054 Y145.566 E19.6998
G1 X140.368 Y146.154 E19.72985
G1 X139.382 Y146.837 E19.76975
G1 X139.106 Y147.005 E19.78049
G1 X138.315 Y147.44 E19.81052
G1 X137.133 Y147.933 E19.85311
G1 X136.829 Y148.038 E19.86381
G1 X135.963 Y148.295 E19.89386
G1 X134.865 Y148.505 E19.93104
G1 X134.103 Y148.587 E19.95653
G1 X133.507 Y148.623 E19.97639
G1 X133.018 Y148.636 E19.99266
G1 X128.606 Y148.637 E20.1394
G1 X127.762 Y148.626 E20.16748
G1 X127.113 Y148.596 E20.18908
G1 X126.315 Y148.503 E20.21581
G1 X125.6 Y148.391 E20.23988
G1 X123.037 Y148.026 E20.32598
G1 X120.48 Y147.735 E20.41158
G1 X117.973 Y147.52 E20.49527
G1 X115.424 Y147.376 E20.58018
G1 X112.885 Y147.303 E20.66466
G1 X110.351 Y147.303 E20.74895
G1 X107.816 Y147.374 E20.83329
G1 X105.289 Y147.516 E20.91747
G1 X102.73 Y147.733 E21.00289
G1 X100.229 Y148.017 E21.08661
G1 X96.74 Y148.522 E21.20386
G1 X96.103 Y148.587 E21.22516
G1 X95.507 Y148.623 E21.24502
G1 X95.018 Y148.636 E21.26129
G1 X90.606 Y148.637 E21.40803
G1 X89.762 Y148.626 E21.43611
G1 X88.86 Y148.573 E21.46616
G1 X87.967 Y148.441 E21.49618
G1 X87.089 Y148.23 E21.52622
G1 X86.271 Y147.972 E21.55475
G1 X85.43 Y147.643 E21.58478
G1 X84.617 Y147.239 E21.61498
G1 X84.359 Y147.096 E21.62479
G1 X83.59 Y146.624 E21.6548
G1 X82.639 Y145.896 E21.69463
G1 X82.383 Y145.675 E21.70588
G1 X81.726 Y145.055 E21.73593
G1 X80.908 Y144.1 E21.77775
G1 X80.683 Y143.802 E21.79017
G1 X80.171 Y143.058 E21.82021
G1 X79.727 Y142.272 E21.85023
G1 X79.354 Y141.449 E21.88029
G1 X79.17 Y140.953 E21.89788
G1 X78.915 Y140.178 E21.92502
G1 X78.689 Y139.303 E21.95508
G1 X78.541 Y138.412 E21.98512
G1 X78.477 Y137.335 E22.021
G1 X78.469 Y137.335 E22.02127
G1 X78.457 Y136.41 E22.05204
G1 X78.458 Y100.343 E23.25163
G1 X78.468 Y99.656 E23.27448
G1 X78.521 Y98.754 E23.30453
G1 X78.643 Y97.915 E23.33273
G1 X78.8 Y97.134 E23.35923
G1 X79.04 Y96.263 E23.38928
G1 X79.356 Y95.417 E23.41931
G1 X79.808 Y94.486 E23.45374
G1 X79.995 Y94.146 E23.46664
G1 X80.464 Y93.375 E23.49666
G1 X81.211 Y92.397 E23.53759
G1 X81.394 Y92.185 E23.5469
G1 X82.014 Y91.528 E23.57695
G1 F2400 E22.77695
;MESH:Camera mount.stl(1)
G0 F9000 X90.69 Y101.269
G0 X92.554 Y104.54
;TYPE:WALL-INNER
G1 F2400 E23.57695
G1 F1800 X92.105 Y104.467 E23.59208
G1 X91.669 Y104.294 E23.60768
G1 X91.202 Y103.978 E23.62643
G1 X90.787 Y103.429 E23.64932
G1 X90.6 Y102.872 E23.66887
G1 X90.539 Y102.31 E23.68767
G1 X90.66 Y101.767 E23.70617
G1 X90.895 Y101.256 E23.72488
G1 X91.285 Y100.839 E23.74387
G1 X91.661 Y100.582 E23.75902
G1 X92.182 Y100.371 E23.77771
G1 X92.732 Y100.336 E23.79604
G1 X93.202 Y100.403 E23.81183
G1 X93.643 Y100.578 E23.82761
G1 X94.1 Y100.886 E23.84594
G1 X94.524 Y101.435 E23.86901
G1 X94.71 Y101.975 E23.88801
G1 X94.761 Y102.426 E23.90311
G1 X94.701 Y102.977 E23.92154
G1 X94.419 Y103.613 E23.94468
G1 X94.027 Y104.033 E23.96379
G1 X93.652 Y104.289 E23.97889
G1 X93.135 Y104.497 E23.99743
G1 X92.554 Y104.54 E24.0168
G1 F2400 E23.2168
G0 F9000 X92.765 Y130.151
G0 X92.545 Y134.538
G1 F2400 E24.0168
G1 F1800 X92.105 Y134.467 E24.03163
G1 X91.669 Y134.294 E24.04723
G1 X91.202 Y133.978 E24.06598
G1 X90.787 Y133.429 E24.08887
G1 X90.6 Y132.872 E24.10841
G1 X90.539 Y132.31 E24.12722
G1 X90.66 Y131.767 E24.14572
G1 X90.896 Y131.256 E24.16444
G1 X91.287 Y130.837 E24.1835
G1 X91.659 Y130.584 E24.19846
G1 X92.197 Y130.365 E24.21778
G1 X92.789 Y130.338 E24.23749
G1 X93.206 Y130.405 E24.25154
G1 X93.643 Y130.578 E24.26717
G1 X94.112 Y130.895 E24.286
G1 X94.529 Y131.45 E24.30909
G1 X94.709 Y131.974 E24.32752
G1 X94.756 Y132.43 E24.34277
G1 X94.698 Y132.996 E24.36169
G1 X94.419 Y133.613 E24.38421
G1 X94.025 Y134.035 E24.40341
G1 X93.655 Y134.288 E24.41832
G1 X93.123 Y134.502 E24.43739
G1 X92.545 Y134.538 E24.45666
G1 F2400 E23.65666
G0 F9000 X93.17 Y134.678
G0 X93.17 Y137.636
G0 X95.087 Y137.836
G1 F2400 E24.45666
G1 F1800 X95.176 Y137.836 E24.45962
G1 X95.55 Y137.76 E24.47231
G1 X95.835 Y137.548 E24.48412
G1 X95.967 Y137.37 E24.49149
G1 X96.056 Y137.096 E24.50108
G1 X96.06 Y132.362 E24.65853
G1 X96.156 Y132.102 E24.66775
G1 X96.36 Y131.913 E24.677
G1 X96.656 Y131.836 E24.68717
G1 X97.456 Y131.836 E24.71378
G1 X97.056 Y131.436 E24.73259
G1 X97.056 Y103.436 E25.66388
G1 X97.393 Y103.035 E25.6813
G1 X96.656 Y103.036 E25.70581
G1 X96.359 Y102.958 E25.71602
G1 X96.212 Y102.84 E25.72229
G1 X96.107 Y102.68 E25.72866
G1 X96.058 Y102.494 E25.73506
G1 X96.056 Y99.827 E25.82376
G1 X96.004 Y99.582 E25.83209
G1 X95.772 Y99.254 E25.84545
G1 X95.472 Y99.083 E25.85694
G1 X95.243 Y99.036 E25.86472
G1 X90.047 Y99.036 E26.03753
G1 X89.851 Y99.078 E26.0442
G1 X89.54 Y99.254 E26.05609
G1 X89.312 Y99.576 E26.06921
G1 X89.256 Y99.846 E26.07838
G1 X89.256 Y137.097 E27.31735
G1 X89.346 Y137.372 E27.32698
G1 X89.473 Y137.548 E27.3342
G1 X89.764 Y137.761 E27.34619
G1 X89.992 Y137.836 E27.35417
G1 X95.087 Y137.836 E27.52364
G1 F2400 E26.72364
G0 F9000 X95.522 Y137.646
G0 X96.208 Y137.121
G0 X96.219 Y131.999
G0 X127.095 Y131.999
G0 X127.343 Y137.107
G0 X127.877 Y137.676
G0 X128.068 Y137.836
G1 F2400 E27.52364
G1 F1800 X133.176 Y137.836 E27.69353
G1 X133.55 Y137.76 E27.70622
G1 X133.84 Y137.547 E27.71819
G1 X134.013 Y137.242 E27.72985
G1 X134.056 Y137.041 E27.73669
G1 X134.056 Y99.827 E28.97443
G1 X134.004 Y99.582 E28.98276
G1 X133.772 Y99.254 E28.99612
G1 X133.472 Y99.083 E29.00761
G1 X133.243 Y99.036 E29.01538
G1 X128.047 Y99.036 E29.1882
G1 X127.851 Y99.078 E29.19487
G1 X127.54 Y99.254 E29.20676
G1 X127.312 Y99.576 E29.21988
G1 X127.256 Y99.846 E29.22905
G1 X127.256 Y102.471 E29.31636
G1 X127.152 Y102.774 E29.32701
G1 X126.953 Y102.959 E29.33605
G1 X126.656 Y103.036 E29.34625
G1 X125.856 Y103.036 E29.37286
G1 X126.256 Y103.436 E29.39168
G1 X126.256 Y131.436 E30.32296
G1 X125.919 Y131.837 E30.34038
G1 X126.656 Y131.836 E30.3649
G1 X126.953 Y131.914 E30.37511
G1 X127.157 Y132.105 E30.3844
G1 X127.256 Y132.317 E30.39219
G1 X127.257 Y137.097 E30.55117
G1 X127.346 Y137.375 E30.56088
G1 X127.654 Y137.709 E30.57599
G1 X128.068 Y137.836 E30.59039
G1 F2400 E29.79039
G0 F9000 X127.877 Y137.676
G0 X130.545 Y137.636
G0 X130.536 Y134.72
G0 X130.545 Y134.538
G1 F2400 E30.59039
G1 F1800 X130.105 Y134.467 E30.60522
G1 X129.669 Y134.294 E30.62082
G1 X129.202 Y133.978 E30.63957
G1 X128.787 Y133.429 E30.66246
G1 X128.6 Y132.872 E30.682
G1 X128.537 Y132.321 E30.70045
G1 X128.66 Y131.767 E30.71932
G1 X128.896 Y131.256 E30.73805
G1 X129.285 Y130.839 E30.75701
G1 X129.659 Y130.584 E30.77207
G1 X130.173 Y130.375 E30.79052
G1 X130.752 Y130.332 E30.80983
G1 X131.208 Y130.405 E30.82519
G1 X131.643 Y130.578 E30.84076
G1 X132.112 Y130.895 E30.85959
G1 X132.525 Y131.437 E30.88226
G1 X132.711 Y131.978 E30.90128
G1 X132.756 Y132.424 E30.91619
G1 X132.698 Y132.996 E30.93532
G1 X132.419 Y133.613 E30.95784
G1 X132.025 Y134.035 E30.97704
G1 X131.655 Y134.288 E30.99195
G1 X131.123 Y134.502 E31.01102
G1 X130.545 Y134.538 E31.03028
G1 F2400 E30.23028
G0 F9000 X129.744 Y134.163
G0 X129.307 Y133.868
G0 X128.923 Y133.361
G0 X128.753 Y132.867
G0 X128.693 Y132.339
G0 X128.807 Y131.815
G0 X129.024 Y131.343
G0 X129.385 Y130.956
G0 X130.762 Y130.151
G0 X130.551 Y104.721
G0 X130.526 Y104.534
G1 F2400 E31.03028
G1 F1800 X130.105 Y104.467 E31.04446
G1 X129.669 Y104.294 E31.06006
G1 X129.202 Y103.978 E31.07882
G1 X128.795 Y103.44 E31.10125
G1 X128.603 Y102.907 E31.1201
G1 X128.539 Y102.31 E31.14007
G1 X128.66 Y101.767 E31.15857
G1 X128.895 Y101.256 E31.17728
G1 X129.285 Y100.839 E31.19627
G1 X129.661 Y100.582 E31.21141
G1 X130.181 Y100.371 E31.23008
G1 X130.749 Y100.332 E31.24902
G1 X131.208 Y100.405 E31.26447
G1 X131.643 Y100.578 E31.28004
G1 X132.1 Y100.886 E31.29837
G1 X132.524 Y101.435 E31.32145
G1 X132.711 Y101.978 E31.34055
G1 X132.756 Y102.424 E31.35546
G1 X132.698 Y102.996 E31.37458
G1 X132.419 Y103.613 E31.3971
G1 X132.025 Y104.035 E31.4163
G1 X131.654 Y104.288 E31.43124
G1 X131.11 Y104.507 E31.45074
G1 X130.526 Y104.534 E31.47019
G0 F9000 X130.564 Y104.136
;TYPE:WALL-OUTER
G1 F1800 X130.231 Y104.082 E31.48141
G1 X129.84 Y103.926 E31.49541
G1 X129.479 Y103.682 E31.5099
G1 X129.143 Y103.231 E31.52861
G1 X128.993 Y102.792 E31.54404
G1 X128.944 Y102.356 E31.55863
G1 X129.036 Y101.916 E31.57358
G1 X129.232 Y101.481 E31.58945
G1 X129.567 Y101.13 E31.60559
G1 X129.868 Y100.93 E31.61761
G1 X130.293 Y100.762 E31.63281
G1 X130.724 Y100.736 E31.64717
G1 X131.08 Y100.79 E31.65914
G1 X131.472 Y100.946 E31.67318
G1 X131.838 Y101.198 E31.68796
G1 X132.167 Y101.627 E31.70594
G1 X132.31 Y102.042 E31.72054
G1 X132.356 Y102.424 E31.73334
G1 X132.31 Y102.871 E31.74828
G1 X132.082 Y103.389 E31.7671
G1 X131.745 Y103.742 E31.78334
G1 X131.481 Y103.922 E31.79396
G1 X131.026 Y104.11 E31.81034
G1 X130.564 Y104.136 E31.82573
G1 F2400 E31.02573
G0 F9000 X130.516 Y104.44
G0 X130.551 Y104.721
G0 X130.762 Y130.151
G0 X130.551 Y134.134
G1 F2400 E31.82573
G1 F1800 X130.231 Y134.082 E31.83651
G1 X129.84 Y133.926 E31.85051
G1 X129.479 Y133.683 E31.86499
G1 X129.145 Y133.24 E31.88344
G1 X128.994 Y132.803 E31.89882
G1 X128.941 Y132.343 E31.91422
G1 X129.036 Y131.916 E31.92877
G1 X129.231 Y131.482 E31.94459
G1 X129.567 Y131.13 E31.96078
G1 X129.868 Y130.93 E31.9728
G1 X130.285 Y130.764 E31.98773
G1 X130.756 Y130.738 E32.00342
G1 X131.08 Y130.79 E32.01433
G1 X131.472 Y130.946 E32.02836
G1 X131.834 Y131.19 E32.04288
G1 X132.168 Y131.628 E32.0612
G1 X132.31 Y132.042 E32.07576
G1 X132.356 Y132.424 E32.08856
G1 X132.31 Y132.871 E32.1035
G1 X132.082 Y133.389 E32.12233
G1 X131.745 Y133.742 E32.13856
G1 X131.481 Y133.922 E32.14919
G1 X131.015 Y134.11 E32.1659
G1 X130.551 Y134.134 E32.18135
G1 F2400 E31.38135
G0 F9000 X130.503 Y134.438
G0 X129.888 Y134.215
G0 X128.627 Y133.517
G0 X127.087 Y133.517
G0 X111.433 Y132.185
G1 F2400 E32.18135
G1 F1428.6 X125.743 Y132.184 E32.78105
G1 F1506.3 X126.743 Y132.241 E32.82086
G1 F1690.1 X126.856 Y132.395 E32.82763
G1 F1800 X126.857 Y137.16 E32.98611
G1 X126.985 Y137.559 E33.00005
G1 X127.173 Y137.816 E33.01064
G1 X127.434 Y138.049 E33.02228
G1 X127.709 Y138.172 E33.0323
G1 X128.028 Y138.236 E33.04312
G1 X133.197 Y138.236 E33.21504
G1 X133.466 Y138.207 E33.22404
G1 X133.714 Y138.128 E33.2327
G1 X133.937 Y137.997 E33.2413
G1 X134.138 Y137.817 E33.25027
G1 X134.285 Y137.615 E33.25858
G1 X134.396 Y137.366 E33.26765
G1 X134.456 Y137.083 E33.27727
G1 X134.456 Y99.785 E34.51781
G1 X134.382 Y99.437 E34.52964
G1 X134.217 Y99.15 E34.54065
G1 X134.041 Y98.954 E34.54941
G1 X133.836 Y98.807 E34.5578
G1 X133.594 Y98.7 E34.5666
G1 X133.283 Y98.636 E34.57716
G1 X128.005 Y98.636 E34.75271
G1 X127.727 Y98.696 E34.76217
G1 X127.476 Y98.807 E34.7713
G1 X127.271 Y98.954 E34.77969
G1 X127.096 Y99.15 E34.78843
G1 X126.934 Y99.432 E34.79925
G1 X126.856 Y99.805 E34.81192
G1 X126.856 Y102.448 E34.89983
G1 X126.822 Y102.549 E34.90337
G1 F1694.1 X126.732 Y102.632 E34.9077
G1 F1515.8 X125.656 Y102.686 E34.95025
G1 F1434.3 X97.569 Y102.688 E36.12264
G1 F1506.3 X96.577 Y102.631 E36.16213
G1 F1690.1 X96.489 Y102.548 E36.16642
G1 F1800 X96.456 Y102.453 E36.16976
G1 X96.456 Y99.785 E36.2585
G1 X96.382 Y99.437 E36.27034
G1 X96.217 Y99.15 E36.28135
G1 X96.041 Y98.954 E36.29011
G1 X95.836 Y98.807 E36.2985
G1 X95.594 Y98.7 E36.3073
G1 X95.283 Y98.636 E36.31786
G1 X90.005 Y98.636 E36.49341
G1 X89.727 Y98.696 E36.50287
G1 X89.476 Y98.807 E36.51199
G1 X89.271 Y98.954 E36.52038
G1 X89.096 Y99.15 E36.52912
G1 X88.934 Y99.432 E36.53994
G1 X88.856 Y99.805 E36.55261
G1 X88.856 Y137.16 E37.79505
G1 X88.985 Y137.556 E37.8089
G1 X89.174 Y137.817 E37.81962
G1 X89.375 Y137.997 E37.82859
G1 X89.599 Y138.128 E37.83722
G1 X89.928 Y138.236 E37.84874
G1 X95.197 Y138.236 E38.02399
G1 X95.466 Y138.207 E38.03299
G1 X95.714 Y138.128 E38.04164
G1 X95.936 Y137.998 E38.0502
G1 X96.134 Y137.817 E38.05912
G1 X96.327 Y137.555 E38.06994
G1 X96.456 Y137.16 E38.08376
G1 X96.457 Y132.411 E38.24172
G1 F1694.1 X96.58 Y132.24 E38.24916
G1 F1515.8 X97.656 Y132.186 E38.29171
G1 F1437.1 X111.433 Y132.185 E38.86564
G0 F9000 X111.441 Y131.686
G1 F1440 X97.656 Y131.686 E39.43875
G1 F1600 X97.456 Y131.436 E39.45073
G1 F1800 X97.456 Y103.436 E40.38202
G1 F1592.9 X97.612 Y103.187 E40.39306
G1 F1434.3 X125.656 Y103.186 E41.56366
G1 F1600 X125.856 Y103.436 E41.57564
G1 F1800 X125.856 Y131.436 E42.50692
G1 F1592.9 X125.7 Y131.685 E42.51796
G1 F1431.4 X111.441 Y131.686 E43.11434
G1 F2400 E42.31434
G0 F9000 X111.441 Y131.947
G0 X96.219 Y131.999
G0 X95.878 Y134.443
G0 X94.14 Y134.175
G0 X92.551 Y134.134
G1 F2400 E43.11434
G1 F1800 X92.231 Y134.082 E43.12512
G1 X91.84 Y133.926 E43.13913
G1 X91.479 Y133.683 E43.1536
G1 X91.145 Y133.24 E43.17205
G1 X90.994 Y132.803 E43.18743
G1 X90.944 Y132.356 E43.20239
G1 X91.036 Y131.916 E43.21734
G1 X91.232 Y131.481 E43.23321
G1 X91.567 Y131.13 E43.24935
G1 X91.868 Y130.93 E43.26137
G1 X92.282 Y130.762 E43.27623
G1 X92.751 Y130.736 E43.29185
G1 X93.081 Y130.79 E43.30297
G1 X93.472 Y130.946 E43.31697
G1 X93.834 Y131.19 E43.33149
G1 X94.161 Y131.622 E43.34952
G1 X94.31 Y132.042 E43.36434
G1 X94.356 Y132.426 E43.3772
G1 X94.31 Y132.871 E43.39208
G1 X94.082 Y133.389 E43.4109
G1 X93.745 Y133.742 E43.42714
G1 X93.481 Y133.922 E43.43776
G1 X93.015 Y134.11 E43.45448
G1 X92.551 Y134.134 E43.46993
G1 F2400 E42.66993
G0 F9000 X92.503 Y134.438
G0 X91.744 Y134.163
G0 X91.307 Y133.868
G0 X90.923 Y133.361
G0 X90.753 Y132.867
G0 X90.693 Y132.339
G0 X90.807 Y131.815
G0 X91.024 Y131.343
G0 X91.385 Y130.956
G0 X92.765 Y130.151
G0 X92.545 Y104.721
G0 X92.551 Y104.134
G1 F2400 E43.46993
G1 F1800 X92.231 Y104.082 E43.48071
G1 X91.84 Y103.926 E43.49471
G1 X91.479 Y103.683 E43.50919
G1 X91.145 Y103.24 E43.52764
G1 X90.994 Y102.803 E43.54302
G1 X90.944 Y102.356 E43.55798
G1 X91.036 Y101.916 E43.57293
G1 X91.232 Y101.481 E43.5888
G1 X91.567 Y101.13 E43.60494
G1 X91.868 Y100.93 E43.61696
G1 X92.293 Y100.762 E43.63216
G1 X92.765 Y100.738 E43.64788
G1 X93.081 Y100.79 E43.65853
G1 X93.472 Y100.946 E43.67253
G1 X93.838 Y101.198 E43.68731
G1 X94.167 Y101.627 E43.70529
G1 X94.31 Y102.042 E43.71989
G1 X94.356 Y102.443 E43.73331
G1 X94.305 Y102.891 E43.74831
G1 X94.081 Y103.39 E43.7665
G1 X93.745 Y103.742 E43.78269
G1 X93.443 Y103.942 E43.79474
G1 X93.022 Y104.108 E43.80979
G1 X92.551 Y104.134 E43.82548
G1 F2400 E43.02548
G0 F9000 X92.503 Y104.438
G0 X93.155 Y104.684
G0 X95.861 Y132.338
G0 X95.087 Y137.476
;TYPE:SKIN
G1 F2400 E43.82548
G1 F1800 X90.054 Y137.476 E43.99287
G1 X89.914 Y137.428 E43.9978
G1 X89.737 Y137.297 E44.00512
G1 X89.616 Y137.036 E44.01469
G1 X89.616 Y133.715 E44.12515
G1 F1614.3 X89.661 Y133.117 E44.14739
G1 F1422.9 X89.675 Y133.029 E44.15114
G1 F1434.3 X89.659 Y132.189 E44.1862
G1 F1625.3 X89.616 Y131.59 E44.20833
G1 F1800 X89.616 Y103.715 E45.13545
G1 F1614.3 X89.661 Y103.117 E45.15769
G1 F1422.9 X89.675 Y103.029 E45.16144
G1 F1434.3 X89.659 Y102.189 E45.19651
G1 F1625.3 X89.616 Y101.59 E45.21863
G1 F1800 X89.616 Y99.878 E45.27557
G1 X89.652 Y99.714 E45.28116
G1 X89.783 Y99.524 E45.28883
G1 X90.01 Y99.396 E45.2975
G1 X91.339 Y99.396 E45.3417
G1 F1636.4 X91.94 Y99.437 E45.36374
G1 F1448.7 X92.052 Y99.452 E45.36841
G1 F1437.1 X92.75 Y99.44 E45.39749
G1 F1411.8 X93.333 Y99.461 E45.42223
G1 F1409 X93.447 Y99.442 E45.42714
G1 F1614.3 X93.95 Y99.396 E45.44588
G1 F1800 X95.204 Y99.396 E45.48758
G1 X95.356 Y99.426 E45.49274
G1 X95.526 Y99.524 E45.49926
G1 X95.665 Y99.719 E45.50723
G1 X95.696 Y99.862 E45.51209
G1 X95.696 Y101.277 E45.55916
G1 F1629 X95.655 Y101.755 E45.57679
G1 F1440 X95.637 Y101.87 E45.58163
G1 F1428.6 X95.651 Y102.508 E45.60837
G1 F1614.3 X95.791 Y102.853 E45.62218
G1 F1800 X95.966 Y103.105 E45.63239
G1 X96.178 Y103.271 E45.64134
G1 X96.696 Y103.414 E45.65921
G1 X96.696 Y131.462 E46.59209
G1 X96.193 Y131.591 E46.60937
G1 X95.854 Y131.896 E46.62453
G1 F1632.7 X95.659 Y132.34 E46.64231
G1 F1428.6 X95.636 Y133.127 E46.67531
G1 X95.658 Y133.262 E46.68104
G1 F1632.7 X95.698 Y133.863 E46.70313
G1 F1800 X95.696 Y137.033 E46.80856
G1 X95.639 Y137.193 E46.81421
G1 X95.478 Y137.379 E46.8224
G1 X95.261 Y137.476 E46.8303
G1 X95.087 Y137.476 E46.83609
G1 F2400 E46.03609
G0 F9000 X95.522 Y137.646
G0 X92.54 Y137.636
G0 X92.536 Y134.72
G0 X92.536 Y134.896
G1 F2400 E46.83609
G1 F1800 X93.211 Y134.854 E46.85858
G1 X93.8 Y134.614 E46.87974
G1 X94.275 Y134.293 E46.8988
G1 X94.611 Y133.933 E46.91518
G1 X94.772 Y133.695 E46.92474
G1 F1632.7 X95.072 Y133.136 E46.948
G1 F1428.6 X95.113 Y133.082 E46.95084
G1 F1414.5 X95.162 Y132.406 E46.97953
G1 F1545.1 X95.112 Y132.19 E46.98812
G1 F1714.3 X95.059 Y131.895 E46.99859
G1 F1800 X94.828 Y131.241 E47.02166
G1 X94.359 Y130.627 E47.04736
G1 X93.833 Y130.27 E47.0685
G1 X93.327 Y130.062 E47.0867
G1 X92.788 Y129.97 E47.10488
G1 X92.27 Y130 E47.12214
G1 X91.964 Y130.066 E47.13255
G1 X91.504 Y130.254 E47.14908
G1 X91.07 Y130.547 E47.1665
G1 X90.585 Y131.057 E47.1899
G1 X90.325 Y131.628 E47.21077
G1 F1651.4 X90.132 Y132.266 E47.23494
G1 F1545.1 X90.186 Y132.965 E47.2621
G1 F1674.4 X90.483 Y133.624 E47.28795
G1 F1800 X90.843 Y134.104 E47.3079
G1 X91.061 Y134.317 E47.31804
G1 X91.518 Y134.623 E47.33633
G1 X91.986 Y134.807 E47.35306
G1 X92.536 Y134.896 E47.37159
G1 F2400 E46.57159
G0 F9000 X92.54 Y134.64
G0 X91.307 Y133.868
G0 X90.923 Y133.361
G0 X90.753 Y132.867
G0 X90.693 Y132.339
G0 X90.807 Y131.815
G0 X91.024 Y131.343
G0 X91.385 Y130.956
G0 X92.765 Y130.151
G0 X92.545 Y104.721
G0 X92.511 Y104.898
G1 F2400 E47.37159
G1 F1800 X93.191 Y104.858 E47.39425
G1 X93.798 Y104.618 E47.41596
G1 X94.275 Y104.297 E47.43508
G1 X94.722 Y103.817 E47.45689
G1 X95.034 Y103.123 E47.4822
G1 F1791 X95.077 Y102.85 E47.49144
G1 F1585.9 X95.168 Y102.452 E47.50685
G1 F1409 X95.121 Y101.899 E47.53043
G1 F1475.4 X94.808 Y101.216 E47.56092
G1 F1674.4 X94.343 Y100.616 E47.58806
G1 F1800 X93.829 Y100.266 E47.60874
G1 F1666.7 X93.267 Y99.983 E47.63135
G1 F1506.3 X92.82 Y99.929 E47.64924
G1 F1434.3 X92.096 Y99.959 E47.67949
G1 F1578.9 X91.471 Y100.274 E47.70603
G1 F1800 X91.071 Y100.546 E47.72211
G1 X90.702 Y100.93 E47.73983
G1 X90.541 Y101.164 E47.74927
G1 X90.326 Y101.628 E47.76628
G1 F1651.4 X90.132 Y102.266 E47.79046
G1 F1545.1 X90.186 Y102.965 E47.81762
G1 F1674.4 X90.483 Y103.624 E47.84347
G1 F1800 X90.843 Y104.104 E47.86342
G1 X91.061 Y104.317 E47.87356
G1 X91.518 Y104.623 E47.89185
G1 X91.986 Y104.807 E47.90858
G1 X92.511 Y104.898 E47.9263
G1 F2400 E47.1263
G0 F9000 X92.552 Y104.641
G0 X93.58 Y104.158
G0 X93.929 Y103.919
G0 X94.29 Y103.531
G0 X94.553 Y102.958
G0 X94.609 Y102.427
G0 X94.222 Y100.75
G0 X94.222 Y99.236
G0 X95.071 Y99.596
G1 F2400 E47.9263
G1 F1800 X95.496 Y100.022 E47.94632
G0 F9000 X95.496 Y100.587
G1 F1800 X94.505 Y99.596 E47.99293
G0 F9000 X93.941 Y99.598
G1 F1800 X95.496 Y101.153 E48.06607
G0 F9000 X95.047 Y101.27
G1 F1800 X95.431 Y101.654 E48.08413
G0 F9000 X95.959 Y101.654
G0 X95.859 Y102.514
G0 X94.942 Y102.427
G0 X95.34 Y102.694
G1 F1800 X95.665 Y103.019 E48.09942
G0 F9000 X95.227 Y103.146
G1 F1800 X96.496 Y104.416 E48.15913
G0 F9000 X96.496 Y104.981
G1 F1800 X95.062 Y103.547 E48.22659
G0 F9000 X94.884 Y103.935
G1 F1800 X96.496 Y105.547 E48.30241
G0 F9000 X96.496 Y106.113
G1 F1800 X94.612 Y104.228 E48.39105
G0 F9000 X94.327 Y104.51
G1 F1800 X96.496 Y106.678 E48.49305
G0 F9000 X96.496 Y107.244
G1 F1800 X93.989 Y104.737 E48.61097
G0 F9000 X93.599 Y104.913
G1 F1800 X96.496 Y107.81 E48.74724
G0 F9000 X96.496 Y108.375
G1 F1800 X93.181 Y105.061 E48.90314
G0 F9000 X92.65 Y105.095
G1 F1800 X96.496 Y108.941 E49.08405
G0 F9000 X96.496 Y109.507
G1 F1800 X92.007 Y105.018 E49.29519
G1 F2400 E48.49519
G0 F9000 X92.08 Y104.565
G0 X91.184 Y104.185
G0 X89.456 Y104.185
G0 X89.816 Y105.09
G1 F2400 E49.29519
G1 F1800 X96.496 Y111.77 E49.6094
G0 F9000 X96.496 Y112.335
G1 F1800 X89.816 Y105.655 E49.92361
G0 F9000 X89.816 Y106.221
G1 F1800 X96.496 Y112.901 E50.23781
G0 F9000 X96.496 Y113.467
G1 F1800 X89.816 Y106.787 E50.55202
G0 F9000 X89.816 Y107.352
G1 F1800 X96.496 Y114.032 E50.86623
G0 F9000 X96.496 Y114.598
G1 F1800 X89.816 Y107.918 E51.18043
G0 F9000 X89.816 Y108.484
G1 F1800 X96.496 Y115.164 E51.49464
G0 F9000 X96.496 Y115.729
G1 F1800 X89.816 Y109.049 E51.80885
G0 F9000 X89.816 Y109.615
G1 F1800 X96.496 Y116.295 E52.12305
G0 F9000 X96.496 Y116.861
G1 F1800 X89.816 Y110.181 E52.43726
G0 F9000 X89.816 Y110.746
G1 F1800 X96.496 Y117.426 E52.75147
G0 F9000 X96.496 Y117.992
G1 F1800 X89.816 Y111.312 E53.06568
G0 F9000 X89.816 Y111.878
G1 F1800 X96.496 Y118.558 E53.37988
G0 F9000 X96.496 Y119.123
G1 F1800 X89.816 Y112.443 E53.69409
G0 F9000 X89.816 Y113.009
G1 F1800 X96.496 Y119.689 E54.0083
G0 F9000 X96.496 Y120.255
G1 F1800 X89.816 Y113.575 E54.3225
G0 F9000 X89.816 Y114.14
G1 F1800 X96.496 Y120.821 E54.63673
G0 F9000 X96.496 Y121.386
G1 F1800 X89.816 Y114.706 E54.95094
G0 F9000 X89.816 Y115.272
G1 F1800 X96.496 Y121.952 E55.26515
G0 F9000 X96.496 Y122.518
G1 F1800 X89.816 Y115.838 E55.57935
G0 F9000 X89.816 Y116.403
G1 F1800 X96.496 Y123.083 E55.89356
G0 F9000 X96.496 Y123.649
G1 F1800 X89.816 Y116.969 E56.20777
G0 F9000 X89.816 Y117.535
G1 F1800 X96.496 Y124.215 E56.52197
G0 F9000 X96.496 Y124.78
G1 F1800 X89.816 Y118.1 E56.83618
G0 F9000 X89.816 Y118.666
G1 F1800 X96.496 Y125.346 E57.15039
G0 F9000 X96.496 Y125.912
G1 F1800 X89.816 Y119.232 E57.46459
G0 F9000 X89.816 Y119.797
G1 F1800 X96.496 Y126.477 E57.7788
G0 F9000 X96.496 Y127.043
G1 F1800 X89.816 Y120.363 E58.09301
G0 F9000 X89.816 Y120.929
G1 F1800 X96.496 Y127.609 E58.40721
G0 F9000 X96.496 Y128.174
G1 F1800 X89.816 Y121.494 E58.72142
G0 F9000 X89.816 Y122.06
G1 F1800 X96.496 Y128.74 E59.03563
G0 F9000 X96.496 Y129.306
G1 F1800 X89.816 Y122.626 E59.34983
G0 F9000 X89.816 Y123.191
G1 F1800 X96.496 Y129.871 E59.66404
G0 F9000 X96.496 Y130.437
G1 F1800 X89.816 Y123.757 E59.97825
G0 F9000 X89.816 Y124.323
G1 F1800 X96.496 Y131.003 E60.29245
G0 F9000 X96.287 Y131.36
G1 F1800 X89.816 Y124.888 E60.59685
G0 F9000 X89.816 Y125.454
G1 F1800 X95.923 Y131.561 E60.88411
G0 F9000 X95.666 Y131.87
G1 F1800 X95.047 Y131.251 E60.91322
G0 F9000 X95.31 Y132.08
G1 F1800 X95.463 Y132.233 E60.92042
G0 F9000 X95.309 Y133.21
G1 F1800 X95.426 Y133.327 E60.92592
G0 F9000 X95.091 Y133.558
G1 F1800 X95.498 Y133.965 E60.94507
G0 F9000 X95.498 Y134.531
G1 F1800 X94.87 Y133.903 E60.97461
G0 F9000 X94.619 Y134.217
G1 F1800 X95.498 Y135.096 E61.01595
G0 F9000 X95.498 Y135.661
G1 F1800 X94.336 Y134.499 E61.07061
G0 F9000 X93.997 Y134.726
G1 F1800 X95.497 Y136.226 E61.14116
G0 F9000 X95.497 Y136.792
G1 F1800 X93.611 Y134.906 E61.22988
G0 F9000 X93.195 Y135.056
G1 F1800 X95.354 Y137.215 E61.33143
G0 F9000 X94.849 Y137.276
G1 F1800 X92.662 Y135.089 E61.4343
G0 F9000 X92.029 Y135.021
G1 F1800 X94.283 Y137.276 E61.54034
G0 F9000 X93.718 Y137.276
G1 F1800 X89.861 Y133.418 E61.72179
G0 F9000 X89.816 Y133.939
G1 F1800 X93.152 Y137.276 E61.87873
G0 F9000 X92.586 Y137.276
G1 F1800 X89.816 Y134.505 E62.00904
G0 F9000 X89.816 Y135.071
G1 F1800 X92.021 Y137.276 E62.11276
G0 F9000 X91.455 Y137.276
G1 F1800 X89.816 Y135.637 E62.18985
G0 F9000 X89.816 Y136.202
G1 F1800 X90.889 Y137.276 E62.24035
G0 F9000 X90.324 Y137.276
G1 F1800 X89.816 Y136.768 E62.26424
G1 F2400 E61.46424
G0 F9000 X89.704 Y137.595
G0 X89.456 Y131.987
G0 X90.381 Y132.193
G0 X90.018 Y131.879
G1 F2400 E62.26424
G1 F1800 X89.83 Y131.691 E62.27308
G0 F9000 X90.177 Y131.472
G1 F1800 X89.816 Y131.111 E62.29006
G0 F9000 X90.354 Y131.083
G1 F1800 X89.816 Y130.545 E62.31537
G0 F9000 X89.816 Y129.98
G1 F1800 X90.593 Y130.757 E62.35192
G0 F9000 X90.867 Y130.465
G1 F1800 X89.816 Y129.414 E62.40135
G0 F9000 X89.816 Y128.848
G1 F1800 X91.189 Y130.221 E62.46594
G0 F9000 X91.553 Y130.019
G1 F1800 X89.816 Y128.283 E62.54762
G0 F9000 X89.816 Y127.717
G1 F1800 X91.959 Y129.859 E62.64839
G0 F9000 X92.454 Y129.789
G1 F1800 X89.816 Y127.151 E62.77248
G0 F9000 X89.816 Y126.586
G1 F1800 X93.038 Y129.808 E62.92403
G0 F9000 X93.852 Y130.056
G1 F1800 X89.816 Y126.02 E63.11387
G1 F2400 E62.31387
G0 F9000 X89.356 Y126.02
G0 X89.417 Y137.071
G0 X89.594 Y137.441
G0 X90.018 Y137.675
G0 X95.307 Y137.675
G0 X95.602 Y137.544
G0 X95.82 Y137.296
G0 X96.023 Y132.013
G0 X97.092 Y131.651
G0 X96.956 Y111.204
G0 X96.496 Y111.204
G1 F2400 E63.11387
G1 F1800 X89.816 Y104.524 E63.42808
G0 F9000 X89.816 Y103.958
G1 F1800 X96.496 Y110.638 E63.74228
G0 F9000 X96.496 Y110.072
G1 F1800 X89.858 Y103.435 E64.05449
G1 F2400 E63.25449
G0 F9000 X89.356 Y103.435
G0 X89.456 Y102.001
G0 X90.378 Y102.206
G0 X90.014 Y101.893
G1 F2400 E64.05449
G1 F1800 X89.834 Y101.713 E64.06296
G0 F9000 X90.172 Y101.485
G1 F1800 X89.816 Y101.13 E64.07968
G0 F9000 X90.353 Y101.101
G1 F1800 X89.816 Y100.564 E64.10494
G0 F9000 X89.816 Y99.998
G1 F1800 X90.583 Y100.766 E64.14104
G0 F9000 X90.858 Y100.474
G1 F1800 X90.01 Y99.626 E64.18093
G0 F9000 X90.545 Y99.596
G1 F1800 X91.179 Y100.23 E64.21075
G0 F9000 X91.526 Y100.011
G1 F1800 X91.111 Y99.596 E64.23027
G0 F9000 X91.729 Y99.649
G1 F1800 X91.884 Y99.804 E64.23756
G1 F2400 E63.43756
G0 F9000 X92.085 Y100.302
G0 X93.258 Y100.231
G0 X93.258 Y99.236
G0 X93.463 Y99.685
G1 F2400 E64.23756
G1 F1800 X93.777 Y99.999 E64.25233
G1 F2400 E63.45233
G0 F9000 X93.598 Y100.451
G0 X94.314 Y101.409
G0 X94.893 Y102.888
G0 X95.889 Y102.624
G0 X96.113 Y103.467
G1 F2400 E64.25233
G1 F1800 X96.496 Y103.85 E64.27034
G1 F2400 E63.47034
G0 F9000 X96.956 Y103.85
G0 X97.219 Y131.875
G0 X127.095 Y131.999
G0 X127.094 Y136.82
G0 X127.877 Y137.676
G0 X128.11 Y137.476
G1 F2400 E64.27034
G1 F1800 X127.85 Y137.396 E64.27939
G1 X127.666 Y137.2 E64.28833
G1 X127.616 Y137.041 E64.29388
G1 X127.616 Y133.713 E64.40457
G1 F1629 X127.658 Y133.119 E64.42645
G1 F1437.1 X127.675 Y133.005 E64.43125
G1 F1440 X127.656 Y132.411 E64.45596
G1 F1629 X127.615 Y132.411 E64.45747
G1 F1800 X127.583 Y132.187 E64.46499
G1 X127.46 Y131.9 E64.47538
G1 X127.131 Y131.601 E64.49017
G1 X126.616 Y131.462 E64.50791
G1 X126.616 Y103.41 E65.44092
G1 X127.131 Y103.271 E65.45866
G1 X127.421 Y103.007 E65.47171
G1 F1764.7 X127.562 Y102.763 E65.48127
G1 F1589.4 X127.661 Y102.492 E65.49213
G1 F1475.4 X127.659 Y102.189 E65.50443
G1 F1625.3 X127.616 Y101.59 E65.52655
G1 F1800 X127.616 Y99.878 E65.58349
G1 X127.652 Y99.714 E65.58908
G1 X127.783 Y99.524 E65.59675
G1 X128.01 Y99.396 E65.60542
G1 X129.339 Y99.396 E65.64962
G1 F1670.5 X129.94 Y99.428 E65.67119
G1 F1484.5 X130.107 Y99.451 E65.67799
G1 F1445.8 X130.76 Y99.44 E65.70503
G1 F1417.3 X131.333 Y99.46 E65.72925
G1 F1414.5 X131.455 Y99.441 E65.73448
G1 F1621.6 X131.96 Y99.396 E65.7532
G1 F1800 X133.204 Y99.396 E65.79457
G1 X133.356 Y99.426 E65.79973
G1 X133.526 Y99.524 E65.80625
G1 X133.665 Y99.719 E65.81422
G1 X133.696 Y99.862 E65.81908
G1 X133.696 Y101.28 E65.86625
G1 F1572.1 X133.638 Y101.881 E65.88924
G1 F1428.6 X133.651 Y102.372 E65.90982
G1 F1417.3 X133.634 Y103.126 E65.94168
G1 F1428.6 X133.655 Y103.259 E65.94732
G1 F1632.7 X133.696 Y103.856 E65.96927
G1 F1800 X133.696 Y131.157 E66.8773
G1 F1632.7 X133.655 Y131.765 E66.89965
G1 F1440 X133.638 Y131.881 E66.90452
G1 F1428.6 X133.651 Y132.372 E66.92511
G1 F1417.3 X133.634 Y133.126 E66.95696
G1 F1428.6 X133.655 Y133.259 E66.96261
G1 F1632.7 X133.696 Y133.856 E66.98455
G1 F1800 X133.696 Y136.993 E67.08889
G1 X133.622 Y137.225 E67.09699
G1 X133.413 Y137.422 E67.10654
G1 X133.144 Y137.476 E67.11566
G1 X128.11 Y137.476 E67.2831
G1 F2400 E66.4831
G0 F9000 X127.877 Y137.676
G0 X130.54 Y137.636
G0 X130.536 Y134.72
G0 X130.536 Y134.896
G1 F2400 E67.2831
G1 F1800 X131.211 Y134.854 E67.30559
G1 X131.8 Y134.614 E67.32674
G1 X132.275 Y134.293 E67.34581
G1 X132.611 Y133.933 E67.36219
G1 X132.775 Y133.691 E67.37191
G1 F1670.5 X133.114 Y133.057 E67.39768
G1 F1512.6 X133.161 Y132.45 E67.42177
G1 F1484.5 X133.124 Y131.932 E67.44272
G1 F1565.2 X132.843 Y131.259 E67.47061
G1 F1674.4 X132.359 Y130.627 E67.49908
G1 F1756.1 X131.833 Y130.27 E67.52075
G1 F1800 X131.326 Y130.065 E67.53894
G1 X130.786 Y129.97 E67.55717
G1 X130.11 Y130.01 E67.5797
G1 X129.508 Y130.254 E67.6013
G1 X129.071 Y130.546 E67.61878
G1 X128.591 Y131.052 E67.64198
G1 X128.318 Y131.643 E67.66363
G1 X128.157 Y132.346 E67.68762
G1 F1629 X128.135 Y132.354 E67.68848
G1 F1440 X128.191 Y132.975 E67.7144
G1 F1568.6 X128.483 Y133.624 E67.74156
G1 F1800 X128.843 Y134.104 E67.76152
G1 X129.061 Y134.317 E67.77166
G1 X129.518 Y134.623 E67.78995
G1 X129.986 Y134.807 E67.80668
G1 X130.536 Y134.896 E67.82521
G1 F2400 E67.02521
G0 F9000 X130.54 Y134.64
G0 X129.307 Y133.868
G0 X128.923 Y133.361
G0 X128.753 Y132.867
G0 X128.693 Y132.339
G0 X128.807 Y131.815
G0 X129.024 Y131.343
G0 X129.385 Y130.956
G0 X130.762 Y130.151
G0 X130.551 Y104.721
G0 X130.519 Y104.898
G1 F2400 E67.82521
G1 F1800 X131.032 Y104.872 E67.84229
G1 X131.34 Y104.802 E67.8528
G1 X131.8 Y104.614 E67.86932
G1 X132.275 Y104.293 E67.88839
G1 X132.611 Y103.933 E67.90477
G1 X132.775 Y103.691 E67.91449
G1 F1670.5 X133.114 Y103.057 E67.94026
G1 F1512.6 X133.161 Y102.45 E67.96436
G1 F1428.6 X133.122 Y101.908 E67.98713
G1 F1475.4 X132.811 Y101.219 E68.0178
G1 F1678.3 X132.343 Y100.616 E68.04503
G1 F1800 X131.833 Y100.27 E68.06553
G1 F1666.7 X131.269 Y99.983 E68.08826
G1 F1506.3 X130.798 Y99.929 E68.1071
G1 F1440 X130.123 Y99.958 E68.13519
G1 F1585.9 X129.471 Y100.274 E68.16254
G1 F1800 X129.071 Y100.546 E68.17863
G1 X128.702 Y100.93 E68.19635
G1 X128.541 Y101.164 E68.20579
G1 X128.326 Y101.628 E68.2228
G1 F1625.3 X128.139 Y102.242 E68.24644
G1 F1475.4 X128.15 Y102.482 E68.25619
G1 F1589.4 X128.222 Y102.804 E68.26862
G1 F1764.7 X128.255 Y102.999 E68.27533
G1 F1800 X128.472 Y103.601 E68.29661
G1 X128.865 Y104.129 E68.31851
G1 X129.061 Y104.317 E68.32754
G1 X129.518 Y104.623 E68.34583
G1 X129.986 Y104.807 E68.36256
G1 X130.519 Y104.898 E68.38054
G1 F2400 E67.58054
G0 F9000 X130.56 Y104.641
G0 X131.58 Y104.158
G0 X131.929 Y103.919
G0 X132.29 Y103.531
G0 X132.553 Y102.958
G0 X132.609 Y102.427
G0 X132.222 Y100.75
G0 X132.222 Y99.236
G0 X132.971 Y99.596
G1 F2400 E68.38054
G1 F1800 X133.496 Y100.121 E68.40524
G0 F9000 X133.496 Y100.686
G1 F1800 X132.406 Y99.596 E68.45651
G0 F9000 X131.858 Y99.614
G1 F1800 X133.496 Y101.252 E68.53355
G0 F9000 X133.171 Y101.492
G1 F1800 X133.419 Y101.741 E68.54524
G1 F2400 E67.74524
G0 F9000 X133.956 Y101.741
G0 X133.856 Y103.062
G0 X132.884 Y102.965
G0 X133.262 Y103.281
G1 F2400 E68.54524
G1 F1800 X133.442 Y103.461 E68.55371
G0 F9000 X133.046 Y103.631
G1 F1800 X133.496 Y104.08 E68.57485
G0 F9000 X133.496 Y104.646
G1 F1800 X132.823 Y103.973 E68.60651
G0 F9000 X132.562 Y104.278
G1 F1800 X133.496 Y105.212 E68.65044
G0 F9000 X133.496 Y105.778
G1 F1800 X132.265 Y104.546 E68.70837
G0 F9000 X131.927 Y104.774
G1 F1800 X133.496 Y106.343 E68.78217
G0 F9000 X133.496 Y106.909
G1 F1800 X131.528 Y104.941 E68.87474
G0 F9000 X131.084 Y105.063
G1 F1800 X133.496 Y107.475 E68.98819
G0 F9000 X133.496 Y108.04
G1 F1800 X130.552 Y105.097 E69.12664
G0 F9000 X129.865 Y104.975
G1 F1800 X133.496 Y108.606 E69.29743
G0 F9000 X133.496 Y109.172
G1 F1800 X127.516 Y103.192 E69.57871
G0 F9000 X127.219 Y103.46
G1 F1800 X133.496 Y109.737 E69.87396
G0 F9000 X133.496 Y110.303
G1 F1800 X126.816 Y103.623 E70.18817
G0 F9000 X126.816 Y104.189
G1 F1800 X133.496 Y110.869 E70.50238
G0 F9000 X133.496 Y111.434
G1 F1800 X126.816 Y104.754 E70.81658
G0 F9000 X126.816 Y105.32
G1 F1800 X133.496 Y112 E71.13079
G0 F9000 X133.496 Y112.566
G1 F1800 X126.816 Y105.886 E71.445
G0 F9000 X126.816 Y106.451
G1 F1800 X133.496 Y113.131 E71.7592
G0 F9000 X133.496 Y113.697
G1 F1800 X126.816 Y107.017 E72.07341
G0 F9000 X126.816 Y107.583
G1 F1800 X133.496 Y114.263 E72.38762
G0 F9000 X133.496 Y114.828
G1 F1800 X126.816 Y108.148 E72.70182
G0 F9000 X126.816 Y108.714
G1 F1800 X133.496 Y115.394 E73.01603
G0 F9000 X133.496 Y115.96
G1 F1800 X126.816 Y109.28 E73.33024
G0 F9000 X126.816 Y109.846
G1 F1800 X133.496 Y116.526 E73.64444
G0 F9000 X133.496 Y117.091
G1 F1800 X126.816 Y110.411 E73.95865
G0 F9000 X126.816 Y110.977
G1 F1800 X133.496 Y117.657 E74.27286
G0 F9000 X133.496 Y118.223
G1 F1800 X126.816 Y111.543 E74.58707
G0 F9000 X126.816 Y112.108
G1 F1800 X133.496 Y118.788 E74.90127
G0 F9000 X133.496 Y119.354
G1 F1800 X126.816 Y112.674 E75.21548
G0 F9000 X126.816 Y113.24
G1 F1800 X133.496 Y119.92 E75.52969
G0 F9000 X133.496 Y120.485
G1 F1800 X126.816 Y113.805 E75.84389
G0 F9000 X126.816 Y114.371
G1 F1800 X133.496 Y121.051 E76.1581
G0 F9000 X133.496 Y121.617
G1 F1800 X126.816 Y114.937 E76.47231
G0 F9000 X126.816 Y115.502
G1 F1800 X133.496 Y122.182 E76.78651
G0 F9000 X133.496 Y122.748
G1 F1800 X126.816 Y116.068 E77.10072
G0 F9000 X126.816 Y116.634
G1 F1800 X133.496 Y123.314 E77.41493
G0 F9000 X133.496 Y123.879
G1 F1800 X126.816 Y117.199 E77.72913
G0 F9000 X126.816 Y117.765
G1 F1800 X133.496 Y124.445 E78.04334
G0 F9000 X133.496 Y125.011
G1 F1800 X126.816 Y118.331 E78.35755
G0 F9000 X126.816 Y118.896
G1 F1800 X133.496 Y125.577 E78.67178
G0 F9000 X133.496 Y126.142
G1 F1800 X126.816 Y119.462 E78.98598
G0 F9000 X126.816 Y120.028
G1 F1800 X133.496 Y126.708 E79.30019
G0 F9000 X133.496 Y127.274
G1 F1800 X126.816 Y120.594 E79.6144
G0 F9000 X126.816 Y121.159
G1 F1800 X133.496 Y127.839 E79.9286
G0 F9000 X133.496 Y128.405
G1 F1800 X126.816 Y121.725 E80.24281
G0 F9000 X126.816 Y122.291
G1 F1800 X133.496 Y128.971 E80.55702
G0 F9000 X133.496 Y129.536
G1 F1800 X126.816 Y122.856 E80.87122
G0 F9000 X126.816 Y123.422
G1 F1800 X133.496 Y130.102 E81.18543
G0 F9000 X133.496 Y130.668
G1 F1800 X126.816 Y123.988 E81.49964
G0 F9000 X126.816 Y124.553
G1 F1800 X133.488 Y131.225 E81.81347
G0 F9000 X133.167 Y131.47
G1 F1800 X133.42 Y131.723 E81.82537
G1 F2400 E81.02537
G0 F9000 X133.956 Y131.723
G0 X133.856 Y133.049
G0 X132.885 Y132.952
G0 X133.269 Y133.269
G1 F2400 E81.82537
G1 F1800 X133.439 Y133.439 E81.83336
G0 F9000 X133.053 Y133.619
G1 F1800 X133.496 Y134.062 E81.8542
G0 F9000 X133.496 Y134.627
G1 F1800 X132.83 Y133.961 E81.88553
G0 F9000 X132.571 Y134.268
G1 F1800 X133.496 Y135.193 E81.92904
G0 F9000 X133.496 Y135.759
G1 F1800 X132.277 Y134.54 E81.98637
G0 F9000 X131.938 Y134.767
G1 F1800 X133.496 Y136.325 E82.05966
G0 F9000 X133.496 Y136.89
G1 F1800 X131.541 Y134.935 E82.15162
G0 F9000 X131.102 Y135.062
G1 F1800 X133.284 Y137.244 E82.25425
G0 F9000 X132.75 Y137.276
G1 F1800 X130.569 Y135.094 E82.35686
G0 F9000 X129.895 Y134.986
G1 F1800 X132.184 Y137.276 E82.46455
G0 F9000 X131.619 Y137.276
G1 F1800 X127.846 Y133.502 E82.64205
G0 F9000 X127.816 Y134.038
G1 F1800 X131.053 Y137.276 E82.79433
G0 F9000 X130.487 Y137.276
G1 F1800 X127.816 Y134.604 E82.91999
G0 F9000 X127.816 Y135.17
G1 F1800 X129.922 Y137.276 E83.01905
G0 F9000 X129.356 Y137.276
G1 F1800 X127.816 Y135.736 E83.09148
G0 F9000 X127.816 Y136.301
G1 F1800 X128.79 Y137.276 E83.13732
G0 F9000 X128.225 Y137.276
G1 F1800 X127.816 Y136.867 E83.15656
G1 F2400 E82.35656
G0 F9000 X127.567 Y137.474
G0 X127.418 Y137.072
G0 X127.417 Y132.438
G0 X128.353 Y132.314
G0 X128.034 Y131.994
G1 F2400 E83.15656
G1 F1800 X126.816 Y130.776 E83.21385
G0 F9000 X126.816 Y130.21
G1 F1800 X128.147 Y131.541 E83.27646
G0 F9000 X128.325 Y131.153
G1 F1800 X126.816 Y129.644 E83.34744
G0 F9000 X126.816 Y129.079
G1 F1800 X128.546 Y130.808 E83.42879
G0 F9000 X128.819 Y130.516
G1 F1800 X126.816 Y128.513 E83.523
G0 F9000 X126.816 Y127.947
G1 F1800 X129.132 Y130.263 E83.63194
G0 F9000 X129.482 Y130.048
G1 F1800 X126.816 Y127.382 E83.75734
G0 F9000 X126.816 Y126.816
G1 F1800 X129.884 Y129.884 E83.90165
G0 F9000 X130.358 Y129.792
G1 F1800 X126.816 Y126.25 E84.06825
G0 F9000 X126.816 Y125.685
G1 F1800 X130.922 Y129.79 E84.26136
G0 F9000 X131.689 Y129.992
G1 F1800 X126.816 Y125.119 E84.49057
G1 F2400 E83.69057
G0 F9000 X126.356 Y125.119
G0 X126.456 Y103.436
G0 X128.425 Y102.941
G0 X128.126 Y103.235
G1 F2400 E84.49057
G1 F1800 X127.742 Y102.852 E84.50861
G0 F9000 X127.986 Y101.965
G1 F1800 X127.851 Y101.829 E84.51499
G0 F9000 X128.141 Y101.554
G1 F1800 X127.817 Y101.229 E84.53025
G0 F9000 X128.321 Y101.168
G1 F1800 X127.817 Y100.664 E84.55396
G0 F9000 X127.817 Y100.098
G1 F1800 X128.539 Y100.82 E84.58792
G0 F9000 X128.809 Y100.525
G1 F1800 X127.946 Y99.662 E84.62851
G0 F9000 X128.446 Y99.596
G1 F1800 X129.12 Y100.27 E84.66021
G0 F9000 X129.466 Y100.051
G1 F1800 X129.012 Y99.596 E84.68159
G0 F9000 X129.606 Y99.624
G1 F1800 X129.833 Y99.852 E84.69229
G1 F2400 E83.89229
G0 F9000 X130.024 Y100.326
G0 X131.215 Y100.222
G0 X131.215 Y99.236
G0 X131.387 Y99.708
G1 F2400 E84.69229
G1 F1800 X131.518 Y99.84 E84.69848
M104 S200
G1 F2400 E83.89848
;MESH:NONMESH
G0 F300 X131.518 Y99.84 Z0.4
G0 F9000 X131.319 Y100.341
G0 X129.577 Y100.421
G0 X82.014 Y91.528
;TIME_ELAPSED:122.168173
;LAYER:1
M106 S85
;TYPE:SKIRT
G1 F2400 E84.69848
G1 F1800 X82.958 Y90.718 E84.73985
G1 X83.205 Y90.531 E84.75015
G1 X83.949 Y90.018 E84.78021
G1 X85.036 Y89.426 E84.82138
G1 X85.32 Y89.293 E84.83181
G1 X86.154 Y88.946 E84.86185
G1 X87.336 Y88.595 E84.90286
G1 X87.65 Y88.522 E84.91359
G1 X88.538 Y88.357 E84.94363
G1 X89.759 Y88.259 E84.98437
G1 X90.974 Y88.237 E85.02479
G1 X94.603 Y88.237 E85.14549
G1 X95.447 Y88.248 E85.17356
G1 X95.994 Y88.271 E85.19177
G1 X96.897 Y88.371 E85.22199
G1 X97.688 Y88.495 E85.24862
G1 X100.262 Y88.862 E85.33509
G1 X102.76 Y89.146 E85.41871
G1 X105.284 Y89.361 E85.50297
G1 X107.844 Y89.506 E85.58825
G1 X110.383 Y89.579 E85.67273
G1 X112.917 Y89.579 E85.75701
G1 X115.444 Y89.508 E85.84109
G1 X117.985 Y89.364 E85.92574
G1 X120.535 Y89.148 E86.01086
G1 X123.021 Y88.866 E86.09408
G1 X126.497 Y88.357 E86.21092
G1 X127.711 Y88.26 E86.25143
G1 X128.974 Y88.237 E86.29344
G1 X132.753 Y88.238 E86.41913
G1 X133.435 Y88.248 E86.44182
G1 X134.336 Y88.301 E86.47184
G1 X135.161 Y88.421 E86.49956
G1 X135.715 Y88.527 E86.51833
G1 X136.125 Y88.622 E86.53232
G1 X136.531 Y88.732 E86.54631
G1 X136.99 Y88.879 E86.56234
G1 X137.548 Y89.091 E86.5822
G1 X138.164 Y89.361 E86.60457
G1 X138.966 Y89.778 E86.63463
G1 X139.669 Y90.222 E86.66229
G1 X139.944 Y90.412 E86.6734
G1 X140.664 Y90.958 E86.70346
G1 X141.617 Y91.86 E86.7471
G1 X141.828 Y92.087 E86.75741
G1 X142.413 Y92.775 E86.78745
G1 X143.082 Y93.748 E86.82672
G1 X143.283 Y94.08 E86.83963
G1 X143.717 Y94.873 E86.8697
G1 X144.078 Y95.701 E86.89974
G1 X144.364 Y96.557 E86.92976
G1 X144.504 Y97.099 E86.94838
G1 X144.631 Y97.681 E86.96819
G1 X144.772 Y98.573 E86.99822
G1 X144.834 Y99.512 E87.02952
G1 X144.857 Y100.761 E87.07107
G1 X144.856 Y136.519 E88.26039
G1 X144.847 Y137.181 E88.28241
G1 X144.795 Y138.082 E88.31243
G1 X144.665 Y138.963 E88.34205
G1 X144.595 Y139.328 E88.35441
G1 X144.386 Y140.207 E88.38446
G1 X143.981 Y141.36 E88.4251
G1 X143.87 Y141.624 E88.43463
G1 X143.483 Y142.441 E88.4647
G1 X142.828 Y143.514 E88.50651
G1 X142.647 Y143.773 E88.51702
G1 X142.097 Y144.489 E88.54705
G1 X141.261 Y145.372 E88.58749
G1 X141.054 Y145.566 E88.59693
G1 X140.368 Y146.154 E88.62698
G1 X139.382 Y146.837 E88.66687
G1 X139.106 Y147.005 E88.67762
G1 X138.315 Y147.44 E88.70764
G1 X137.133 Y147.933 E88.75024
G1 X136.829 Y148.038 E88.76094
G1 X135.963 Y148.295 E88.79098
G1 X134.865 Y148.505 E88.82816
G1 X134.103 Y148.587 E88.85365
G1 X133.507 Y148.623 E88.87351
G1 X133.018 Y148.636 E88.88978
G1 X128.606 Y148.637 E89.03653
G1 X127.762 Y148.626 E89.0646
G1 X127.113 Y148.596 E89.08621
G1 X126.315 Y148.503 E89.11293
G1 X125.6 Y148.391 E89.137
G1 X123.037 Y148.026 E89.22311
G1 X120.48 Y147.735 E89.3087
G1 X117.973 Y147.52 E89.39239
G1 X115.424 Y147.376 E89.47731
G1 X112.885 Y147.303 E89.56179
G1 X110.351 Y147.303 E89.64607
G1 X107.816 Y147.374 E89.73042
G1 X105.289 Y147.516 E89.8146
G1 X102.73 Y147.733 E89.90002
G1 X100.229 Y148.017 E89.98373
G1 X96.74 Y148.522 E90.10099
G1 X96.103 Y148.587 E90.12229
G1 X95.507 Y148.623 E90.14214
G1 X95.018 Y148.636 E90.15841
G1 X90.606 Y148.637 E90.30516
G1 X89.762 Y148.626 E90.33323
G1 X88.86 Y148.573 E90.36328
G1 X87.967 Y148.441 E90.39331
G1 X87.089 Y148.23 E90.42334
G1 X86.271 Y147.972 E90.45187
G1 X85.43 Y147.643 E90.48191
G1 X84.617 Y147.239 E90.5121
G1 X84.359 Y147.096 E90.52191
G1 X83.59 Y146.624 E90.55192
G1 X82.639 Y145.896 E90.59176
G1 X82.383 Y145.675 E90.60301
G1 X81.726 Y145.055 E90.63305
G1 X80.908 Y144.1 E90.67487
G1 X80.683 Y143.802 E90.68729
G1 X80.171 Y143.058 E90.71733
G1 X79.727 Y142.272 E90.74736
G1 X79.354 Y141.449 E90.77741
G1 X79.17 Y140.953 E90.79501
G1 X78.915 Y140.178 E90.82214
G1 X78.689 Y139.303 E90.8522
G1 X78.541 Y138.412 E90.88224
G1 X78.477 Y137.335 E90.91812
G1 X78.469 Y137.335 E90.91839
G1 X78.457 Y136.41 E90.94916
G1 X78.458 Y100.343 E92.14875
G1 X78.468 Y99.656 E92.1716
G1 X78.521 Y98.754 E92.20166
G1 X78.643 Y97.915 E92.22986
G1 X78.8 Y97.134 E92.25635
G1 X79.04 Y96.263 E92.2864
G1 X79.356 Y95.417 E92.31644
G1 X79.808 Y94.486 E92.35086
G1 X79.995 Y94.146 E92.36377
G1 X80.464 Y93.375 E92.39378
G1 X81.211 Y92.397 E92.43471
G1 X81.394 Y92.185 E92.44403
G1 X82.014 Y91.528 E92.47407
G1 F2400 E91.67407
;MESH:Camera mount.stl(1)
G0 F12000 X90.837 Y101.055
G0 X92.905 Y104.536
;TYPE:WALL-INNER
G1 F2400 E92.47407
G1 F3600 X92.205 Y104.508 E92.49737
G1 X91.566 Y104.254 E92.52024
G1 X91.124 Y103.878 E92.53954
G1 X90.856 Y103.526 E92.55426
G1 X90.614 Y103.008 E92.57328
G1 X90.543 Y102.303 E92.59684
G1 X90.688 Y101.651 E92.61906
G1 X90.984 Y101.162 E92.63807
G1 X91.289 Y100.835 E92.65294
G1 X91.664 Y100.581 E92.66801
G1 X92.094 Y100.405 E92.68346
G1 X92.643 Y100.316 E92.70196
G1 X93.217 Y100.409 E92.7213
G1 X93.642 Y100.577 E92.7365
G1 X94.02 Y100.837 E92.75176
G1 X94.325 Y101.157 E92.76646
G1 X94.564 Y101.55 E92.78176
G1 X94.711 Y101.984 E92.797
G1 X94.756 Y102.436 E92.81211
G1 X94.698 Y102.999 E92.83093
G1 X94.411 Y103.628 E92.85393
G1 X94.014 Y104.04 E92.87296
G1 X93.549 Y104.36 E92.89173
G1 X92.905 Y104.536 E92.91394
G1 F2400 E92.11394
G0 F12000 X92.639 Y130.133
G0 X92.884 Y134.54
G1 F2400 E92.91394
G1 F3600 X92.204 Y134.507 E92.93658
G1 X91.566 Y134.254 E92.95941
G1 X91.124 Y133.878 E92.97871
G1 X90.856 Y133.526 E92.99342
G1 X90.614 Y133.008 E93.01244
G1 X90.543 Y132.303 E93.03601
G1 X90.688 Y131.651 E93.05822
G1 X90.984 Y131.162 E93.07723
G1 X91.286 Y130.838 E93.09197
G1 X91.668 Y130.579 E93.10732
G1 X92.095 Y130.405 E93.12265
G1 X92.646 Y130.316 E93.14122
G1 X93.222 Y130.411 E93.16063
G1 X93.642 Y130.577 E93.17565
G1 X94.02 Y130.837 E93.19091
G1 X94.329 Y131.162 E93.20583
G1 X94.558 Y131.545 E93.22067
G1 X94.711 Y131.981 E93.23604
G1 X94.756 Y132.436 E93.25125
G1 X94.698 Y132.997 E93.27
G1 X94.411 Y133.629 E93.29309
G1 X94.018 Y134.038 E93.31196
G1 X93.563 Y134.351 E93.33032
G1 X92.884 Y134.54 E93.35377
G1 F2400 E92.55377
G0 F12000 X93.626 Y134.526
G0 X93.626 Y137.636
G0 X95.087 Y137.836
G1 F2400 E93.35377
G1 F3600 X95.176 Y137.836 E93.35673
G1 X95.55 Y137.76 E93.36942
G1 X95.835 Y137.548 E93.38123
G1 X95.967 Y137.37 E93.3886
G1 X96.056 Y137.096 E93.39819
G1 X96.059 Y132.369 E93.55541
G1 X96.095 Y132.222 E93.56044
G1 X96.236 Y132.007 E93.56899
G1 X96.358 Y131.914 E93.57409
G1 X96.656 Y131.836 E93.58434
G1 X97.456 Y131.836 E93.61095
G1 X97.056 Y131.436 E93.62976
G1 X97.056 Y103.436 E94.56105
G1 X97.393 Y103.035 E94.57847
G1 X96.656 Y103.036 E94.60298
G1 X96.359 Y102.958 E94.61319
G1 X96.212 Y102.841 E94.61944
G1 X96.108 Y102.682 E94.62576
G1 X96.059 Y102.502 E94.63197
G1 X96.056 Y99.827 E94.72094
G1 X96.004 Y99.582 E94.72927
G1 X95.772 Y99.254 E94.74263
G1 X95.472 Y99.083 E94.75412
G1 X95.243 Y99.036 E94.76189
G1 X90.047 Y99.036 E94.93471
G1 X89.851 Y99.078 E94.94138
G1 X89.54 Y99.254 E94.95326
G1 X89.312 Y99.576 E94.96639
G1 X89.256 Y99.846 E94.97556
G1 X89.256 Y137.097 E96.21453
G1 X89.346 Y137.372 E96.22415
G1 X89.473 Y137.548 E96.23137
G1 X89.764 Y137.761 E96.24337
G1 X89.992 Y137.836 E96.25135
G1 X95.087 Y137.836 E96.42081
G1 F2400 E95.62081
G0 F12000 X95.522 Y137.646
G0 X96.208 Y137.121
G0 X96.219 Y131.999
G0 X127.095 Y131.999
G0 X127.268 Y137.002
G0 X127.651 Y137.557
G0 X127.992 Y137.836
G1 F2400 E96.42081
G1 F3600 X133.176 Y137.836 E96.59323
G1 X133.55 Y137.76 E96.60593
G1 X133.84 Y137.547 E96.61789
G1 X134.013 Y137.242 E96.62956
G1 X134.056 Y137.041 E96.63639
G1 X134.056 Y99.827 E97.87413
G1 X134.004 Y99.582 E97.88247
G1 X133.772 Y99.254 E97.89583
G1 X133.472 Y99.083 E97.90731
G1 X133.243 Y99.036 E97.91509
G1 X128.047 Y99.036 E98.08791
G1 X127.851 Y99.078 E98.09457
G1 X127.54 Y99.254 E98.10646
G1 X127.312 Y99.576 E98.11958
G1 X127.256 Y99.846 E98.12875
G1 X127.255 Y102.478 E98.21629
G1 X127.204 Y102.683 E98.22332
G1 X127.094 Y102.848 E98.22992
G1 X126.953 Y102.958 E98.23586
G1 X126.656 Y103.036 E98.24608
G1 X125.856 Y103.036 E98.27269
G1 X126.256 Y103.436 E98.2915
G1 X126.256 Y131.436 E99.22278
G1 X125.919 Y131.837 E99.24021
G1 X126.656 Y131.836 E99.26472
G1 X126.954 Y131.914 E99.27496
G1 X127.138 Y132.078 E99.28316
G1 X127.256 Y132.315 E99.29197
G1 X127.256 Y137.097 E99.45102
G1 X127.346 Y137.372 E99.46064
G1 X127.473 Y137.548 E99.46786
G1 X127.764 Y137.761 E99.47986
G1 X127.992 Y137.836 E99.48784
G1 F2400 E98.68784
G0 F12000 X127.651 Y137.557
G0 X130.884 Y137.636
G0 X130.905 Y134.721
G0 X130.884 Y134.54
G1 F2400 E99.48784
G1 F3600 X130.204 Y134.507 E99.51048
G1 X129.566 Y134.254 E99.53331
G1 X129.124 Y133.878 E99.55261
G1 X128.856 Y133.526 E99.56732
G1 X128.615 Y133.009 E99.5863
G1 X128.541 Y132.314 E99.60954
G1 X128.682 Y131.675 E99.63131
G1 X128.981 Y131.165 E99.65097
G1 X129.285 Y130.839 E99.6658
G1 X129.668 Y130.574 E99.68129
G1 X130.092 Y130.41 E99.69641
G1 X130.659 Y130.315 E99.71553
G1 X131.216 Y130.41 E99.73432
G1 X131.64 Y130.574 E99.74944
G1 X132.019 Y130.836 E99.76477
G1 X132.325 Y131.157 E99.77952
G1 X132.564 Y131.55 E99.79482
G1 X132.711 Y131.984 E99.81006
G1 X132.756 Y132.436 E99.82516
G1 X132.698 Y132.997 E99.84392
G1 X132.411 Y133.629 E99.86701
G1 X132.018 Y134.038 E99.88587
G1 X131.563 Y134.351 E99.90424
G1 X130.884 Y134.54 E99.92768
G1 F2400 E99.12768
G0 F12000 X131.92 Y133.925
G0 X132.285 Y133.538
G0 X132.551 Y132.96
G0 X132.609 Y132.437
G0 X132.564 Y132.018
G0 X132.428 Y131.618
G0 X132.21 Y131.257
G0 X131.975 Y131.009
G0 X130.659 Y130.133
G0 X130.785 Y104.717
G0 X130.889 Y104.541
G1 F2400 E99.92768
G1 F3600 X130.202 Y104.507 E99.95056
G1 X129.566 Y104.254 E99.97333
G1 X129.122 Y103.877 E99.9927
G1 X128.844 Y103.499 E100.00831
G1 X128.613 Y103.006 E100.02642
G1 X128.543 Y102.303 E100.04991
G1 X128.688 Y101.651 E100.07213
G1 X128.984 Y101.162 E100.09114
G1 X129.285 Y100.839 E100.10582
G1 X129.668 Y100.574 E100.12132
G1 X130.095 Y100.409 E100.13654
G1 X130.657 Y100.315 E100.15549
G1 X131.216 Y100.41 E100.17435
G1 X131.64 Y100.574 E100.18947
G1 X132.019 Y100.836 E100.2048
G1 X132.325 Y101.157 E100.21955
G1 X132.564 Y101.55 E100.23485
G1 X132.711 Y101.984 E100.25009
G1 X132.756 Y102.436 E100.26519
G1 X132.698 Y102.997 E100.28395
G1 X132.41 Y103.629 E100.30705
G1 X132.017 Y104.038 E100.32592
G1 X131.549 Y104.36 E100.34481
G1 X130.889 Y104.541 E100.36757
G0 F12000 X130.845 Y104.138
;TYPE:WALL-OUTER
G1 F3600 X130.291 Y104.108 E100.38603
G1 X129.774 Y103.906 E100.40449
G1 X129.404 Y103.586 E100.42076
G1 X129.19 Y103.297 E100.43272
G1 X129.008 Y102.9 E100.44725
G1 X128.945 Y102.339 E100.46602
G1 X129.063 Y101.803 E100.48428
G1 X129.317 Y101.391 E100.50037
G1 X129.533 Y101.159 E100.51092
G1 X129.879 Y100.921 E100.52488
G1 X130.218 Y100.794 E100.53692
G1 X130.657 Y100.72 E100.55173
G1 X131.129 Y100.805 E100.56768
G1 X131.47 Y100.943 E100.57992
G1 X131.774 Y101.158 E100.5923
G1 X131.994 Y101.39 E100.60294
G1 X132.206 Y101.739 E100.61652
G1 X132.319 Y102.089 E100.62875
G1 X132.356 Y102.436 E100.64036
G1 X132.31 Y102.871 E100.65491
G1 X132.075 Y103.4 E100.67416
G1 X131.738 Y103.745 E100.6902
G1 X131.379 Y103.992 E100.70469
G1 X130.845 Y104.138 E100.72311
G1 F2400 E99.92311
G0 F12000 X130.829 Y104.449
G0 X130.785 Y104.717
G0 X130.659 Y130.133
G0 X130.859 Y134.134
G1 F2400 E100.72311
G1 F3600 X130.29 Y134.111 E100.74205
G1 X129.774 Y133.906 E100.76051
G1 X129.404 Y133.586 E100.77678
G1 X129.212 Y133.334 E100.78732
G1 X129.004 Y132.9 E100.80333
G1 X128.945 Y132.339 E100.82209
G1 X129.063 Y131.803 E100.84034
G1 X129.317 Y131.391 E100.85644
G1 X129.533 Y131.159 E100.86699
G1 X129.879 Y130.921 E100.88095
G1 X130.218 Y130.794 E100.89299
G1 X130.66 Y130.721 E100.90789
G1 X131.129 Y130.805 E100.92374
G1 X131.47 Y130.943 E100.93598
G1 X131.774 Y131.158 E100.94836
G1 X131.994 Y131.39 E100.95899
G1 X132.206 Y131.739 E100.97258
G1 X132.319 Y132.089 E100.98481
G1 X132.356 Y132.436 E100.99642
G1 X132.31 Y132.871 E101.01096
G1 X132.075 Y133.4 E101.03022
G1 X131.738 Y133.745 E101.04626
G1 X131.371 Y133.992 E101.06097
G1 X130.859 Y134.134 E101.07864
G1 F2400 E100.27864
G0 F12000 X130.942 Y134.435
G0 X130.236 Y134.359
G0 X128.701 Y133.62
G0 X127.087 Y133.62
G0 X111.433 Y132.185
G1 F2400 E101.07864
G1 F2857.1 X125.743 Y132.184 E101.67834
G1 F3012.6 X126.74 Y132.241 E101.71803
G1 F3380.3 X126.856 Y132.395 E101.72486
G1 F3600 X126.856 Y137.16 E101.88335
G1 X126.985 Y137.556 E101.8972
G1 X127.174 Y137.817 E101.90792
G1 X127.375 Y137.997 E101.91689
G1 X127.599 Y138.128 E101.92552
G1 X127.928 Y138.236 E101.93704
G1 X133.197 Y138.236 E102.11229
G1 X133.466 Y138.207 E102.12129
G1 X133.714 Y138.128 E102.12994
G1 X133.937 Y137.997 E102.13855
G1 X134.138 Y137.817 E102.14752
G1 X134.285 Y137.615 E102.15583
G1 X134.396 Y137.366 E102.1649
G1 X134.456 Y137.083 E102.17452
G1 X134.456 Y99.785 E103.41506
G1 X134.382 Y99.437 E103.42689
G1 X134.217 Y99.15 E103.4379
G1 X134.041 Y98.954 E103.44666
G1 X133.836 Y98.807 E103.45505
G1 X133.594 Y98.7 E103.46385
G1 X133.283 Y98.636 E103.47441
G1 X128.005 Y98.636 E103.64996
G1 X127.727 Y98.696 E103.65942
G1 X127.476 Y98.807 E103.66855
G1 X127.271 Y98.954 E103.67694
G1 X127.096 Y99.15 E103.68568
G1 X126.934 Y99.432 E103.69649
G1 X126.856 Y99.805 E103.70917
G1 X126.856 Y102.501 E103.79884
G1 F3388.2 X126.735 Y102.632 E103.80514
G1 F3031.6 X125.656 Y102.686 E103.84781
G1 F2868.5 X97.569 Y102.688 E105.0202
G1 F3012.6 X96.577 Y102.631 E105.05969
G1 F3380.3 X96.456 Y102.499 E105.06604
G1 F3600 X96.456 Y99.785 E105.15631
G1 X96.382 Y99.437 E105.16814
G1 X96.217 Y99.15 E105.17915
G1 X96.041 Y98.954 E105.18791
G1 X95.836 Y98.807 E105.1963
G1 X95.594 Y98.7 E105.2051
G1 X95.283 Y98.636 E105.21566
G1 X90.005 Y98.636 E105.39121
G1 X89.727 Y98.696 E105.40067
G1 X89.476 Y98.807 E105.4098
G1 X89.271 Y98.954 E105.41819
G1 X89.096 Y99.15 E105.42693
G1 X88.934 Y99.432 E105.43774
G1 X88.856 Y99.805 E105.45042
G1 X88.856 Y137.16 E106.69285
G1 X88.985 Y137.556 E106.7067
G1 X89.174 Y137.817 E106.71742
G1 X89.375 Y137.997 E106.72639
G1 X89.599 Y138.128 E106.73502
G1 X89.928 Y138.236 E106.74654
G1 X95.197 Y138.236 E106.92179
G1 X95.466 Y138.207 E106.93079
G1 X95.714 Y138.128 E106.93945
G1 X95.936 Y137.998 E106.948
G1 X96.134 Y137.817 E106.95692
G1 X96.327 Y137.555 E106.96775
G1 X96.456 Y137.16 E106.98157
G1 X96.457 Y132.413 E107.13945
G1 F3388.2 X96.58 Y132.24 E107.14696
G1 F3031.6 X97.656 Y132.186 E107.18951
G1 F2874.3 X111.433 Y132.185 E107.76343
G0 F12000 X111.441 Y131.686
G1 F2880 X97.656 Y131.686 E108.33655
G1 F3200 X97.456 Y131.436 E108.34853
G1 F3600 X97.456 Y103.436 E109.27981
G1 F3185.8 X97.612 Y103.187 E109.29085
G1 F2868.5 X125.656 Y103.186 E110.46145
G1 F3200 X125.856 Y103.436 E110.47343
G1 F3600 X125.856 Y131.436 E111.40472
G1 F3185.8 X125.7 Y131.685 E111.41576
G1 F2862.8 X111.441 Y131.686 E112.01214
G1 F2400 E111.21214
G0 F12000 X111.441 Y131.947
G0 X96.219 Y131.999
G0 X95.878 Y134.44
G0 X94.133 Y134.178
G0 X92.859 Y134.134
G1 F2400 E112.01214
G1 F3600 X92.29 Y134.111 E112.03108
G1 X91.774 Y133.906 E112.04954
G1 X91.404 Y133.586 E112.06581
G1 X91.212 Y133.334 E112.07635
G1 X91.004 Y132.9 E112.09236
G1 X90.945 Y132.338 E112.11115
G1 X91.063 Y131.803 E112.12937
G1 X91.317 Y131.391 E112.14547
G1 X91.567 Y131.13 E112.15749
G1 X91.876 Y130.926 E112.16981
G1 X92.223 Y130.79 E112.1822
G1 X92.643 Y130.721 E112.19636
G1 X93.13 Y130.805 E112.2128
G1 X93.434 Y130.925 E112.22367
G1 X93.774 Y131.158 E112.23738
G1 X93.994 Y131.39 E112.24801
G1 X94.197 Y131.717 E112.26081
G1 X94.319 Y132.089 E112.27383
G1 X94.356 Y132.436 E112.28544
G1 X94.31 Y132.871 E112.29999
G1 X94.075 Y133.4 E112.31924
G1 X93.738 Y133.745 E112.33528
G1 X93.371 Y133.992 E112.35
G1 X92.859 Y134.134 E112.36767
G1 F2400 E111.56767
G0 F12000 X92.942 Y134.435
G0 X93.484 Y134.221
G0 X93.92 Y133.925
G0 X94.285 Y133.538
G0 X94.551 Y132.96
G0 X94.609 Y132.437
G0 X94.564 Y132.018
G0 X94.428 Y131.618
G0 X94.21 Y131.257
G0 X93.975 Y131.009
G0 X92.639 Y130.133
G0 X92.932 Y104.717
G0 X92.839 Y104.136
G1 F2400 E112.36767
G1 F3600 X92.288 Y104.11 E112.38601
G1 X91.774 Y103.906 E112.40441
G1 X91.404 Y103.586 E112.42068
G1 X91.212 Y103.334 E112.43122
G1 X91.004 Y102.9 E112.44722
G1 X90.945 Y102.338 E112.46602
G1 X91.063 Y101.803 E112.48424
G1 X91.317 Y101.391 E112.50034
G1 X91.567 Y101.13 E112.51236
G1 X91.876 Y100.926 E112.52467
G1 X92.223 Y100.79 E112.53707
G1 X92.645 Y100.72 E112.5513
G1 X93.13 Y100.805 E112.56767
G1 X93.434 Y100.925 E112.57854
G1 X93.774 Y101.158 E112.59225
G1 X93.994 Y101.39 E112.60289
G1 X94.206 Y101.739 E112.61647
G1 X94.31 Y102.047 E112.62728
G1 X94.356 Y102.454 E112.6409
G1 X94.305 Y102.892 E112.65557
G1 X94.075 Y103.4 E112.67412
G1 X93.738 Y103.745 E112.69016
G1 X93.378 Y103.992 E112.70468
G1 X92.839 Y104.136 E112.72324
G1 F2400 E111.92324
G0 F12000 X92.823 Y104.448
G0 X92.932 Y104.717
G0 X95.861 Y132.347
G0 X95.087 Y137.476
;TYPE:SKIN
G1 F2400 E112.72324
G1 F3600 X90.054 Y137.476 E112.89063
G1 X89.914 Y137.428 E112.89556
G1 X89.737 Y137.297 E112.90288
G1 X89.616 Y137.036 E112.91245
G1 X89.616 Y133.893 E113.01699
G1 F3272.7 X89.655 Y133.279 E113.03949
G1 F2868.5 X89.678 Y133.138 E113.04546
G1 F2845.8 X89.66 Y132.183 E113.08565
G1 F3243.2 X89.617 Y131.475 E113.11183
G1 F3600 X89.616 Y103.893 E114.02921
G1 F3272.7 X89.655 Y103.279 E114.05172
G1 F2868.5 X89.678 Y103.138 E114.05769
G1 F2845.8 X89.66 Y102.181 E114.09796
G1 F3243.2 X89.617 Y101.595 E114.11965
G1 F3600 X89.616 Y99.878 E114.17676
G1 X89.652 Y99.714 E114.18234
G1 X89.783 Y99.524 E114.19002
G1 X90.01 Y99.396 E114.19869
G1 X91.344 Y99.396 E114.24305
G1 F3236 X91.841 Y99.441 E114.26152
G1 F2823.5 X91.963 Y99.461 E114.26676
G1 F2857.1 X92.64 Y99.435 E114.29516
G1 F2851.5 X93.345 Y99.462 E114.32478
G1 F2812.5 X93.461 Y99.442 E114.32979
G1 F3228.7 X93.951 Y99.396 E114.34804
G1 F3600 X95.204 Y99.396 E114.38972
G1 X95.356 Y99.426 E114.39487
G1 X95.525 Y99.524 E114.40137
G1 X95.665 Y99.723 E114.40946
G1 X95.696 Y99.862 E114.4142
G1 X95.699 Y101.284 E114.46149
G1 F3130.4 X95.64 Y101.886 E114.48463
G1 F2834.6 X95.653 Y102.517 E114.51129
G1 F3214.3 X95.794 Y102.851 E114.5248
G1 F3600 X95.941 Y103.085 E114.53399
G1 X96.177 Y103.267 E114.5439
G1 X96.696 Y103.414 E114.56184
G1 X96.696 Y131.462 E115.49472
G1 X96.173 Y131.601 E115.51272
G1 X95.957 Y131.781 E115.52207
G1 F3546.8 X95.743 Y132.116 E115.53549
G1 F3214.3 X95.658 Y132.352 E115.54483
G1 F2851.5 X95.636 Y133.131 E115.57756
G1 F2857.1 X95.658 Y133.266 E115.58329
G1 F3265.3 X95.698 Y133.877 E115.60574
G1 F3600 X95.696 Y137.033 E115.71071
G1 X95.639 Y137.193 E115.71636
G1 X95.478 Y137.379 E115.72454
G1 X95.261 Y137.476 E115.73245
G1 X95.087 Y137.476 E115.73824
G1 F2400 E114.93824
G0 F12000 X95.522 Y137.646
G0 X92.897 Y137.636
G0 X92.905 Y134.721
G0 X92.935 Y134.897
G1 F2400 E115.73824
G1 F3600 X93.693 Y134.689 E115.76438
G1 X94.265 Y134.3 E115.78739
G1 X94.623 Y133.924 E115.80466
G1 X94.767 Y133.708 E115.81329
G1 F3265.3 X95.072 Y133.14 E115.83693
G1 F2857.1 X95.113 Y133.086 E115.83977
G1 F2829.1 X95.162 Y132.408 E115.86854
G1 F3185.8 X95.088 Y132.073 E115.88144
G1 F3546.8 X95.065 Y131.907 E115.88709
G1 F3600 X94.874 Y131.368 E115.90611
G1 X94.628 Y130.96 E115.92196
G1 X94.274 Y130.578 E115.93928
G1 X93.83 Y130.267 E115.95731
G1 X93.329 Y130.065 E115.97528
G1 X92.637 Y129.948 E115.99862
G1 X92.015 Y130.05 E116.01959
G1 X91.512 Y130.25 E116.03759
G1 X91.033 Y130.575 E116.05684
G1 X90.68 Y130.96 E116.07421
G1 X90.36 Y131.492 E116.09486
G1 F3178.8 X90.135 Y132.259 E116.12497
G1 F2975.2 X90.195 Y133.071 E116.15774
G1 F3341.1 X90.556 Y133.725 E116.18451
G1 F3600 X90.848 Y134.11 E116.20058
G1 X91.376 Y134.567 E116.22381
G1 X91.979 Y134.803 E116.24535
G1 X92.249 Y134.864 E116.25455
G1 X92.935 Y134.897 E116.27739
G1 F2400 E115.47739
G0 F12000 X92.897 Y134.641
G0 X93.92 Y133.925
G0 X94.285 Y133.538
G0 X94.551 Y132.96
G0 X94.609 Y132.437
G0 X94.564 Y132.018
G0 X94.428 Y131.618
G0 X94.21 Y131.257
G0 X93.975 Y131.009
G0 X92.639 Y130.133
G0 X92.932 Y104.717
G0 X92.941 Y104.896
G1 F2400 E116.27739
G1 F3600 X93.546 Y104.733 E116.29823
G1 X93.801 Y104.618 E116.30754
G1 X94.261 Y104.299 E116.32616
G1 X94.712 Y103.827 E116.34787
G1 X95.034 Y103.124 E116.37359
G1 F3582.1 X95.075 Y102.858 E116.38258
G1 F3157.9 X95.166 Y102.46 E116.39806
G1 F2801.6 X95.122 Y101.913 E116.42152
G1 F3130.4 X94.88 Y101.376 E116.44405
G1 F3600 X94.624 Y100.952 E116.46052
G1 X94.242 Y100.551 E116.47894
G1 X93.83 Y100.267 E116.49558
G1 F3228.7 X93.351 Y100.023 E116.51552
G1 F2812.5 X93.303 Y99.989 E116.51802
G1 F2868.5 X92.64 Y99.909 E116.5459
G1 F3070.4 X92.028 Y99.983 E116.56994
G1 F3333.3 X91.475 Y100.27 E116.59232
G1 F3600 X91.067 Y100.546 E116.6087
G1 X90.704 Y100.932 E116.62633
G1 X90.428 Y101.38 E116.64383
G1 X90.322 Y101.642 E116.65323
G1 F3178.8 X90.135 Y102.257 E116.67744
G1 F2975.2 X90.195 Y103.071 E116.71029
G1 F3341.1 X90.556 Y103.725 E116.73706
G1 F3600 X90.848 Y104.11 E116.75313
G1 X91.376 Y104.567 E116.77636
G1 X91.974 Y104.803 E116.79774
G1 X92.25 Y104.864 E116.80714
G1 X92.941 Y104.896 E116.83015
G1 F2400 E116.03015
G0 F12000 X92.923 Y104.637
G0 X91.645 Y104.123
G0 X91.24 Y103.78
G0 X90.985 Y103.444
G0 X90.763 Y102.965
G0 X90.694 Y102.332
G0 X91.168 Y100.7
G0 X91.168 Y99.236
G0 X90.474 Y99.596
G1 F2400 E116.83015
G1 F3600 X89.817 Y100.254 E116.86108
G0 F12000 X89.817 Y100.819
G1 F3600 X91.04 Y99.596 E116.9186
G0 F12000 X91.566 Y99.636
G1 F3600 X89.817 Y101.384 E117.00085
G0 F12000 X90.107 Y101.661
G1 F3600 X89.863 Y101.904 E117.0123
G0 F12000 X89.356 Y101.904
G0 X89.456 Y103.148
G0 X90.438 Y103.058
G0 X90.095 Y103.369
G1 F3600 X89.853 Y103.612 E117.02371
G0 F12000 X90.315 Y103.716
G1 F3600 X89.817 Y104.213 E117.04711
G0 F12000 X89.817 Y104.779
G1 F3600 X90.549 Y104.047 E117.08154
G0 F12000 X90.814 Y104.348
G1 F3600 X89.817 Y105.345 E117.12843
G0 F12000 X89.817 Y105.91
G1 F3600 X91.118 Y104.609 E117.18963
G0 F12000 X91.473 Y104.819
G1 F3600 X89.817 Y106.476 E117.26755
G0 F12000 X89.817 Y107.042
G1 F3600 X91.879 Y104.98 E117.36454
G0 F12000 X92.357 Y105.068
G1 F3600 X89.817 Y107.608 E117.48401
G0 F12000 X89.817 Y108.173
G1 F3600 X92.897 Y105.093 E117.62888
G0 F12000 X93.656 Y104.9
G1 F3600 X89.817 Y108.739 E117.80946
G0 F12000 X89.817 Y109.305
G1 F3600 X95.853 Y103.268 E118.0934
G0 F12000 X95.616 Y102.94
G1 F3600 X95.104 Y103.452 E118.11748
G0 F12000 X94.689 Y103.262
G0 X94.891 Y102.899
G0 X95.89 Y102.629
G0 X96.2 Y103.486
G1 F3600 X89.817 Y109.87 E118.41774
G0 F12000 X89.817 Y110.436
G1 F3600 X96.496 Y103.757 E118.7319
G0 F12000 X96.496 Y104.322
G1 F3600 X89.817 Y111.002 E119.04608
G0 F12000 X89.817 Y111.567
G1 F3600 X96.496 Y104.888 E119.36024
G0 F12000 X96.496 Y105.454
G1 F3600 X89.817 Y112.133 E119.6744
G0 F12000 X89.817 Y112.699
G1 F3600 X96.496 Y106.019 E119.98859
G0 F12000 X96.496 Y106.585
G1 F3600 X89.817 Y113.264 E120.30275
G0 F12000 X89.817 Y113.83
G1 F3600 X96.496 Y107.151 E120.61691
G0 F12000 X96.496 Y107.716
G1 F3600 X89.817 Y114.396 E120.93109
G0 F12000 X89.817 Y114.961
G1 F3600 X96.496 Y108.282 E121.24525
G0 F12000 X96.496 Y108.848
G1 F3600 X89.817 Y115.527 E121.55941
G0 F12000 X89.817 Y116.093
G1 F3600 X96.496 Y109.413 E121.87359
G0 F12000 X96.496 Y109.979
G1 F3600 X89.817 Y116.658 E122.18775
G0 F12000 X89.817 Y117.224
G1 F3600 X96.496 Y110.545 E122.50191
G0 F12000 X96.496 Y111.111
G1 F3600 X89.817 Y117.79 E122.81607
G0 F12000 X89.817 Y118.356
G1 F3600 X96.496 Y111.676 E123.13025
G0 F12000 X96.496 Y112.242
G1 F3600 X89.817 Y118.921 E123.44441
G0 F12000 X89.817 Y119.487
G1 F3600 X96.496 Y112.808 E123.75857
G0 F12000 X96.496 Y113.373
G1 F3600 X89.817 Y120.053 E124.07276
G0 F12000 X89.817 Y120.618
G1 F3600 X96.496 Y113.939 E124.38692
G0 F12000 X96.496 Y114.505
G1 F3600 X89.817 Y121.184 E124.70108
G0 F12000 X89.817 Y121.75
G1 F3600 X96.496 Y115.07 E125.01526
G0 F12000 X96.496 Y115.636
G1 F3600 X89.817 Y122.315 E125.32942
G0 F12000 X89.817 Y122.881
G1 F3600 X96.496 Y116.202 E125.64358
G0 F12000 X96.496 Y116.767
G1 F3600 X89.817 Y123.447 E125.95776
G0 F12000 X89.817 Y124.012
G1 F3600 X96.496 Y117.333 E126.27192
G0 F12000 X96.496 Y117.899
G1 F3600 X89.817 Y124.578 E126.58608
G0 F12000 X89.817 Y125.144
G1 F3600 X96.496 Y118.464 E126.90026
G0 F12000 X96.496 Y119.03
G1 F3600 X89.817 Y125.709 E127.21442
G0 F12000 X89.817 Y126.275
G1 F3600 X96.496 Y119.596 E127.52858
G0 F12000 X96.496 Y120.161
G1 F3600 X89.817 Y126.841 E127.84277
G0 F12000 X89.817 Y127.406
G1 F3600 X96.496 Y120.727 E128.15693
G0 F12000 X96.496 Y121.293
G1 F3600 X89.817 Y127.972 E128.47109
G0 F12000 X89.817 Y128.538
G1 F3600 X96.496 Y121.859 E128.78525
G0 F12000 X96.496 Y122.424
G1 F3600 X89.817 Y129.104 E129.09943
G0 F12000 X89.817 Y129.669
G1 F3600 X96.496 Y122.99 E129.41359
G0 F12000 X96.496 Y123.556
G1 F3600 X89.817 Y130.235 E129.72775
G0 F12000 X89.817 Y130.801
G1 F3600 X96.496 Y124.121 E130.04193
G0 F12000 X96.496 Y124.687
G1 F3600 X89.817 Y131.366 E130.35609
G0 F12000 X90.092 Y131.656
G1 F3600 X89.868 Y131.881 E130.36665
G0 F12000 X89.356 Y131.881
G0 X89.456 Y133.137
G0 X90.438 Y133.058
G0 X90.088 Y133.358
G1 F3600 X89.856 Y133.59 E130.37756
G0 F12000 X90.307 Y133.704
G1 F3600 X89.816 Y134.195 E130.40066
G0 F12000 X89.816 Y134.761
G1 F3600 X90.541 Y134.036 E130.43476
G0 F12000 X90.803 Y134.34
G1 F3600 X89.816 Y135.327 E130.48119
G0 F12000 X89.816 Y135.892
G1 F3600 X91.107 Y134.601 E130.54191
G0 F12000 X91.46 Y134.814
G1 F3600 X89.816 Y136.458 E130.61924
G0 F12000 X89.822 Y137.017
G1 F3600 X91.867 Y134.973 E130.71541
G0 F12000 X92.338 Y135.067
G1 F3600 X90.129 Y137.276 E130.81931
G0 F12000 X90.695 Y137.276
G1 F3600 X92.872 Y135.099 E130.92171
G0 F12000 X93.623 Y134.914
G1 F3600 X91.261 Y137.276 E131.03281
G0 F12000 X91.826 Y137.276
G1 F3600 X95.466 Y133.637 E131.204
G0 F12000 X95.281 Y133.256
G1 F3600 X95.381 Y133.156 E131.20871
G0 F12000 X95.96 Y133.157
G0 X95.959 Y134.172
G0 X95.498 Y134.171
G1 F3600 X92.392 Y137.276 E131.35478
G0 F12000 X92.958 Y137.276
G1 F3600 X95.498 Y134.736 E131.47425
G0 F12000 X95.497 Y135.303
G1 F3600 X93.523 Y137.276 E131.56708
G0 F12000 X94.089 Y137.276
G1 F3600 X95.497 Y135.868 E131.63331
G0 F12000 X95.496 Y136.435
G1 F3600 X94.655 Y137.276 E131.67287
G0 F12000 X95.223 Y137.273
G1 F3600 X95.493 Y137.003 E131.68557
G1 F2400 E130.88557
G0 F12000 X95.747 Y137.472
G0 X95.861 Y132.347
G0 X94.936 Y132.436
G0 X95.309 Y132.097
G1 F2400 E131.68557
G1 F3600 X96.496 Y130.91 E131.7414
G0 F12000 X96.496 Y130.344
G1 F3600 X95.185 Y131.655 E131.80306
G0 F12000 X95.032 Y131.242
G1 F3600 X96.496 Y129.778 E131.87193
G0 F12000 X96.496 Y129.212
G1 F3600 X94.819 Y130.889 E131.95081
G0 F12000 X94.557 Y130.586
G1 F3600 X96.496 Y128.647 E132.04201
G0 F12000 X96.496 Y128.081
G1 F3600 X94.258 Y130.319 E132.14728
G0 F12000 X93.923 Y130.089
G1 F3600 X96.496 Y127.515 E132.26833
G0 F12000 X96.496 Y126.95
G1 F3600 X93.521 Y129.925 E132.40827
G0 F12000 X93.064 Y129.816
G1 F3600 X96.496 Y126.384 E132.5697
G0 F12000 X96.496 Y125.818
G1 F3600 X92.554 Y129.76 E132.75512
G0 F12000 X91.854 Y129.895
G1 F3600 X96.496 Y125.253 E132.97346
G1 F2400 E132.17346
G0 F12000 X96.956 Y125.253
G0 X96.856 Y103.436
G0 X94.875 Y103.046
G0 X95.238 Y101.62
G1 F2400 E132.97346
G1 F3600 X95.483 Y101.376 E132.98496
G0 F12000 X95.039 Y101.253
G1 F3600 X95.498 Y100.795 E133.00653
G0 F12000 X95.497 Y100.23
G1 F3600 X94.827 Y100.901 E133.03807
G0 F12000 X94.566 Y100.595
G1 F3600 X95.428 Y99.734 E133.07859
G0 F12000 X95 Y99.596
G1 F3600 X94.269 Y100.326 E133.11295
G0 F12000 X93.933 Y100.097
G1 F3600 X94.434 Y99.596 E133.13651
G0 F12000 X93.849 Y99.615
G1 F3600 X93.583 Y99.881 E133.14903
G1 F2400 E132.34903
G0 F12000 X93.39 Y100.37
G0 X94.21 Y101.257
G0 X94.386 Y101.549
G0 X94.875 Y103.046
G0 X96.856 Y103.436
G0 X127.651 Y137.557
G0 X128.054 Y137.476
G1 F2400 E133.14903
G1 F3600 X127.914 Y137.428 E133.15395
G1 X127.737 Y137.297 E133.16127
G1 X127.616 Y137.036 E133.17084
G1 X127.617 Y133.895 E133.27531
G1 F3272.7 X127.655 Y133.285 E133.29767
G1 F2868.5 X127.678 Y133.142 E133.30372
G1 F2851.5 X127.654 Y132.391 E133.33527
G1 F3116.9 X127.602 Y132.188 E133.34332
G1 F3348.8 X127.424 Y131.852 E133.35691
G1 F3512.2 X127.12 Y131.591 E133.37057
G1 F3600 X126.616 Y131.463 E133.38787
G1 X126.616 Y103.409 E134.32095
G1 X127.116 Y103.281 E134.33812
G1 X127.337 Y103.109 E134.34743
G1 X127.515 Y102.859 E134.35764
G1 F3221.5 X127.659 Y102.502 E134.37194
G1 F2926.8 X127.658 Y102.186 E134.38487
G1 F3236 X127.614 Y101.596 E134.40676
G1 F3600 X127.616 Y99.878 E134.46391
G1 X127.652 Y99.714 E134.46949
G1 X127.783 Y99.524 E134.47717
G1 X128.01 Y99.396 E134.48583
G1 X129.364 Y99.396 E134.53087
G1 F3207.1 X129.857 Y99.444 E134.54936
G1 F2790.7 X129.961 Y99.462 E134.55389
G1 F2845.8 X130.652 Y99.435 E134.58298
G1 F2857.1 X131.343 Y99.462 E134.61196
G1 F2807 X131.451 Y99.443 E134.61664
G1 F3214.3 X131.944 Y99.396 E134.63509
G1 F3600 X133.204 Y99.396 E134.677
G1 X133.356 Y99.426 E134.68215
G1 X133.526 Y99.524 E134.68868
G1 X133.665 Y99.719 E134.69664
G1 X133.696 Y99.862 E134.70151
G1 X133.696 Y101.282 E134.74874
G1 F3144.1 X133.638 Y101.886 E134.77185
G1 F2857.1 X133.651 Y102.385 E134.79277
G1 F2834.6 X133.634 Y103.13 E134.82424
G1 F2862.8 X133.656 Y103.266 E134.83
G1 F3272.7 X133.696 Y103.876 E134.85237
G1 F3600 X133.696 Y131.282 E135.7639
G1 F3144.1 X133.638 Y131.886 E135.78701
G1 F2857.1 X133.651 Y132.385 E135.80792
G1 F2834.6 X133.634 Y133.13 E135.8394
G1 F2862.8 X133.656 Y133.266 E135.84516
G1 F3272.7 X133.696 Y133.876 E135.86753
G1 F3600 X133.696 Y136.993 E135.9712
G1 X133.622 Y137.225 E135.9793
G1 X133.413 Y137.422 E135.98885
G1 X133.144 Y137.476 E135.99798
G1 X128.054 Y137.476 E136.16727
G1 F2400 E135.36727
G0 F12000 X127.651 Y137.557
G0 X130.897 Y137.636
G0 X130.905 Y134.721
G0 X130.935 Y134.897
G1 F2400 E136.16727
G1 F3600 X131.693 Y134.689 E136.19342
G1 X132.233 Y134.326 E136.21506
G1 X132.623 Y133.923 E136.23371
G1 X132.767 Y133.707 E136.24234
G1 F3272.7 X133.071 Y133.14 E136.26588
G1 F2862.8 X133.112 Y133.085 E136.26875
G1 F2834.6 X133.161 Y132.462 E136.29515
G1 F3038 X133.123 Y131.933 E136.31605
G1 F3356.6 X132.879 Y131.371 E136.33791
G1 F3600 X132.627 Y130.959 E136.35397
G1 X132.265 Y130.573 E136.37157
G1 X131.827 Y130.263 E136.38942
G1 X131.29 Y130.054 E136.40858
G1 X130.661 Y129.948 E136.4298
G1 X130.006 Y130.058 E136.45189
G1 X129.523 Y130.241 E136.46907
G1 X129.035 Y130.577 E136.48878
G1 X128.707 Y130.921 E136.50458
G1 X128.347 Y131.52 E136.52783
G1 F3582.1 X128.227 Y132.05 E136.54599
G1 F3243.2 X128.135 Y132.33 E136.55687
G1 F3038 X128.195 Y133.075 E136.58633
G1 F3341.1 X128.556 Y133.725 E136.61298
G1 F3600 X128.848 Y134.11 E136.62905
G1 X129.376 Y134.567 E136.65228
G1 X129.979 Y134.803 E136.67381
G1 X130.249 Y134.864 E136.68302
G1 X130.935 Y134.897 E136.70586
G1 F2400 E135.90586
G0 F12000 X130.897 Y134.641
G0 X131.92 Y133.925
G0 X132.285 Y133.538
G0 X132.551 Y132.96
G0 X132.609 Y132.437
G0 X132.564 Y132.018
G0 X132.428 Y131.618
G0 X132.21 Y131.257
G0 X131.975 Y131.009
G0 X130.659 Y130.133
G0 X130.785 Y104.717
G0 X130.935 Y104.898
G1 F2400 E136.70586
G1 F3600 X131.542 Y104.733 E136.72678
G1 X131.805 Y104.614 E136.73638
G1 X132.234 Y104.321 E136.75366
G1 X132.6 Y103.952 E136.77095
G1 X132.767 Y103.707 E136.78081
G1 F3272.7 X133.071 Y103.14 E136.80435
G1 F2862.8 X133.112 Y103.085 E136.80722
G1 F2834.6 X133.161 Y102.462 E136.83362
G1 F3038 X133.123 Y101.933 E136.85452
G1 F3356.6 X132.88 Y101.372 E136.87633
G1 F3600 X132.628 Y100.956 E136.8925
G1 X132.269 Y100.573 E136.90996
G1 X131.831 Y100.264 E136.92779
G1 F3333.3 X131.277 Y99.987 E136.95004
G1 F2963 X130.652 Y99.909 E136.97549
G1 F2769.2 X130.006 Y99.989 E137.00364
G1 F2790.7 X129.963 Y100.02 E137.00591
G1 F3207.1 X129.477 Y100.263 E137.0262
G1 F3600 X129.057 Y100.555 E137.04321
G1 X128.708 Y100.928 E137.0602
G1 X128.429 Y101.375 E137.07773
G1 X128.321 Y101.643 E137.08734
G1 F3236 X128.141 Y102.239 E137.11038
G1 F2926.8 X128.152 Y102.495 E137.12086
G1 F3185.8 X128.231 Y102.844 E137.13431
G1 F3564.4 X128.274 Y103.133 E137.14412
G1 F3600 X128.538 Y103.697 E137.16483
G1 X128.874 Y104.137 E137.18325
G1 X129.258 Y104.465 E137.20005
G1 X129.493 Y104.608 E137.20919
G1 X130.12 Y104.863 E137.23171
G1 X130.935 Y104.898 E137.25884
G1 F2400 E136.45884
G0 F12000 X130.905 Y104.622
G0 X129.645 Y104.123
G0 X129.24 Y103.78
G0 X128.985 Y103.444
G0 X128.763 Y102.965
G0 X128.694 Y102.332
G0 X129.165 Y100.703
G0 X129.165 Y99.236
G0 X128.375 Y99.596
G1 F2400 E137.25884
G1 F3600 X127.817 Y100.155 E137.28511
G0 F12000 X127.815 Y100.722
G1 F3600 X128.941 Y99.596 E137.33807
G0 F12000 X129.483 Y99.619
G1 F3600 X127.815 Y101.288 E137.41655
G0 F12000 X128.16 Y101.508
G1 F3600 X127.848 Y101.821 E137.43125
G0 F12000 X128.003 Y102.796
G1 F3600 X126.816 Y103.984 E137.48711
G0 F12000 X126.816 Y104.549
G1 F3600 X128.11 Y103.255 E137.54798
G0 F12000 X128.29 Y103.641
G1 F3600 X126.816 Y105.115 E137.61731
G0 F12000 X126.816 Y105.681
G1 F3600 X128.508 Y103.989 E137.69689
G0 F12000 X128.76 Y104.302
G1 F3600 X126.816 Y106.246 E137.78833
G0 F12000 X126.816 Y106.812
G1 F3600 X129.065 Y104.563 E137.89412
G0 F12000 X129.409 Y104.785
G1 F3600 X126.816 Y107.378 E138.01609
G0 F12000 X126.816 Y107.943
G1 F3600 X129.807 Y104.952 E138.15677
G0 F12000 X130.256 Y105.069
G1 F3600 X126.816 Y108.509 E138.31858
G0 F12000 X126.816 Y109.075
G1 F3600 X130.803 Y105.088 E138.50612
G0 F12000 X131.507 Y104.949
G1 F3600 X126.816 Y109.64 E138.72677
G0 F12000 X126.816 Y110.206
G1 F3600 X133.455 Y103.567 E139.03905
G0 F12000 X133.496 Y104.092
G1 F3600 X126.816 Y110.772 E139.35325
G0 F12000 X126.816 Y111.337
G1 F3600 X133.496 Y104.657 E139.66746
G0 F12000 X133.496 Y105.223
G1 F3600 X126.816 Y111.903 E139.98167
G0 F12000 X126.816 Y112.469
G1 F3600 X133.496 Y105.789 E140.29587
G0 F12000 X133.496 Y106.355
G1 F3600 X126.816 Y113.035 E140.61008
G0 F12000 X126.816 Y113.6
G1 F3600 X133.496 Y106.92 E140.92429
G0 F12000 X133.496 Y107.486
G1 F3600 X126.816 Y114.166 E141.23849
G0 F12000 X126.816 Y114.732
G1 F3600 X133.496 Y108.052 E141.5527
G0 F12000 X133.496 Y108.617
G1 F3600 X126.816 Y115.297 E141.86691
G0 F12000 X126.816 Y115.863
G1 F3600 X133.496 Y109.183 E142.18111
G0 F12000 X133.496 Y109.749
G1 F3600 X126.816 Y116.429 E142.49532
G0 F12000 X126.816 Y116.994
G1 F3600 X133.496 Y110.314 E142.80953
G0 F12000 X133.496 Y110.88
G1 F3600 X126.816 Y117.56 E143.12373
G0 F12000 X126.816 Y118.126
G1 F3600 X133.496 Y111.446 E143.43794
G0 F12000 X133.496 Y112.011
G1 F3600 X126.816 Y118.691 E143.75215
G0 F12000 X126.816 Y119.257
G1 F3600 X133.496 Y112.577 E144.06635
G0 F12000 X133.496 Y113.143
G1 F3600 X126.816 Y119.823 E144.38056
G0 F12000 X126.816 Y120.388
G1 F3600 X133.496 Y113.708 E144.69477
G0 F12000 X133.496 Y114.274
G1 F3600 X126.816 Y120.954 E145.00897
G0 F12000 X126.816 Y121.52
G1 F3600 X133.496 Y114.84 E145.32318
G0 F12000 X133.496 Y115.405
G1 F3600 X126.816 Y122.086 E145.63741
G0 F12000 X126.816 Y122.651
G1 F3600 X133.496 Y115.971 E145.95162
G0 F12000 X133.496 Y116.537
G1 F3600 X126.816 Y123.217 E146.26582
G0 F12000 X126.816 Y123.783
G1 F3600 X133.496 Y117.103 E146.58003
G0 F12000 X133.496 Y117.668
G1 F3600 X126.816 Y124.348 E146.89424
G0 F12000 X126.816 Y124.914
G1 F3600 X133.496 Y118.234 E147.20844
G0 F12000 X133.496 Y118.8
G1 F3600 X126.816 Y125.48 E147.52265
G0 F12000 X126.816 Y126.045
G1 F3600 X133.496 Y119.365 E147.83686
G0 F12000 X133.496 Y119.931
G1 F3600 X126.816 Y126.611 E148.15106
G0 F12000 X126.816 Y127.177
G1 F3600 X133.496 Y120.497 E148.46527
G0 F12000 X133.496 Y121.062
G1 F3600 X126.816 Y127.742 E148.77948
G0 F12000 X126.816 Y128.308
G1 F3600 X133.496 Y121.628 E149.09368
G0 F12000 X133.496 Y122.194
G1 F3600 X126.816 Y128.874 E149.40789
G0 F12000 X126.816 Y129.439
G1 F3600 X133.496 Y122.759 E149.7221
G0 F12000 X133.496 Y123.325
G1 F3600 X126.816 Y130.005 E150.03631
G0 F12000 X126.816 Y130.571
G1 F3600 X133.496 Y123.891 E150.35051
G0 F12000 X133.496 Y124.456
G1 F3600 X126.816 Y131.136 E150.66472
G0 F12000 X127.129 Y131.389
G1 F3600 X133.496 Y125.022 E150.9642
G0 F12000 X133.496 Y125.588
G1 F3600 X127.462 Y131.622 E151.24802
G0 F12000 X127.697 Y131.952
G1 F3600 X128.145 Y131.504 E151.2691
G0 F12000 X128.594 Y131.603
G0 X128.534 Y133.073
G0 X128.048 Y133.299
G1 F3600 X127.871 Y133.476 E151.27742
G0 F12000 X128.268 Y133.645
G1 F3600 X127.817 Y134.096 E151.29864
G0 F12000 X127.817 Y134.661
G1 F3600 X128.498 Y133.98 E151.33067
G0 F12000 X128.75 Y134.294
G1 F3600 X127.817 Y135.227 E151.37455
G0 F12000 X127.817 Y135.793
G1 F3600 X129.055 Y134.555 E151.43278
G0 F12000 X129.389 Y134.787
G1 F3600 X127.817 Y136.358 E151.5067
G0 F12000 X127.817 Y136.924
G1 F3600 X129.796 Y134.945 E151.59979
G0 F12000 X130.244 Y135.062
G1 F3600 X128.051 Y137.256 E151.70296
G0 F12000 X128.596 Y137.276
G1 F3600 X130.779 Y135.093 E151.80565
G0 F12000 X131.486 Y134.952
G1 F3600 X129.162 Y137.276 E151.91496
G0 F12000 X129.727 Y137.276
G1 F3600 X133.452 Y133.551 E152.09017
G0 F12000 X133.496 Y134.073
G1 F3600 X130.293 Y137.276 E152.24083
G0 F12000 X130.859 Y137.276
G1 F3600 X133.496 Y134.639 E152.36487
G0 F12000 X133.496 Y135.204
G1 F3600 X131.424 Y137.276 E152.46233
G0 F12000 X131.99 Y137.276
G1 F3600 X133.496 Y135.77 E152.53317
G0 F12000 X133.496 Y136.336
G1 F3600 X132.556 Y137.276 E152.57738
G0 F12000 X133.121 Y137.276
G1 F3600 X133.496 Y136.902 E152.595
G1 F2400 E151.795
G0 F12000 X133.9 Y137.21
G0 X133.856 Y131.704
G0 X132.887 Y131.939
G0 X133.198 Y131.543
G1 F2400 E152.595
G1 F3600 X133.496 Y131.245 E152.60901
G0 F12000 X132.997 Y131.178
G1 F3600 X133.496 Y130.679 E152.63249
G0 F12000 X133.496 Y130.113
G1 F3600 X132.782 Y130.827 E152.66607
G0 F12000 X132.507 Y130.537
G1 F3600 X133.496 Y129.548 E152.71259
G0 F12000 X133.496 Y128.982
G1 F3600 X132.199 Y130.279 E152.7736
G0 F12000 X131.857 Y130.055
G1 F3600 X133.496 Y128.416 E152.85069
G0 F12000 X133.496 Y127.851
G1 F3600 X131.449 Y129.898 E152.94697
G0 F12000 X130.981 Y129.8
G1 F3600 X133.496 Y127.285 E153.06527
G0 F12000 X133.496 Y126.719
G1 F3600 X130.43 Y129.785 E153.20949
G0 F12000 X129.686 Y129.964
G1 F3600 X133.496 Y126.154 E153.3887
G1 F2400 E152.5887
G0 F12000 X133.956 Y126.154
G0 X133.856 Y101.717
G0 X132.887 Y101.939
G0 X133.204 Y101.555
G1 F2400 E153.3887
G1 F3600 X133.496 Y101.263 E153.40243
G0 F12000 X133.004 Y101.19
G1 F3600 X133.496 Y100.698 E153.42557
G0 F12000 X133.496 Y100.132
G1 F3600 X132.791 Y100.837 E153.45874
G0 F12000 X132.519 Y100.544
G1 F3600 X133.388 Y99.674 E153.49963
G0 F12000 X132.901 Y99.596
G1 F3600 X132.211 Y100.286 E153.53209
G0 F12000 X131.874 Y100.057
G1 F3600 X132.335 Y99.596 E153.55377
G0 F12000 X131.728 Y99.637
G1 F3600 X131.525 Y99.841 E153.56335
G1 F2400 E152.76335
;MESH:NONMESH
G0 F300 X131.525 Y99.841 Z0.6
G0 F12000 X131.329 Y100.346
G0 X130.044 Y100.235
G0 X82.014 Y91.528
;TIME_ELAPSED:203.542893
;LAYER:2
M106 S170
;TYPE:SKIRT
G1 F2400 E153.56335
G1 F1800 X82.958 Y90.718 E153.60472
G1 X83.205 Y90.531 E153.61502
G1 X83.949 Y90.018 E153.64508
G1 X85.036 Y89.426 E153.68625
G1 X85.32 Y89.293 E153.69668
G1 X86.154 Y88.946 E153.72672
G1 X87.336 Y88.595 E153.76773
G1 X87.65 Y88.522 E153.77845
G1 X88.538 Y88.357 E153.80849
G1 X89.759 Y88.259 E153.84924
G1 X90.974 Y88.237 E153.88965
G1 X94.603 Y88.237 E154.01035
G1 X95.447 Y88.248 E154.03843
G1 X95.994 Y88.271 E154.05664
G1 X96.897 Y88.371 E154.08686
G1 X97.688 Y88.495 E154.11349
G1 X100.262 Y88.862 E154.19996
G1 X102.76 Y89.146 E154.28358
G1 X105.284 Y89.361 E154.36783
G1 X107.844 Y89.506 E154.45312
G1 X110.383 Y89.579 E154.5376
G1 X112.917 Y89.579 E154.62188
G1 X115.444 Y89.508 E154.70596
G1 X117.985 Y89.364 E154.79061
G1 X120.535 Y89.148 E154.87573
G1 X123.021 Y88.866 E154.95894
G1 X126.497 Y88.357 E155.07579
G1 X127.711 Y88.26 E155.1163
G1 X128.974 Y88.237 E155.15831
G1 X132.753 Y88.238 E155.284
G1 X133.435 Y88.248 E155.30669
G1 X134.336 Y88.301 E155.33671
G1 X135.161 Y88.421 E155.36443
G1 X135.715 Y88.527 E155.38319
G1 X136.125 Y88.622 E155.39719
G1 X136.531 Y88.732 E155.41118
G1 X136.99 Y88.879 E155.42721
G1 X137.548 Y89.091 E155.44707
G1 X138.164 Y89.361 E155.46944
G1 X138.966 Y89.778 E155.4995
G1 X139.669 Y90.222 E155.52716
G1 X139.944 Y90.412 E155.53827
G1 X140.664 Y90.958 E155.56833
G1 X141.617 Y91.86 E155.61197
G1 X141.828 Y92.087 E155.62228
G1 X142.413 Y92.775 E155.65232
G1 X143.082 Y93.748 E155.69159
G1 X143.283 Y94.08 E155.7045
G1 X143.717 Y94.873 E155.73456
G1 X144.078 Y95.701 E155.76461
G1 X144.364 Y96.557 E155.79463
G1 X144.504 Y97.099 E155.81324
G1 X144.631 Y97.681 E155.83306
G1 X144.772 Y98.573 E155.86309
G1 X144.834 Y99.512 E155.89439
G1 X144.857 Y100.761 E155.93594
G1 X144.856 Y136.519 E157.12526
G1 X144.847 Y137.181 E157.14728
G1 X144.795 Y138.082 E157.17729
G1 X144.665 Y138.963 E157.20691
G1 X144.595 Y139.328 E157.21928
G1 X144.386 Y140.207 E157.24933
G1 X143.981 Y141.36 E157.28997
G1 X143.87 Y141.624 E157.2995
G1 X143.483 Y142.441 E157.32957
G1 X142.828 Y143.514 E157.37138
G1 X142.647 Y143.773 E157.38189
G1 X142.097 Y144.489 E157.41192
G1 X141.261 Y145.372 E157.45236
G1 X141.054 Y145.566 E157.4618
G1 X140.368 Y146.154 E157.49185
G1 X139.382 Y146.837 E157.53174
G1 X139.106 Y147.005 E157.54249
G1 X138.315 Y147.44 E157.57251
G1 X137.133 Y147.933 E157.61511
G1 X136.829 Y148.038 E157.6258
G1 X135.963 Y148.295 E157.65585
G1 X134.865 Y148.505 E157.69303
G1 X134.103 Y148.587 E157.71852
G1 X133.507 Y148.623 E157.73838
G1 X133.018 Y148.636 E157.75465
G1 X128.606 Y148.637 E157.90139
G1 X127.762 Y148.626 E157.92947
G1 X127.113 Y148.596 E157.95108
G1 X126.315 Y148.503 E157.9778
G1 X125.6 Y148.391 E158.00187
G1 X123.037 Y148.026 E158.08798
G1 X120.48 Y147.735 E158.17357
G1 X117.973 Y147.52 E158.25726
G1 X115.424 Y147.376 E158.34217
G1 X112.885 Y147.303 E158.42666
G1 X110.351 Y147.303 E158.51094
G1 X107.816 Y147.374 E158.59529
G1 X105.289 Y147.516 E158.67947
G1 X102.73 Y147.733 E158.76489
G1 X100.229 Y148.017 E158.8486
G1 X96.74 Y148.522 E158.96586
G1 X96.103 Y148.587 E158.98715
G1 X95.507 Y148.623 E159.00701
G1 X95.018 Y148.636 E159.02328
G1 X90.606 Y148.637 E159.17003
G1 X89.762 Y148.626 E159.1981
G1 X88.86 Y148.573 E159.22815
G1 X87.967 Y148.441 E159.25818
G1 X87.089 Y148.23 E159.28821
G1 X86.271 Y147.972 E159.31674
G1 X85.43 Y147.643 E159.34677
G1 X84.617 Y147.239 E159.37697
G1 X84.359 Y147.096 E159.38678
G1 X83.59 Y146.624 E159.41679
G1 X82.639 Y145.896 E159.45663
G1 X82.383 Y145.675 E159.46787
G1 X81.726 Y145.055 E159.49792
G1 X80.908 Y144.1 E159.53974
G1 X80.683 Y143.802 E159.55216
G1 X80.171 Y143.058 E159.5822
G1 X79.727 Y142.272 E159.61223
G1 X79.354 Y141.449 E159.64228
G1 X79.17 Y140.953 E159.65987
G1 X78.915 Y140.178 E159.68701
G1 X78.689 Y139.303 E159.71707
G1 X78.541 Y138.412 E159.74711
G1 X78.477 Y137.335 E159.78299
G1 X78.469 Y137.335 E159.78326
G1 X78.457 Y136.41 E159.81403
G1 X78.458 Y100.343 E161.01362
G1 X78.468 Y99.656 E161.03647
G1 X78.521 Y98.754 E161.06653
G1 X78.643 Y97.915 E161.09472
G1 X78.8 Y97.134 E161.12122
G1 X79.04 Y96.263 E161.15127
G1 X79.356 Y95.417 E161.18131
G1 X79.808 Y94.486 E161.21573
G1 X79.995 Y94.146 E161.22863
G1 X80.464 Y93.375 E161.25865
G1 X81.211 Y92.397 E161.29958
G1 X81.394 Y92.185 E161.3089
G1 X82.014 Y91.528 E161.33894
G1 F2400 E160.53894
;MESH:Camera mount.stl(1)
G0 F15000 X90.837 Y101.055
G0 X92.905 Y104.536
;TYPE:WALL-INNER
G1 F2400 E161.33894
G1 F5400 X92.205 Y104.508 E161.36224
G1 X91.566 Y104.254 E161.38511
G1 X91.124 Y103.878 E161.40441
G1 X90.856 Y103.526 E161.41913
G1 X90.614 Y103.008 E161.43814
G1 X90.543 Y102.303 E161.46171
G1 X90.688 Y101.651 E161.48393
G1 X90.984 Y101.162 E161.50294
G1 X91.285 Y100.839 E161.51762
G1 X91.668 Y100.574 E161.53311
G1 X92.095 Y100.409 E161.54834
G1 X92.657 Y100.315 E161.56729
G1 X93.216 Y100.41 E161.58615
G1 X93.64 Y100.574 E161.60127
G1 X94.019 Y100.836 E161.6166
G1 X94.325 Y101.157 E161.63135
G1 X94.564 Y101.55 E161.64664
G1 X94.711 Y101.984 E161.66188
G1 X94.756 Y102.436 E161.67699
G1 X94.698 Y102.999 E161.69582
G1 X94.411 Y103.628 E161.71881
G1 X94.014 Y104.04 E161.73784
G1 X93.549 Y104.36 E161.75662
G1 X92.905 Y104.536 E161.77882
G1 F2400 E160.97882
G0 F15000 X92.655 Y130.133
G0 X92.884 Y134.54
G1 F2400 E161.77882
G1 F5400 X92.204 Y134.507 E161.80146
G1 X91.566 Y134.254 E161.82429
G1 X91.124 Y133.878 E161.84359
G1 X90.856 Y133.526 E161.85831
G1 X90.614 Y133.008 E161.87732
G1 X90.543 Y132.303 E161.90089
G1 X90.688 Y131.651 E161.92311
G1 X90.984 Y131.162 E161.94212
G1 X91.285 Y130.839 E161.9568
G1 X91.668 Y130.574 E161.97229
G1 X92.091 Y130.41 E161.98738
G1 X92.655 Y130.315 E162.00641
G1 X93.216 Y130.41 E162.02533
G1 X93.64 Y130.574 E162.04045
G1 X94.02 Y130.836 E162.0558
G1 X94.329 Y131.163 E162.07077
G1 X94.558 Y131.545 E162.08558
G1 X94.711 Y131.981 E162.10095
G1 X94.756 Y132.436 E162.11616
G1 X94.698 Y132.997 E162.13491
G1 X94.411 Y133.629 E162.158
G1 X94.018 Y134.038 E162.17687
G1 X93.563 Y134.351 E162.19523
G1 X92.884 Y134.54 E162.21868
G1 F2400 E161.41868
G0 F15000 X93.626 Y134.526
G0 X93.626 Y137.636
G0 X95.087 Y137.836
G1 F2400 E162.21868
G1 F5400 X95.176 Y137.836 E162.22164
G1 X95.55 Y137.76 E162.23433
G1 X95.835 Y137.548 E162.24614
G1 X95.967 Y137.37 E162.25351
G1 X96.056 Y137.096 E162.2631
G1 X96.059 Y132.369 E162.42032
G1 X96.095 Y132.222 E162.42535
G1 X96.236 Y132.007 E162.4339
G1 X96.358 Y131.914 E162.439
G1 X96.656 Y131.836 E162.44925
G1 X97.456 Y131.836 E162.47586
G1 X97.056 Y131.436 E162.49467
G1 X97.056 Y103.436 E163.42596
G1 X97.393 Y103.035 E163.44338
G1 X96.656 Y103.036 E163.46789
G1 X96.359 Y102.958 E163.4781
G1 X96.212 Y102.841 E163.48435
G1 X96.108 Y102.682 E163.49067
G1 X96.059 Y102.502 E163.49688
G1 X96.056 Y99.827 E163.58585
G1 X96.004 Y99.582 E163.59418
G1 X95.772 Y99.254 E163.60754
G1 X95.472 Y99.083 E163.61903
G1 X95.243 Y99.036 E163.6268
G1 X90.047 Y99.036 E163.79962
G1 X89.851 Y99.078 E163.80629
G1 X89.54 Y99.254 E163.81817
G1 X89.312 Y99.576 E163.8313
G1 X89.256 Y99.846 E163.84047
G1 X89.256 Y137.097 E165.07944
G1 X89.346 Y137.372 E165.08906
G1 X89.473 Y137.548 E165.09628
G1 X89.764 Y137.761 E165.10828
G1 X89.992 Y137.836 E165.11626
G1 X95.087 Y137.836 E165.28572
G1 F2400 E164.48572
G0 F15000 X95.522 Y137.646
G0 X96.208 Y137.121
G0 X96.219 Y131.999
G0 X127.095 Y131.999
G0 X127.268 Y137.002
G0 X127.651 Y137.557
G0 X127.992 Y137.836
G1 F2400 E165.28572
G1 F5400 X133.176 Y137.836 E165.45814
G1 X133.55 Y137.76 E165.47084
G1 X133.84 Y137.547 E165.4828
G1 X134.013 Y137.242 E165.49447
G1 X134.056 Y137.041 E165.5013
G1 X134.056 Y99.827 E166.73904
G1 X134.004 Y99.582 E166.74737
G1 X133.772 Y99.254 E166.76074
G1 X133.472 Y99.083 E166.77222
G1 X133.243 Y99.036 E166.78
G1 X128.047 Y99.036 E166.95282
G1 X127.851 Y99.078 E166.95948
G1 X127.54 Y99.254 E166.97137
G1 X127.312 Y99.576 E166.98449
G1 X127.256 Y99.846 E166.99366
G1 X127.255 Y102.478 E167.0812
G1 X127.204 Y102.683 E167.08823
G1 X127.094 Y102.848 E167.09483
G1 X126.953 Y102.958 E167.10077
G1 X126.656 Y103.036 E167.11099
G1 X125.856 Y103.036 E167.1376
G1 X126.256 Y103.436 E167.15641
G1 X126.256 Y131.436 E168.08769
G1 X125.919 Y131.837 E168.10512
G1 X126.656 Y131.836 E168.12963
G1 X126.954 Y131.914 E168.13987
G1 X127.138 Y132.078 E168.14807
G1 X127.256 Y132.315 E168.15688
G1 X127.256 Y137.097 E168.31593
G1 X127.346 Y137.372 E168.32555
G1 X127.473 Y137.548 E168.33277
G1 X127.764 Y137.761 E168.34476
G1 X127.992 Y137.836 E168.35275
G1 F2400 E167.55275
G0 F15000 X127.651 Y137.557
G0 X130.884 Y137.636
G0 X130.905 Y134.721
G0 X130.884 Y134.54
G1 F2400 E168.35275
G1 F5400 X130.204 Y134.507 E168.37539
G1 X129.566 Y134.254 E168.39822
G1 X129.124 Y133.878 E168.41752
G1 X128.856 Y133.526 E168.43223
G1 X128.615 Y133.009 E168.45121
G1 X128.541 Y132.314 E168.47445
G1 X128.682 Y131.675 E168.49622
G1 X128.981 Y131.165 E168.51588
G1 X129.285 Y130.839 E168.53071
G1 X129.668 Y130.574 E168.5462
G1 X130.092 Y130.41 E168.56132
G1 X130.659 Y130.315 E168.58044
G1 X131.216 Y130.41 E168.59923
G1 X131.64 Y130.574 E168.61435
G1 X132.019 Y130.836 E168.62968
G1 X132.325 Y131.157 E168.64443
G1 X132.564 Y131.55 E168.65973
G1 X132.711 Y131.984 E168.67497
G1 X132.756 Y132.436 E168.69007
G1 X132.698 Y132.997 E168.70883
G1 X132.411 Y133.629 E168.73192
G1 X132.018 Y134.038 E168.75078
G1 X131.563 Y134.351 E168.76915
G1 X130.884 Y134.54 E168.79259
G1 F2400 E167.99259
G0 F15000 X131.92 Y133.925
G0 X132.285 Y133.538
G0 X132.551 Y132.96
G0 X132.609 Y132.437
G0 X132.564 Y132.018
G0 X132.428 Y131.618
G0 X132.21 Y131.257
G0 X131.975 Y131.009
G0 X130.659 Y130.133
G0 X130.785 Y104.717
G0 X130.889 Y104.541
G1 F2400 E168.79259
G1 F5400 X130.202 Y104.507 E168.81547
G1 X129.566 Y104.254 E168.83824
G1 X129.122 Y103.877 E168.85761
G1 X128.844 Y103.499 E168.87322
G1 X128.613 Y103.006 E168.89132
G1 X128.543 Y102.303 E168.91482
G1 X128.688 Y101.651 E168.93704
G1 X128.984 Y101.162 E168.95605
G1 X129.285 Y100.839 E168.97073
G1 X129.668 Y100.574 E168.98622
G1 X130.095 Y100.409 E169.00145
G1 X130.657 Y100.315 E169.0204
G1 X131.216 Y100.41 E169.03926
G1 X131.64 Y100.574 E169.05438
G1 X132.019 Y100.836 E169.06971
G1 X132.325 Y101.157 E169.08446
G1 X132.564 Y101.55 E169.09976
G1 X132.711 Y101.984 E169.115
G1 X132.756 Y102.436 E169.1301
G1 X132.698 Y102.997 E169.14886
G1 X132.41 Y103.629 E169.17196
G1 X132.017 Y104.038 E169.19083
G1 X131.549 Y104.36 E169.20972
G1 X130.889 Y104.541 E169.23248
G0 F15000 X130.845 Y104.138
;TYPE:WALL-OUTER
G1 F5400 X130.291 Y104.108 E169.25094
G1 X129.774 Y103.906 E169.2694
G1 X129.404 Y103.586 E169.28567
G1 X129.19 Y103.297 E169.29763
G1 X129.008 Y102.9 E169.31215
G1 X128.945 Y102.339 E169.33093
G1 X129.063 Y101.803 E169.34919
G1 X129.317 Y101.391 E169.36528
G1 X129.533 Y101.159 E169.37583
G1 X129.879 Y100.921 E169.38979
G1 X130.218 Y100.794 E169.40183
G1 X130.657 Y100.72 E169.41664
G1 X131.129 Y100.805 E169.43259
G1 X131.47 Y100.943 E169.44483
G1 X131.774 Y101.158 E169.45721
G1 X131.994 Y101.39 E169.46785
G1 X132.206 Y101.739 E169.48143
G1 X132.319 Y102.089 E169.49366
G1 X132.356 Y102.436 E169.50527
G1 X132.31 Y102.871 E169.51982
G1 X132.075 Y103.4 E169.53907
G1 X131.738 Y103.745 E169.55511
G1 X131.379 Y103.992 E169.5696
G1 X130.845 Y104.138 E169.58802
G1 F2400 E168.78802
G0 F15000 X130.829 Y104.449
G0 X130.785 Y104.717
G0 X130.659 Y130.133
G0 X130.859 Y134.134
G1 F2400 E169.58802
G1 F5400 X130.29 Y134.111 E169.60696
G1 X129.774 Y133.906 E169.62542
G1 X129.404 Y133.586 E169.64169
G1 X129.212 Y133.334 E169.65223
G1 X129.004 Y132.9 E169.66824
G1 X128.945 Y132.339 E169.687
G1 X129.063 Y131.803 E169.70525
G1 X129.317 Y131.391 E169.72135
G1 X129.533 Y131.159 E169.7319
G1 X129.879 Y130.921 E169.74586
G1 X130.218 Y130.794 E169.7579
G1 X130.66 Y130.721 E169.7728
G1 X131.129 Y130.805 E169.78865
G1 X131.47 Y130.943 E169.80089
G1 X131.774 Y131.158 E169.81327
G1 X131.994 Y131.39 E169.8239
G1 X132.206 Y131.739 E169.83749
G1 X132.319 Y132.089 E169.84972
G1 X132.356 Y132.436 E169.86133
G1 X132.31 Y132.871 E169.87587
G1 X132.075 Y133.4 E169.89513
G1 X131.738 Y133.745 E169.91117
G1 X131.371 Y133.992 E169.92588
G1 X130.859 Y134.134 E169.94355
G1 F2400 E169.14355
G0 F15000 X130.942 Y134.435
G0 X130.236 Y134.359
G0 X128.701 Y133.62
G0 X127.087 Y133.62
G0 X111.433 Y132.185
G1 F2400 E169.94355
G1 F4285.7 X125.743 Y132.184 E170.54325
G1 F4518.8 X126.74 Y132.241 E170.58294
G1 F5070.4 X126.856 Y132.395 E170.58977
G1 F5400 X126.856 Y137.16 E170.74826
G1 X126.985 Y137.556 E170.76211
G1 X127.174 Y137.817 E170.77283
G1 X127.375 Y137.997 E170.7818
G1 X127.599 Y138.128 E170.79043
G1 X127.928 Y138.236 E170.80195
G1 X133.197 Y138.236 E170.9772
G1 X133.466 Y138.207 E170.9862
G1 X133.714 Y138.128 E170.99485
G1 X133.937 Y137.997 E171.00346
G1 X134.138 Y137.817 E171.01243
G1 X134.285 Y137.615 E171.02074
G1 X134.396 Y137.366 E171.02981
G1 X134.456 Y137.083 E171.03943
G1 X134.456 Y99.785 E172.27997
G1 X134.382 Y99.437 E172.2918
G1 X134.217 Y99.15 E172.30281
G1 X134.041 Y98.954 E172.31157
G1 X133.836 Y98.807 E172.31996
G1 X133.594 Y98.7 E172.32876
G1 X133.283 Y98.636 E172.33932
G1 X128.005 Y98.636 E172.51487
G1 X127.727 Y98.696 E172.52433
G1 X127.476 Y98.807 E172.53346
G1 X127.271 Y98.954 E172.54185
G1 X127.096 Y99.15 E172.55059
G1 X126.934 Y99.432 E172.5614
G1 X126.856 Y99.805 E172.57408
G1 X126.856 Y102.501 E172.66375
G1 F5082.4 X126.735 Y102.632 E172.67005
G1 F4547.4 X125.656 Y102.686 E172.71272
G1 F4302.8 X97.569 Y102.688 E173.88511
G1 F4518.8 X96.577 Y102.631 E173.9246
G1 F5070.4 X96.456 Y102.499 E173.93095
G1 F5400 X96.456 Y99.785 E174.02122
G1 X96.382 Y99.437 E174.03305
G1 X96.217 Y99.15 E174.04406
G1 X96.041 Y98.954 E174.05282
G1 X95.836 Y98.807 E174.06121
G1 X95.594 Y98.7 E174.07001
G1 X95.283 Y98.636 E174.08057
G1 X90.005 Y98.636 E174.25612
G1 X89.727 Y98.696 E174.26558
G1 X89.476 Y98.807 E174.27471
G1 X89.271 Y98.954 E174.2831
G1 X89.096 Y99.15 E174.29184
G1 X88.934 Y99.432 E174.30265
G1 X88.856 Y99.805 E174.31533
G1 X88.856 Y137.16 E175.55776
G1 X88.985 Y137.556 E175.57161
G1 X89.174 Y137.817 E175.58233
G1 X89.375 Y137.997 E175.5913
G1 X89.599 Y138.128 E175.59993
G1 X89.928 Y138.236 E175.61145
G1 X95.197 Y138.236 E175.7867
G1 X95.466 Y138.207 E175.7957
G1 X95.714 Y138.128 E175.80436
G1 X95.936 Y137.998 E175.81291
G1 X96.134 Y137.817 E175.82183
G1 X96.327 Y137.555 E175.83266
G1 X96.456 Y137.16 E175.84648
G1 X96.457 Y132.413 E176.00436
G1 F5082.4 X96.58 Y132.24 E176.01187
G1 F4547.4 X97.656 Y132.186 E176.05442
G1 F4311.4 X111.433 Y132.185 E176.62834
G0 F15000 X111.441 Y131.686
G1 F4320 X97.656 Y131.686 E177.20146
G1 F4800 X97.456 Y131.436 E177.21344
G1 F5400 X97.456 Y103.436 E178.14472
G1 F4778.8 X97.612 Y103.187 E178.15576
G1 F4302.8 X125.656 Y103.186 E179.32636
G1 F4800 X125.856 Y103.436 E179.33834
G1 F5400 X125.856 Y131.436 E180.26962
G1 F4778.8 X125.7 Y131.685 E180.28067
G1 F4294.2 X111.441 Y131.686 E180.87705
G1 F2400 E180.07705
G0 F15000 X111.441 Y131.947
G0 X96.219 Y131.999
G0 X95.878 Y134.44
G0 X94.133 Y134.178
G0 X92.859 Y134.134
G1 F2400 E180.87705
G1 F5400 X92.29 Y134.111 E180.89599
G1 X91.774 Y133.906 E180.91445
G1 X91.404 Y133.586 E180.93072
G1 X91.212 Y133.334 E180.94126
G1 X91.004 Y132.9 E180.95727
G1 X90.945 Y132.338 E180.97606
G1 X91.063 Y131.803 E180.99428
G1 X91.317 Y131.391 E181.01038
G1 X91.533 Y131.159 E181.02093
G1 X91.879 Y130.921 E181.03489
G1 X92.218 Y130.794 E181.04693
G1 X92.653 Y130.721 E181.0616
G1 X93.09 Y130.794 E181.07634
G1 X93.47 Y130.943 E181.08992
G1 X93.774 Y131.158 E181.1023
G1 X93.994 Y131.39 E181.11293
G1 X94.197 Y131.717 E181.12574
G1 X94.319 Y132.089 E181.13876
G1 X94.356 Y132.436 E181.15036
G1 X94.31 Y132.871 E181.16491
G1 X94.075 Y133.4 E181.18416
G1 X93.738 Y133.745 E181.20021
G1 X93.371 Y133.992 E181.21492
G1 X92.859 Y134.134 E181.23259
G1 F2400 E180.43259
G0 F15000 X92.942 Y134.435
G0 X93.484 Y134.221
G0 X93.92 Y133.925
G0 X94.285 Y133.538
G0 X94.551 Y132.96
G0 X94.609 Y132.437
G0 X94.564 Y132.018
G0 X94.428 Y131.618
G0 X94.21 Y131.257
G0 X93.975 Y131.009
G0 X92.655 Y130.133
G0 X92.932 Y104.717
G0 X92.839 Y104.136
G1 F2400 E181.23259
G1 F5400 X92.288 Y104.11 E181.25094
G1 X91.774 Y103.906 E181.26933
G1 X91.404 Y103.586 E181.2856
G1 X91.212 Y103.334 E181.29614
G1 X91.004 Y102.9 E181.31215
G1 X90.945 Y102.338 E181.33094
G1 X91.063 Y101.803 E181.34916
G1 X91.317 Y101.391 E181.36526
G1 X91.533 Y101.159 E181.3758
G1 X91.879 Y100.921 E181.38977
G1 X92.218 Y100.794 E181.40181
G1 X92.657 Y100.72 E181.41662
G1 X93.129 Y100.805 E181.43257
G1 X93.47 Y100.943 E181.4448
G1 X93.774 Y101.158 E181.45719
G1 X93.994 Y101.39 E181.46782
G1 X94.206 Y101.739 E181.4814
G1 X94.31 Y102.047 E181.49222
G1 X94.356 Y102.454 E181.50584
G1 X94.305 Y102.892 E181.52051
G1 X94.075 Y103.4 E181.53905
G1 X93.738 Y103.745 E181.55509
G1 X93.378 Y103.992 E181.56962
G1 X92.839 Y104.136 E181.58817
G1 F2400 E180.78817
G0 F15000 X92.823 Y104.448
G0 X92.932 Y104.717
G0 X95.861 Y132.347
G0 X95.087 Y137.476
;TYPE:SKIN
G1 F2400 E181.58817
G1 F5400 X90.054 Y137.476 E181.75557
G1 X89.914 Y137.428 E181.76049
G1 X89.737 Y137.297 E181.76782
G1 X89.616 Y137.036 E181.77738
G1 X89.616 Y133.893 E181.88192
G1 F4909.1 X89.655 Y133.279 E181.90443
G1 F4302.8 X89.678 Y133.138 E181.91039
G1 F4268.8 X89.66 Y132.181 E181.95067
G1 F4864.9 X89.617 Y131.595 E181.97236
G1 F5400 X89.616 Y103.893 E182.89373
G1 F4909.1 X89.655 Y103.279 E182.91624
G1 F4302.8 X89.678 Y103.138 E182.9222
G1 F4268.8 X89.66 Y102.181 E182.96248
G1 F4864.9 X89.617 Y101.595 E182.98417
G1 F5400 X89.616 Y99.878 E183.04128
G1 X89.652 Y99.714 E183.04686
G1 X89.783 Y99.524 E183.05454
G1 X90.01 Y99.396 E183.0632
G1 X91.364 Y99.396 E183.10824
G1 F4810.7 X91.857 Y99.444 E183.12673
G1 F4186 X91.961 Y99.462 E183.13126
G1 F4268.8 X92.652 Y99.435 E183.16035
G1 F4285.7 X93.343 Y99.462 E183.18933
G1 F4210.5 X93.451 Y99.443 E183.19401
G1 F4821.4 X93.944 Y99.396 E183.21246
G1 F5400 X95.204 Y99.396 E183.25437
G1 X95.356 Y99.426 E183.25952
G1 X95.525 Y99.524 E183.26602
G1 X95.665 Y99.723 E183.27411
G1 X95.696 Y99.862 E183.27885
G1 X95.699 Y101.281 E183.32604
G1 F4695.7 X95.64 Y101.886 E183.3493
G1 F4252 X95.653 Y102.517 E183.37595
G1 F4821.4 X95.794 Y102.851 E183.38946
G1 F5400 X95.941 Y103.085 E183.39865
G1 X96.177 Y103.267 E183.40856
G1 X96.696 Y103.414 E183.4265
G1 X96.696 Y131.462 E184.35938
G1 X96.173 Y131.601 E184.37738
G1 X95.957 Y131.781 E184.38674
G1 F5320.2 X95.743 Y132.116 E184.40016
G1 F4821.4 X95.658 Y132.352 E184.4095
G1 F4277.2 X95.636 Y133.131 E184.44222
G1 F4285.7 X95.658 Y133.266 E184.44796
G1 F4898 X95.698 Y133.877 E184.47041
G1 F5400 X95.696 Y137.033 E184.57538
G1 X95.639 Y137.193 E184.58103
G1 X95.478 Y137.379 E184.58921
G1 X95.261 Y137.476 E184.59711
G1 X95.087 Y137.476 E184.6029
G1 F2400 E183.8029
G0 F15000 X95.522 Y137.646
G0 X92.897 Y137.636
G0 X92.905 Y134.721
G0 X92.935 Y134.897
G1 F2400 E184.6029
G1 F5400 X93.693 Y134.689 E184.62904
G1 X94.265 Y134.3 E184.65205
G1 X94.623 Y133.924 E184.66932
G1 X94.767 Y133.708 E184.67795
G1 F4898 X95.072 Y133.14 E184.7016
G1 F4285.7 X95.113 Y133.086 E184.70444
G1 F4243.6 X95.162 Y132.408 E184.73321
G1 F4778.8 X95.088 Y132.073 E184.7461
G1 F5320.2 X95.065 Y131.907 E184.75176
G1 F5400 X94.874 Y131.372 E184.77065
G1 X94.628 Y130.964 E184.7865
G1 X94.27 Y130.578 E184.80401
G1 X93.832 Y130.264 E184.82193
G1 X93.293 Y130.054 E184.84117
G1 X92.655 Y129.948 E184.86268
G1 X92.006 Y130.058 E184.88458
G1 X91.477 Y130.263 E184.90345
G1 X91.057 Y130.555 E184.92046
G1 X90.705 Y130.927 E184.93749
G1 X90.428 Y131.381 E184.95518
G1 X90.322 Y131.642 E184.96455
G1 F4768.2 X90.135 Y132.257 E184.98877
G1 F4462.8 X90.195 Y133.071 E185.02161
G1 F5011.6 X90.556 Y133.725 E185.04839
G1 F5400 X90.848 Y134.11 E185.06446
G1 X91.376 Y134.567 E185.08768
G1 X91.979 Y134.803 E185.10922
G1 X92.249 Y134.864 E185.11843
G1 X92.935 Y134.897 E185.14127
G1 F2400 E184.34127
G0 F15000 X92.897 Y134.641
G0 X93.92 Y133.925
G0 X94.285 Y133.538
G0 X94.551 Y132.96
G0 X94.609 Y132.437
G0 X94.564 Y132.018
G0 X94.428 Y131.618
G0 X94.21 Y131.257
G0 X93.975 Y131.009
G0 X92.655 Y130.133
G0 X92.932 Y104.717
G0 X92.941 Y104.896
G1 F2400 E185.14127
G1 F5400 X93.546 Y104.733 E185.16211
G1 X93.801 Y104.618 E185.17141
G1 X94.261 Y104.299 E185.19003
G1 X94.712 Y103.827 E185.21174
G1 X95.034 Y103.124 E185.23746
G1 F5373.1 X95.075 Y102.858 E185.24646
G1 F4736.8 X95.166 Y102.46 E185.26194
G1 F4202.3 X95.122 Y101.913 E185.28539
G1 F4695.7 X94.88 Y101.372 E185.30806
G1 F5400 X94.601 Y100.921 E185.3257
G1 X94.269 Y100.573 E185.3417
G1 X93.831 Y100.264 E185.35953
G1 F5000 X93.277 Y99.987 E185.38177
G1 F4444.4 X92.652 Y99.909 E185.40723
G1 F4153.8 X92.006 Y99.989 E185.43537
G1 F4186 X91.963 Y100.02 E185.43765
G1 F4810.7 X91.477 Y100.263 E185.45793
G1 F5400 X91.057 Y100.555 E185.47495
G1 X90.708 Y100.928 E185.49194
G1 X90.429 Y101.375 E185.50946
G1 X90.321 Y101.643 E185.51907
G1 F4768.2 X90.135 Y102.257 E185.54324
G1 F4462.8 X90.195 Y103.071 E185.57609
G1 F5011.6 X90.556 Y103.725 E185.60286
G1 F5400 X90.848 Y104.11 E185.61893
G1 X91.376 Y104.567 E185.64216
G1 X91.974 Y104.803 E185.66354
G1 X92.25 Y104.864 E185.67294
G1 X92.941 Y104.896 E185.69595
G1 F2400 E184.89595
G0 F15000 X92.923 Y104.637
G0 X93.92 Y103.925
G0 X94.285 Y103.538
G0 X94.551 Y102.96
G0 X94.609 Y102.437
G0 X94.139 Y100.7
G0 X94.139 Y99.236
G0 X95.071 Y99.596
G1 F2400 E185.69595
G1 F5400 X95.497 Y100.022 E185.71598
G0 F15000 X95.498 Y100.589
G1 F5400 X94.505 Y99.596 E185.76269
G0 F15000 X93.94 Y99.597
G1 F5400 X95.499 Y101.156 E185.83602
G0 F15000 X95.057 Y101.28
G1 F5400 X95.435 Y101.657 E185.85378
G0 F15000 X95.96 Y101.657
G0 X95.861 Y102.524
G0 X94.936 Y102.436
G0 X95.341 Y102.695
G1 F5400 X95.65 Y103.004 E185.86831
G0 F15000 X95.238 Y103.158
G1 F5400 X96.496 Y104.416 E185.92749
G0 F15000 X96.496 Y104.981
G1 F5400 X95.06 Y103.545 E185.99503
G0 F15000 X94.882 Y103.933
G1 F5400 X96.496 Y105.547 E186.07095
G0 F15000 X96.496 Y106.113
G1 F5400 X94.608 Y104.225 E186.15975
G0 F15000 X94.323 Y104.505
G1 F5400 X96.496 Y106.678 E186.26197
G0 F15000 X96.496 Y107.244
G1 F5400 X93.988 Y104.736 E186.37993
G0 F15000 X93.609 Y104.923
G1 F5400 X96.496 Y107.81 E186.51573
G0 F15000 X96.496 Y108.375
G1 F5400 X93.167 Y105.046 E186.67232
G0 F15000 X92.636 Y105.081
G1 F5400 X96.496 Y108.941 E186.85388
G0 F15000 X96.496 Y109.507
G1 F5400 X92.002 Y105.013 E187.06526
G1 F2400 E186.26526
G0 F15000 X92.099 Y104.569
G0 X91.373 Y104.327
G0 X89.456 Y104.327
G0 X89.816 Y105.09
G1 F2400 E187.06526
G1 F5400 X96.496 Y111.77 E187.37947
G0 F15000 X96.496 Y112.335
G1 F5400 X89.816 Y105.655 E187.69368
G0 F15000 X89.816 Y106.221
G1 F5400 X96.496 Y112.901 E188.00788
G0 F15000 X96.496 Y113.467
G1 F5400 X89.816 Y106.787 E188.32209
G0 F15000 X89.816 Y107.352
G1 F5400 X96.496 Y114.032 E188.6363
G0 F15000 X96.496 Y114.598
G1 F5400 X89.816 Y107.918 E188.9505
G0 F15000 X89.816 Y108.484
G1 F5400 X96.496 Y115.164 E189.26471
G0 F15000 X96.496 Y115.729
G1 F5400 X89.816 Y109.049 E189.57892
G0 F15000 X89.816 Y109.615
G1 F5400 X96.496 Y116.295 E189.89312
G0 F15000 X96.496 Y116.861
G1 F5400 X89.816 Y110.181 E190.20733
G0 F15000 X89.816 Y110.746
G1 F5400 X96.496 Y117.426 E190.52154
G0 F15000 X96.496 Y117.992
G1 F5400 X89.816 Y111.312 E190.83574
G0 F15000 X89.816 Y111.878
G1 F5400 X96.496 Y118.558 E191.14995
G0 F15000 X96.496 Y119.123
G1 F5400 X89.816 Y112.443 E191.46416
G0 F15000 X89.816 Y113.009
G1 F5400 X96.496 Y119.689 E191.77836
G0 F15000 X96.496 Y120.255
G1 F5400 X89.816 Y113.575 E192.09257
G0 F15000 X89.816 Y114.14
G1 F5400 X96.496 Y120.821 E192.4068
G0 F15000 X96.496 Y121.386
G1 F5400 X89.816 Y114.706 E192.72101
G0 F15000 X89.816 Y115.272
G1 F5400 X96.496 Y121.952 E193.03521
G0 F15000 X96.496 Y122.518
G1 F5400 X89.816 Y115.838 E193.34942
G0 F15000 X89.816 Y116.403
G1 F5400 X96.496 Y123.083 E193.66363
G0 F15000 X96.496 Y123.649
G1 F5400 X89.816 Y116.969 E193.97783
G0 F15000 X89.816 Y117.535
G1 F5400 X96.496 Y124.215 E194.29204
G0 F15000 X96.496 Y124.78
G1 F5400 X89.816 Y118.1 E194.60625
G0 F15000 X89.816 Y118.666
G1 F5400 X96.496 Y125.346 E194.92045
G0 F15000 X96.496 Y125.912
G1 F5400 X89.816 Y119.232 E195.23466
G0 F15000 X89.816 Y119.797
G1 F5400 X96.496 Y126.477 E195.54887
G0 F15000 X96.496 Y127.043
G1 F5400 X89.816 Y120.363 E195.86307
G0 F15000 X89.816 Y120.929
G1 F5400 X96.496 Y127.609 E196.17728
G0 F15000 X96.496 Y128.174
G1 F5400 X89.816 Y121.494 E196.49149
G0 F15000 X89.816 Y122.06
G1 F5400 X96.496 Y128.74 E196.80569
G0 F15000 X96.496 Y129.306
G1 F5400 X89.816 Y122.626 E197.1199
G0 F15000 X89.816 Y123.191
G1 F5400 X96.496 Y129.871 E197.43411
G0 F15000 X96.496 Y130.437
G1 F5400 X89.816 Y123.757 E197.74831
G0 F15000 X89.816 Y124.323
G1 F5400 X96.496 Y131.003 E198.06252
G0 F15000 X96.285 Y131.358
G1 F5400 X89.816 Y124.888 E198.36683
G0 F15000 X89.816 Y125.454
G1 F5400 X95.912 Y131.55 E198.65356
G0 F15000 X95.662 Y131.866
G1 F5400 X95.017 Y131.221 E198.6839
G0 F15000 X95.299 Y132.068
G1 F5400 X95.462 Y132.232 E198.69159
G0 F15000 X95.311 Y133.212
G1 F5400 X95.425 Y133.326 E198.69695
G0 F15000 X95.093 Y133.56
G1 F5400 X95.498 Y133.965 E198.716
G0 F15000 X95.498 Y134.531
G1 F5400 X94.875 Y133.907 E198.74533
G0 F15000 X94.618 Y134.216
G1 F5400 X95.498 Y135.096 E198.78672
G0 F15000 X95.498 Y135.661
G1 F5400 X94.335 Y134.499 E198.84141
G0 F15000 X93.999 Y134.728
G1 F5400 X95.497 Y136.226 E198.91187
G0 F15000 X95.497 Y136.792
G1 F5400 X93.62 Y134.915 E199.00015
G0 F15000 X93.177 Y135.038
G1 F5400 X95.354 Y137.215 E199.10255
G0 F15000 X94.849 Y137.276
G1 F5400 X92.661 Y135.087 E199.20549
G0 F15000 X92.025 Y135.017
G1 F5400 X94.283 Y137.276 E199.31173
G0 F15000 X93.718 Y137.276
G1 F5400 X89.875 Y133.432 E199.49251
G0 F15000 X89.816 Y133.939
G1 F5400 X93.152 Y137.276 E199.64945
G0 F15000 X92.586 Y137.276
G1 F5400 X89.816 Y134.505 E199.77977
G0 F15000 X89.816 Y135.071
G1 F5400 X92.021 Y137.276 E199.88349
G0 F15000 X91.455 Y137.276
G1 F5400 X89.816 Y135.637 E199.96058
G0 F15000 X89.816 Y136.202
G1 F5400 X90.889 Y137.276 E200.01107
G0 F15000 X90.324 Y137.276
G1 F5400 X89.816 Y136.768 E200.03497
G1 F2400 E199.23497
G0 F15000 X89.703 Y137.594
G0 X89.456 Y131.988
G0 X90.383 Y132.193
G0 X90.02 Y131.88
G1 F2400 E200.03497
G1 F5400 X89.831 Y131.692 E200.04383
G0 F15000 X90.176 Y131.471
G1 F5400 X89.816 Y131.111 E200.06077
G0 F15000 X90.368 Y131.098
G1 F5400 X89.816 Y130.545 E200.08676
G0 F15000 X89.816 Y129.98
G1 F5400 X90.592 Y130.756 E200.12326
G0 F15000 X90.865 Y130.463
G1 F5400 X89.816 Y129.414 E200.1726
G0 F15000 X89.816 Y128.848
G1 F5400 X91.188 Y130.22 E200.23713
G0 F15000 X91.548 Y130.015
G1 F5400 X89.816 Y128.283 E200.3186
G0 F15000 X89.816 Y127.717
G1 F5400 X91.962 Y129.863 E200.41954
G0 F15000 X92.446 Y129.781
G1 F5400 X89.816 Y127.151 E200.54325
G0 F15000 X89.816 Y126.586
G1 F5400 X93.04 Y129.81 E200.6949
G0 F15000 X93.844 Y130.048
G1 F5400 X89.816 Y126.02 E200.88436
G1 F2400 E200.08436
G0 F15000 X89.356 Y126.02
G0 X89.417 Y137.071
G0 X89.594 Y137.441
G0 X90.018 Y137.675
G0 X95.307 Y137.675
G0 X95.602 Y137.544
G0 X95.82 Y137.296
G0 X96.125 Y131.891
G0 X97.092 Y131.651
G0 X96.956 Y111.204
G0 X96.496 Y111.204
G1 F2400 E200.88436
G1 F5400 X89.816 Y104.524 E201.19857
G0 F15000 X89.816 Y103.958
G1 F5400 X96.496 Y110.638 E201.51277
G0 F15000 X96.496 Y110.072
G1 F5400 X89.873 Y103.449 E201.8243
G1 F2400 E201.0243
G0 F15000 X89.356 Y103.449
G0 X89.456 Y102.002
G0 X90.38 Y102.207
G0 X90.014 Y101.893
G1 F2400 E201.8243
G1 F5400 X89.835 Y101.714 E201.83272
G0 F15000 X90.17 Y101.484
G1 F5400 X89.817 Y101.13 E201.84935
G0 F15000 X90.362 Y101.11
G1 F5400 X89.816 Y100.564 E201.87503
G0 F15000 X89.816 Y99.998
G1 F5400 X90.585 Y100.768 E201.91122
G0 F15000 X90.856 Y100.473
G1 F5400 X90.01 Y99.626 E201.95104
G0 F15000 X90.545 Y99.596
G1 F5400 X91.176 Y100.227 E201.98072
G0 F15000 X91.521 Y100.006
G1 F5400 X91.111 Y99.596 E202.00001
G0 F15000 X91.753 Y99.673
G1 F5400 X91.867 Y99.786 E202.00534
G1 F2400 E201.20534
G0 F15000 X92.065 Y100.312
G0 X93.267 Y100.236
G0 X93.267 Y99.236
G0 X93.465 Y99.688
G1 F2400 E202.00534
G1 F5400 X93.768 Y99.991 E202.0196
G1 F2400 E201.2196
G0 F15000 X93.591 Y100.447
G0 X94.428 Y101.618
G0 X94.564 Y102.018
G0 X94.909 Y102.902
G0 X95.892 Y102.636
G0 X96.109 Y103.462
G1 F2400 E202.0196
G1 F5400 X96.496 Y103.85 E202.03782
G1 F2400 E201.23782
G0 F15000 X96.956 Y103.85
G0 X97.219 Y131.875
G0 X127.095 Y131.999
G0 X127.095 Y136.451
G0 X127.651 Y137.557
G0 X128.054 Y137.476
G1 F2400 E202.03782
G1 F5400 X127.914 Y137.428 E202.04275
G1 X127.737 Y137.297 E202.05007
G1 X127.616 Y137.036 E202.05964
G1 X127.617 Y133.895 E202.16411
G1 F4909.1 X127.655 Y133.285 E202.18647
G1 F4302.8 X127.678 Y133.142 E202.19252
G1 F4277.2 X127.654 Y132.391 E202.22407
G1 F4675.3 X127.602 Y132.188 E202.23212
G1 F5023.3 X127.424 Y131.852 E202.24571
G1 F5268.3 X127.12 Y131.591 E202.25937
G1 F5400 X126.616 Y131.463 E202.27667
G1 X126.616 Y103.409 E203.20975
G1 X127.116 Y103.281 E203.22691
G1 X127.337 Y103.109 E203.23623
G1 X127.515 Y102.859 E203.24643
G1 F4832.2 X127.659 Y102.502 E203.26074
G1 F4390.2 X127.658 Y102.186 E203.27367
G1 F4853.9 X127.614 Y101.596 E203.29556
G1 F5400 X127.616 Y99.878 E203.3527
G1 X127.652 Y99.714 E203.35829
G1 X127.783 Y99.524 E203.36596
G1 X128.01 Y99.396 E203.37463
G1 X129.364 Y99.396 E203.41967
G1 F4810.7 X129.857 Y99.444 E203.43816
G1 F4186 X129.961 Y99.462 E203.44269
G1 F4268.8 X130.652 Y99.435 E203.47178
G1 F4285.7 X131.343 Y99.462 E203.50076
G1 F4210.5 X131.451 Y99.443 E203.50544
G1 F4821.4 X131.944 Y99.396 E203.52389
G1 F5400 X133.204 Y99.396 E203.5658
G1 X133.356 Y99.426 E203.57095
G1 X133.526 Y99.524 E203.57748
G1 X133.665 Y99.719 E203.58544
G1 X133.696 Y99.862 E203.59031
G1 X133.696 Y101.282 E203.63754
G1 F4716.2 X133.638 Y101.886 E203.66064
G1 F4285.7 X133.651 Y102.385 E203.68156
G1 F4252 X133.634 Y103.13 E203.71304
G1 F4294.2 X133.656 Y103.266 E203.7188
G1 F4909.1 X133.696 Y103.876 E203.74117
G1 F5400 X133.696 Y131.282 E204.6527
G1 F4716.2 X133.638 Y131.886 E204.6758
G1 F4285.7 X133.651 Y132.385 E204.69672
G1 F4252 X133.634 Y133.13 E204.7282
G1 F4294.2 X133.656 Y133.266 E204.73396
G1 F4909.1 X133.696 Y133.876 E204.75633
G1 F5400 X133.696 Y136.993 E204.86
G1 X133.622 Y137.225 E204.8681
G1 X133.413 Y137.422 E204.87765
G1 X133.144 Y137.476 E204.88678
G1 X128.054 Y137.476 E205.05607
G1 F2400 E204.25607
G0 F15000 X127.651 Y137.557
G0 X130.897 Y137.636
G0 X130.905 Y134.721
G0 X130.935 Y134.897
G1 F2400 E205.05607
G1 F5400 X131.693 Y134.689 E205.08221
G1 X132.233 Y134.326 E205.10385
G1 X132.623 Y133.923 E205.12251
G1 X132.767 Y133.707 E205.13114
G1 F4909.1 X133.071 Y133.14 E205.15468
G1 F4294.2 X133.112 Y133.085 E205.15755
G1 F4252 X133.161 Y132.462 E205.18395
G1 F4557 X133.123 Y131.933 E205.20485
G1 F5035 X132.879 Y131.371 E205.2267
G1 F5400 X132.627 Y130.959 E205.24277
G1 X132.265 Y130.573 E205.26037
G1 X131.827 Y130.263 E205.27822
G1 X131.29 Y130.054 E205.29738
G1 X130.661 Y129.948 E205.3186
G1 X130.006 Y130.058 E205.34069
G1 X129.523 Y130.241 E205.35787
G1 X129.035 Y130.577 E205.37757
G1 X128.707 Y130.921 E205.39338
G1 X128.347 Y131.52 E205.41663
G1 F5373.1 X128.227 Y132.05 E205.43479
G1 F4864.9 X128.135 Y132.33 E205.44567
G1 F4557 X128.195 Y133.075 E205.47513
G1 F5011.6 X128.556 Y133.725 E205.50178
G1 F5400 X128.848 Y134.11 E205.51785
G1 X129.376 Y134.567 E205.54107
G1 X129.979 Y134.803 E205.56261
G1 X130.249 Y134.864 E205.57182
G1 X130.935 Y134.897 E205.59466
G1 F2400 E204.79466
G0 F15000 X130.897 Y134.641
G0 X131.92 Y133.925
G0 X132.285 Y133.538
G0 X132.551 Y132.96
G0 X132.609 Y132.437
G0 X132.564 Y132.018
G0 X132.428 Y131.618
G0 X132.21 Y131.257
G0 X131.975 Y131.009
G0 X130.659 Y130.133
G0 X130.785 Y104.717
G0 X130.935 Y104.898
G1 F2400 E205.59466
G1 F5400 X131.542 Y104.733 E205.61558
G1 X131.805 Y104.614 E205.62518
G1 X132.234 Y104.321 E205.64246
G1 X132.6 Y103.952 E205.65975
G1 X132.767 Y103.707 E205.66961
G1 F4909.1 X133.071 Y103.14 E205.69315
G1 F4294.2 X133.112 Y103.085 E205.69602
G1 F4252 X133.161 Y102.462 E205.72241
G1 F4557 X133.123 Y101.933 E205.74332
G1 F5035 X132.88 Y101.372 E205.76512
G1 F5400 X132.628 Y100.956 E205.7813
G1 X132.269 Y100.573 E205.79876
G1 X131.831 Y100.264 E205.81659
G1 F5000 X131.277 Y99.987 E205.83884
G1 F4444.4 X130.652 Y99.909 E205.86429
G1 F4153.8 X130.006 Y99.989 E205.89244
G1 F4186 X129.963 Y100.02 E205.89471
G1 F4810.7 X129.477 Y100.263 E205.915
G1 F5400 X129.057 Y100.555 E205.93201
G1 X128.708 Y100.928 E205.949
G1 X128.429 Y101.375 E205.96653
G1 X128.321 Y101.643 E205.97614
G1 F4853.9 X128.141 Y102.239 E205.99917
G1 F4390.2 X128.152 Y102.495 E206.00966
G1 F4778.8 X128.231 Y102.844 E206.02311
G1 F5346.5 X128.274 Y103.133 E206.03292
G1 F5400 X128.538 Y103.697 E206.05363
G1 X128.874 Y104.137 E206.07205
G1 X129.258 Y104.465 E206.08884
G1 X129.493 Y104.608 E206.09799
G1 X130.12 Y104.863 E206.12051
G1 X130.935 Y104.898 E206.14764
G1 F2400 E205.34764
G0 F15000 X130.905 Y104.622
G0 X131.92 Y103.925
G0 X132.285 Y103.538
G0 X132.551 Y102.96
G0 X132.609 Y102.437
G0 X132.139 Y100.7
G0 X132.139 Y99.236
G0 X132.972 Y99.597
G1 F2400 E206.14764
G1 F5400 X133.496 Y100.121 E206.17228
G0 F15000 X133.496 Y100.686
G1 F5400 X132.406 Y99.597 E206.22353
G0 F15000 X131.858 Y99.614
G1 F5400 X133.496 Y101.252 E206.30058
G0 F15000 X133.169 Y101.491
G1 F5400 X133.42 Y101.741 E206.31236
G1 F2400 E205.51236
G0 F15000 X133.956 Y101.741
G0 X133.856 Y103.062
G0 X132.883 Y102.961
G0 X133.264 Y103.283
G1 F2400 E206.31236
G1 F5400 X133.442 Y103.46 E206.32071
G0 F15000 X133.048 Y103.632
G1 F5400 X133.496 Y104.08 E206.34178
G0 F15000 X133.496 Y104.646
G1 F5400 X132.824 Y103.974 E206.37339
G0 F15000 X132.561 Y104.277
G1 F5400 X133.496 Y105.212 E206.41737
G0 F15000 X133.496 Y105.778
G1 F5400 X132.263 Y104.544 E206.47539
G0 F15000 X131.926 Y104.773
G1 F5400 X133.496 Y106.343 E206.54924
G0 F15000 X133.496 Y106.909
G1 F5400 X131.531 Y104.944 E206.64167
G0 F15000 X131.083 Y105.062
G1 F5400 X133.496 Y107.475 E206.75517
G0 F15000 X133.496 Y108.04
G1 F5400 X130.538 Y105.082 E206.8943
G0 F15000 X129.868 Y104.978
G1 F5400 X133.496 Y108.606 E207.06495
G0 F15000 X133.496 Y109.172
G1 F5400 X127.515 Y103.191 E207.34628
G0 F15000 X127.217 Y103.458
G1 F5400 X133.496 Y109.737 E207.64162
G0 F15000 X133.496 Y110.303
G1 F5400 X126.816 Y103.623 E207.95583
G0 F15000 X126.816 Y104.189
G1 F5400 X133.496 Y110.869 E208.27004
G0 F15000 X133.496 Y111.434
G1 F5400 X126.816 Y104.754 E208.58424
G0 F15000 X126.816 Y105.32
G1 F5400 X133.496 Y112 E208.89845
G0 F15000 X133.496 Y112.566
G1 F5400 X126.816 Y105.886 E209.21266
G0 F15000 X126.816 Y106.451
G1 F5400 X133.496 Y113.131 E209.52686
G0 F15000 X133.496 Y113.697
G1 F5400 X126.816 Y107.017 E209.84107
G0 F15000 X126.816 Y107.583
G1 F5400 X133.496 Y114.263 E210.15528
G0 F15000 X133.496 Y114.828
G1 F5400 X126.816 Y108.148 E210.46948
G0 F15000 X126.816 Y108.714
G1 F5400 X133.496 Y115.394 E210.78369
G0 F15000 X133.496 Y115.96
G1 F5400 X126.816 Y109.28 E211.0979
G0 F15000 X126.816 Y109.846
G1 F5400 X133.496 Y116.526 E211.4121
G0 F15000 X133.496 Y117.091
G1 F5400 X126.816 Y110.411 E211.72631
G0 F15000 X126.816 Y110.977
G1 F5400 X133.496 Y117.657 E212.04052
G0 F15000 X133.496 Y118.223
G1 F5400 X126.816 Y111.543 E212.35473
G0 F15000 X126.816 Y112.108
G1 F5400 X133.496 Y118.788 E212.66893
G0 F15000 X133.496 Y119.354
G1 F5400 X126.816 Y112.674 E212.98314
G0 F15000 X126.816 Y113.24
G1 F5400 X133.496 Y119.92 E213.29735
G0 F15000 X133.496 Y120.485
G1 F5400 X126.816 Y113.805 E213.61155
G0 F15000 X126.816 Y114.371
G1 F5400 X133.496 Y121.051 E213.92576
G0 F15000 X133.496 Y121.617
G1 F5400 X126.816 Y114.937 E214.23997
G0 F15000 X126.816 Y115.502
G1 F5400 X133.496 Y122.182 E214.55417
G0 F15000 X133.496 Y122.748
G1 F5400 X126.816 Y116.068 E214.86838
G0 F15000 X126.816 Y116.634
G1 F5400 X133.496 Y123.314 E215.18259
G0 F15000 X133.496 Y123.879
G1 F5400 X126.816 Y117.199 E215.49679
G0 F15000 X126.816 Y117.765
G1 F5400 X133.496 Y124.445 E215.811
G0 F15000 X133.496 Y125.011
G1 F5400 X126.816 Y118.331 E216.12521
G0 F15000 X126.816 Y118.896
G1 F5400 X133.496 Y125.577 E216.43944
G0 F15000 X133.496 Y126.142
G1 F5400 X126.816 Y119.462 E216.75364
G0 F15000 X126.816 Y120.028
G1 F5400 X133.496 Y126.708 E217.06785
G0 F15000 X133.496 Y127.274
G1 F5400 X126.816 Y120.594 E217.38206
G0 F15000 X126.816 Y121.159
G1 F5400 X133.496 Y127.839 E217.69626
G0 F15000 X133.496 Y128.405
G1 F5400 X126.816 Y121.725 E218.01047
G0 F15000 X126.816 Y122.291
G1 F5400 X133.496 Y128.971 E218.32468
G0 F15000 X133.496 Y129.536
G1 F5400 X126.816 Y122.856 E218.63888
G0 F15000 X126.816 Y123.422
G1 F5400 X133.496 Y130.102 E218.95309
G0 F15000 X133.496 Y130.668
G1 F5400 X126.816 Y123.988 E219.2673
G0 F15000 X126.816 Y124.553
G1 F5400 X133.496 Y131.233 E219.5815
G0 F15000 X133.147 Y131.45
G1 F5400 X133.422 Y131.725 E219.59444
G1 F2400 E218.79444
G0 F15000 X133.956 Y131.725
G0 X133.856 Y133.049
G0 X132.885 Y132.948
G0 X133.271 Y133.271
G1 F2400 E219.59444
G1 F5400 X133.438 Y133.438 E219.60229
G0 F15000 X133.056 Y133.621
G1 F5400 X133.496 Y134.062 E219.62301
G0 F15000 X133.496 Y134.627
G1 F5400 X132.832 Y133.964 E219.65422
G0 F15000 X132.571 Y134.268
G1 F5400 X133.496 Y135.193 E219.69773
G0 F15000 X133.496 Y135.759
G1 F5400 X132.276 Y134.539 E219.75512
G0 F15000 X131.94 Y134.769
G1 F5400 X133.496 Y136.325 E219.82831
G0 F15000 X133.496 Y136.89
G1 F5400 X131.543 Y134.937 E219.92017
G0 F15000 X131.099 Y135.059
G1 F5400 X133.284 Y137.244 E220.02294
G0 F15000 X132.751 Y137.276
G1 F5400 X130.556 Y135.081 E220.12619
G0 F15000 X129.893 Y134.984
G1 F5400 X132.185 Y137.276 E220.234
G0 F15000 X131.619 Y137.276
G1 F5400 X127.864 Y133.521 E220.41062
G0 F15000 X127.816 Y134.038
G1 F5400 X131.054 Y137.276 E220.56293
G0 F15000 X130.488 Y137.276
G1 F5400 X127.816 Y134.604 E220.68861
G0 F15000 X127.816 Y135.17
G1 F5400 X129.922 Y137.276 E220.78767
G0 F15000 X129.357 Y137.276
G1 F5400 X127.816 Y135.736 E220.86013
G0 F15000 X127.816 Y136.301
G1 F5400 X128.791 Y137.276 E220.90599
G0 F15000 X128.225 Y137.276
G1 F5400 X127.816 Y136.867 E220.92523
G1 F2400 E220.12523
G0 F15000 X127.703 Y137.594
G0 X127.492 Y137.299
G0 X127.417 Y132.438
G0 X128.357 Y132.306
G0 X128.034 Y131.994
G1 F2400 E220.92523
G1 F5400 X126.816 Y130.776 E220.98252
G0 F15000 X126.816 Y130.21
G1 F5400 X128.14 Y131.534 E221.0448
G0 F15000 X128.329 Y131.158
G1 F5400 X126.816 Y129.644 E221.11599
G0 F15000 X126.816 Y129.079
G1 F5400 X128.542 Y130.805 E221.19717
G0 F15000 X128.818 Y130.515
G1 F5400 X126.816 Y128.513 E221.29134
G0 F15000 X126.816 Y127.947
G1 F5400 X129.131 Y130.263 E221.40026
G0 F15000 X129.478 Y130.044
G1 F5400 X126.816 Y127.382 E221.52547
G0 F15000 X126.816 Y126.816
G1 F5400 X129.886 Y129.886 E221.66987
G0 F15000 X130.361 Y129.796
G1 F5400 X126.816 Y126.25 E221.83664
G0 F15000 X126.816 Y125.685
G1 F5400 X130.921 Y129.789 E222.02971
G0 F15000 X131.685 Y129.988
G1 F5400 X126.816 Y125.119 E222.25873
G1 F2400 E221.45873
G0 F15000 X126.356 Y125.119
G0 X126.456 Y103.436
G0 X128.436 Y103.055
G0 X128.09 Y103.199
G1 F2400 E222.25873
G1 F5400 X127.74 Y102.85 E222.27517
G0 F15000 X127.987 Y101.966
G1 F5400 X127.848 Y101.826 E222.28173
G0 F15000 X128.143 Y101.555
G1 F5400 X127.814 Y101.227 E222.29718
G0 F15000 X128.325 Y101.172
G1 F5400 X127.815 Y100.662 E222.32117
G0 F15000 X127.816 Y100.097
G1 F5400 X128.538 Y100.819 E222.35513
G0 F15000 X128.809 Y100.525
G1 F5400 X127.946 Y99.662 E222.39572
G0 F15000 X128.446 Y99.596
G1 F5400 X129.118 Y100.268 E222.42733
G0 F15000 X129.461 Y100.045
G1 F5400 X129.012 Y99.596 E222.44845
G0 F15000 X129.63 Y99.648
G1 F5400 X129.806 Y99.825 E222.45675
G1 F2400 E221.65675
G0 F15000 X130.003 Y100.337
G0 X131.207 Y100.206
G0 X131.207 Y99.236
G0 X131.39 Y99.712
G1 F2400 E222.45675
G1 F5400 X131.509 Y99.831 E222.46235
G1 F2400 E221.66235
;MESH:NONMESH
G0 F300 X131.509 Y99.831 Z0.8
G0 F15000 X131.312 Y100.339
G0 X130.36 Y100.515
G0 X128.837 Y101.055
G0 X94.563 Y103.73
G0 X92.905 Y104.536
;TIME_ELAPSED:285.100437
;LAYER:3
M106 S255
;TYPE:WALL-INNER
;MESH:Camera mount.stl(1)
G1 F2400 E222.46235
G1 F5400 X92.205 Y104.508 E222.48565
G1 X91.566 Y104.254 E222.50852
G1 X91.124 Y103.878 E222.52782
G1 X90.856 Y103.526 E222.54254
G1 X90.614 Y103.008 E222.56155
G1 X90.543 Y102.303 E222.58512
G1 X90.688 Y101.651 E222.60734
G1 X90.984 Y101.162 E222.62635
G1 X91.285 Y100.839 E222.64103
G1 X91.668 Y100.574 E222.65652
G1 X92.095 Y100.409 E222.67175
G1 X92.657 Y100.315 E222.6907
G1 X93.216 Y100.41 E222.70956
G1 X93.64 Y100.574 E222.72468
G1 X94.019 Y100.836 E222.74
G1 X94.325 Y101.157 E222.75475
G1 X94.564 Y101.55 E222.77005
G1 X94.711 Y101.984 E222.78529
G1 X94.756 Y102.436 E222.8004
G1 X94.698 Y102.999 E222.81923
G1 X94.411 Y103.628 E222.84222
G1 X94.014 Y104.04 E222.86125
G1 X93.549 Y104.36 E222.88003
G1 X92.905 Y104.536 E222.90223
G1 F2400 E222.10223
G0 F15000 X92.655 Y130.133
G0 X92.884 Y134.54
G1 F2400 E222.90223
G1 F5400 X92.204 Y134.507 E222.92487
G1 X91.566 Y134.254 E222.9477
G1 X91.124 Y133.878 E222.967
G1 X90.856 Y133.526 E222.98172
G1 X90.614 Y133.008 E223.00073
G1 X90.543 Y132.303 E223.0243
G1 X90.688 Y131.651 E223.04652
G1 X90.984 Y131.162 E223.06553
G1 X91.285 Y130.839 E223.08021
G1 X91.668 Y130.574 E223.0957
G1 X92.091 Y130.41 E223.11079
G1 X92.655 Y130.315 E223.12982
G1 X93.216 Y130.41 E223.14874
G1 X93.64 Y130.574 E223.16386
G1 X94.02 Y130.836 E223.17921
G1 X94.329 Y131.163 E223.19418
G1 X94.558 Y131.545 E223.20899
G1 X94.711 Y131.981 E223.22436
G1 X94.756 Y132.436 E223.23956
G1 X94.698 Y132.997 E223.25832
G1 X94.411 Y133.629 E223.28141
G1 X94.018 Y134.038 E223.30027
G1 X93.563 Y134.351 E223.31864
G1 X92.884 Y134.54 E223.34209
G1 F2400 E222.54209
G0 F15000 X93.626 Y134.526
G0 X93.626 Y137.636
G0 X95.087 Y137.836
G1 F2400 E223.34209
G1 F5400 X95.176 Y137.836 E223.34505
G1 X95.55 Y137.76 E223.35774
G1 X95.835 Y137.548 E223.36955
G1 X95.967 Y137.37 E223.37692
G1 X96.056 Y137.096 E223.38651
G1 X96.059 Y132.369 E223.54373
G1 X96.095 Y132.222 E223.54876
G1 X96.236 Y132.007 E223.55731
G1 X96.358 Y131.914 E223.56241
G1 X96.656 Y131.836 E223.57266
G1 X97.456 Y131.836 E223.59927
G1 X97.056 Y131.436 E223.61808
G1 X97.056 Y103.436 E224.54937
G1 X97.393 Y103.035 E224.56679
G1 X96.656 Y103.036 E224.5913
G1 X96.359 Y102.958 E224.60151
G1 X96.212 Y102.841 E224.60776
G1 X96.108 Y102.682 E224.61408
G1 X96.059 Y102.502 E224.62029
G1 X96.056 Y99.827 E224.70926
G1 X96.004 Y99.582 E224.71759
G1 X95.772 Y99.254 E224.73095
G1 X95.472 Y99.083 E224.74244
G1 X95.243 Y99.036 E224.75021
G1 X90.047 Y99.036 E224.92303
G1 X89.851 Y99.078 E224.9297
G1 X89.54 Y99.254 E224.94158
G1 X89.312 Y99.576 E224.95471
G1 X89.256 Y99.846 E224.96388
G1 X89.256 Y137.097 E226.20285
G1 X89.346 Y137.372 E226.21247
G1 X89.473 Y137.548 E226.21969
G1 X89.764 Y137.761 E226.23169
G1 X89.992 Y137.836 E226.23967
G1 X95.087 Y137.836 E226.40913
G1 F2400 E225.60913
G0 F15000 X95.522 Y137.646
G0 X96.208 Y137.121
G0 X96.219 Y131.999
G0 X127.095 Y131.999
G0 X127.268 Y137.002
G0 X127.651 Y137.557
G0 X127.992 Y137.836
G1 F2400 E226.40913
G1 F5400 X133.176 Y137.836 E226.58155
G1 X133.55 Y137.76 E226.59424
G1 X133.84 Y137.547 E226.60621
G1 X134.013 Y137.242 E226.61787
G1 X134.056 Y137.041 E226.62471
G1 X134.056 Y99.827 E227.86245
G1 X134.004 Y99.582 E227.87078
G1 X133.772 Y99.254 E227.88415
G1 X133.472 Y99.083 E227.89563
G1 X133.243 Y99.036 E227.90341
G1 X128.047 Y99.036 E228.07623
G1 X127.851 Y99.078 E228.08289
G1 X127.54 Y99.254 E228.09478
G1 X127.312 Y99.576 E228.1079
G1 X127.256 Y99.846 E228.11707
G1 X127.255 Y102.478 E228.20461
G1 X127.204 Y102.683 E228.21164
G1 X127.094 Y102.848 E228.21824
G1 X126.953 Y102.958 E228.22418
G1 X126.656 Y103.036 E228.2344
G1 X125.856 Y103.036 E228.26101
G1 X126.256 Y103.436 E228.27982
G1 X126.256 Y131.436 E229.2111
G1 X125.919 Y131.837 E229.22853
G1 X126.656 Y131.836 E229.25304
G1 X126.954 Y131.914 E229.26328
G1 X127.138 Y132.078 E229.27148
G1 X127.256 Y132.315 E229.28029
G1 X127.256 Y137.097 E229.43934
G1 X127.346 Y137.372 E229.44896
G1 X127.473 Y137.548 E229.45618
G1 X127.764 Y137.761 E229.46817
G1 X127.992 Y137.836 E229.47616
G1 F2400 E228.67616
G0 F15000 X127.651 Y137.557
G0 X130.884 Y137.636
G0 X130.905 Y134.721
G0 X130.884 Y134.54
G1 F2400 E229.47616
G1 F5400 X130.204 Y134.507 E229.4988
G1 X129.566 Y134.254 E229.52163
G1 X129.124 Y133.878 E229.54093
G1 X128.856 Y133.526 E229.55564
G1 X128.615 Y133.009 E229.57462
G1 X128.541 Y132.314 E229.59786
G1 X128.682 Y131.675 E229.61963
G1 X128.981 Y131.165 E229.63929
G1 X129.285 Y130.839 E229.65412
G1 X129.668 Y130.574 E229.66961
G1 X130.092 Y130.41 E229.68473
G1 X130.659 Y130.315 E229.70385
G1 X131.216 Y130.41 E229.72264
G1 X131.64 Y130.574 E229.73776
G1 X132.019 Y130.836 E229.75309
G1 X132.325 Y131.157 E229.76784
G1 X132.564 Y131.55 E229.78313
G1 X132.711 Y131.984 E229.79838
G1 X132.756 Y132.436 E229.81348
G1 X132.698 Y132.997 E229.83224
G1 X132.411 Y133.629 E229.85533
G1 X132.018 Y134.038 E229.87419
G1 X131.563 Y134.351 E229.89256
G1 X130.884 Y134.54 E229.916
G1 F2400 E229.116
G0 F15000 X131.92 Y133.925
G0 X132.285 Y133.538
G0 X132.551 Y132.96
G0 X132.609 Y132.437
G0 X132.564 Y132.018
G0 X132.428 Y131.618
G0 X132.21 Y131.257
G0 X131.975 Y131.009
G0 X130.659 Y130.133
G0 X130.785 Y104.717
G0 X130.889 Y104.541
G1 F2400 E229.916
G1 F5400 X130.202 Y104.507 E229.93888
G1 X129.566 Y104.254 E229.96165
G1 X129.122 Y103.877 E229.98102
G1 X128.844 Y103.499 E229.99663
G1 X128.613 Y103.006 E230.01473
G1 X128.543 Y102.303 E230.03823
G1 X128.688 Y101.651 E230.06045
G1 X128.984 Y101.162 E230.07946
G1 X129.285 Y100.839 E230.09414
G1 X129.668 Y100.574 E230.10963
G1 X130.095 Y100.409 E230.12486
G1 X130.657 Y100.315 E230.14381
G1 X131.216 Y100.41 E230.16267
G1 X131.64 Y100.574 E230.17779
G1 X132.019 Y100.836 E230.19312
G1 X132.325 Y101.157 E230.20787
G1 X132.564 Y101.55 E230.22316
G1 X132.711 Y101.984 E230.2384
G1 X132.756 Y102.436 E230.25351
G1 X132.698 Y102.997 E230.27227
G1 X132.41 Y103.629 E230.29537
G1 X132.017 Y104.038 E230.31424
G1 X131.549 Y104.36 E230.33313
G1 X130.889 Y104.541 E230.35589
G0 F15000 X130.845 Y104.138
;TYPE:WALL-OUTER
G1 F5400 X130.291 Y104.108 E230.37435
G1 X129.774 Y103.906 E230.39281
G1 X129.404 Y103.586 E230.40908
G1 X129.19 Y103.297 E230.42104
G1 X129.008 Y102.9 E230.43556
G1 X128.945 Y102.339 E230.45434
G1 X129.063 Y101.803 E230.47259
G1 X129.317 Y101.391 E230.48869
G1 X129.533 Y101.159 E230.49924
G1 X129.879 Y100.921 E230.5132
G1 X130.218 Y100.794 E230.52524
G1 X130.657 Y100.72 E230.54005
G1 X131.129 Y100.805 E230.556
G1 X131.47 Y100.943 E230.56824
G1 X131.774 Y101.158 E230.58062
G1 X131.994 Y101.39 E230.59126
G1 X132.206 Y101.739 E230.60484
G1 X132.319 Y102.089 E230.61707
G1 X132.356 Y102.436 E230.62868
G1 X132.31 Y102.871 E230.64323
G1 X132.075 Y103.4 E230.66248
G1 X131.738 Y103.745 E230.67852
G1 X131.379 Y103.992 E230.69301
G1 X130.845 Y104.138 E230.71143
G1 F2400 E229.91143
G0 F15000 X130.829 Y104.449
G0 X130.785 Y104.717
G0 X130.659 Y130.133
G0 X130.859 Y134.134
G1 F2400 E230.71143
G1 F5400 X130.29 Y134.111 E230.73037
G1 X129.774 Y133.906 E230.74883
G1 X129.404 Y133.586 E230.7651
G1 X129.212 Y133.334 E230.77564
G1 X129.004 Y132.9 E230.79165
G1 X128.945 Y132.339 E230.81041
G1 X129.063 Y131.803 E230.82866
G1 X129.317 Y131.391 E230.84476
G1 X129.533 Y131.159 E230.8553
G1 X129.879 Y130.921 E230.86927
G1 X130.218 Y130.794 E230.88131
G1 X130.66 Y130.721 E230.89621
G1 X131.129 Y130.805 E230.91206
G1 X131.47 Y130.943 E230.9243
G1 X131.774 Y131.158 E230.93668
G1 X131.994 Y131.39 E230.94731
G1 X132.206 Y131.739 E230.9609
G1 X132.319 Y132.089 E230.97313
G1 X132.356 Y132.436 E230.98473
G1 X132.31 Y132.871 E230.99928
G1 X132.075 Y133.4 E231.01854
G1 X131.738 Y133.745 E231.03458
G1 X131.371 Y133.992 E231.04929
G1 X130.859 Y134.134 E231.06696
G1 F2400 E230.26696
G0 F15000 X130.942 Y134.435
G0 X130.236 Y134.359
G0 X128.701 Y133.62
G0 X127.087 Y133.62
G0 X111.433 Y132.185
G1 F2400 E231.06696
G1 F4285.7 X125.743 Y132.184 E231.66666
G1 F4518.8 X126.74 Y132.241 E231.70635
G1 F5070.4 X126.856 Y132.395 E231.71318
G1 F5400 X126.856 Y137.16 E231.87167
G1 X126.985 Y137.556 E231.88552
G1 X127.174 Y137.817 E231.89624
G1 X127.375 Y137.997 E231.90521
G1 X127.599 Y138.128 E231.91384
G1 X127.928 Y138.236 E231.92536
G1 X133.197 Y138.236 E232.10061
G1 X133.466 Y138.207 E232.10961
G1 X133.714 Y138.128 E232.11826
G1 X133.937 Y137.997 E232.12687
G1 X134.138 Y137.817 E232.13584
G1 X134.285 Y137.615 E232.14415
G1 X134.396 Y137.366 E232.15322
G1 X134.456 Y137.083 E232.16284
G1 X134.456 Y99.785 E233.40337
G1 X134.382 Y99.437 E233.41521
G1 X134.217 Y99.15 E233.42622
G1 X134.041 Y98.954 E233.43498
G1 X133.836 Y98.807 E233.44337
G1 X133.594 Y98.7 E233.45217
G1 X133.283 Y98.636 E233.46273
G1 X128.005 Y98.636 E233.63828
G1 X127.727 Y98.696 E233.64774
G1 X127.476 Y98.807 E233.65687
G1 X127.271 Y98.954 E233.66526
G1 X127.096 Y99.15 E233.674
G1 X126.934 Y99.432 E233.68481
G1 X126.856 Y99.805 E233.69749
G1 X126.856 Y102.501 E233.78716
G1 F5082.4 X126.735 Y102.632 E233.79346
G1 F4547.4 X125.656 Y102.686 E233.83613
G1 F4302.8 X97.569 Y102.688 E235.00852
G1 F4518.8 X96.577 Y102.631 E235.04801
G1 F5070.4 X96.456 Y102.499 E235.05436
G1 F5400 X96.456 Y99.785 E235.14462
G1 X96.382 Y99.437 E235.15646
G1 X96.217 Y99.15 E235.16747
G1 X96.041 Y98.954 E235.17623
G1 X95.836 Y98.807 E235.18462
G1 X95.594 Y98.7 E235.19342
G1 X95.283 Y98.636 E235.20398
G1 X90.005 Y98.636 E235.37953
G1 X89.727 Y98.696 E235.38899
G1 X89.476 Y98.807 E235.39812
G1 X89.271 Y98.954 E235.40651
G1 X89.096 Y99.15 E235.41525
G1 X88.934 Y99.432 E235.42606
G1 X88.856 Y99.805 E235.43874
G1 X88.856 Y137.16 E236.68117
G1 X88.985 Y137.556 E236.69502
G1 X89.174 Y137.817 E236.70574
G1 X89.375 Y137.997 E236.71471
G1 X89.599 Y138.128 E236.72334
G1 X89.928 Y138.236 E236.73486
G1 X95.197 Y138.236 E236.91011
G1 X95.466 Y138.207 E236.91911
G1 X95.714 Y138.128 E236.92776
G1 X95.936 Y137.998 E236.93632
G1 X96.134 Y137.817 E236.94524
G1 X96.327 Y137.555 E236.95607
G1 X96.456 Y137.16 E236.96989
G1 X96.457 Y132.413 E237.12777
G1 F5082.4 X96.58 Y132.24 E237.13527
G1 F4547.4 X97.656 Y132.186 E237.17783
G1 F4311.4 X111.433 Y132.185 E237.75175
G0 F15000 X111.441 Y131.686
G1 F4320 X97.656 Y131.686 E238.32487
G1 F4800 X97.456 Y131.436 E238.33685
G1 F5400 X97.456 Y103.436 E239.26813
G1 F4778.8 X97.612 Y103.187 E239.27917
G1 F4302.8 X125.656 Y103.186 E240.44977
G1 F4800 X125.856 Y103.436 E240.46175
G1 F5400 X125.856 Y131.436 E241.39303
G1 F4778.8 X125.7 Y131.685 E241.40408
G1 F4294.2 X111.441 Y131.686 E242.00045
G1 F2400 E241.20045
G0 F15000 X111.441 Y131.947
G0 X96.219 Y131.999
G0 X95.878 Y134.44
G0 X94.133 Y134.178
G0 X92.859 Y134.134
G1 F2400 E242.00045
G1 F5400 X92.29 Y134.111 E242.0194
G1 X91.774 Y133.906 E242.03786
G1 X91.404 Y133.586 E242.05413
G1 X91.212 Y133.334 E242.06467
G1 X91.004 Y132.9 E242.08068
G1 X90.945 Y132.338 E242.09947
G1 X91.063 Y131.803 E242.11769
G1 X91.317 Y131.391 E242.13379
G1 X91.533 Y131.159 E242.14433
G1 X91.879 Y130.921 E242.1583
G1 X92.218 Y130.794 E242.17034
G1 X92.653 Y130.721 E242.18501
G1 X93.09 Y130.794 E242.19975
G1 X93.47 Y130.943 E242.21333
G1 X93.774 Y131.158 E242.22571
G1 X93.994 Y131.39 E242.23634
G1 X94.197 Y131.717 E242.24914
G1 X94.319 Y132.089 E242.26217
G1 X94.356 Y132.436 E242.27377
G1 X94.31 Y132.871 E242.28832
G1 X94.075 Y133.4 E242.30757
G1 X93.738 Y133.745 E242.32361
G1 X93.371 Y133.992 E242.33833
G1 X92.859 Y134.134 E242.356
G1 F2400 E241.556
G0 F15000 X92.942 Y134.435
G0 X93.484 Y134.221
G0 X93.92 Y133.925
G0 X94.285 Y133.538
G0 X94.551 Y132.96
G0 X94.609 Y132.437
G0 X94.564 Y132.018
G0 X94.428 Y131.618
G0 X94.21 Y131.257
G0 X93.975 Y131.009
G0 X92.655 Y130.133
G0 X92.932 Y104.717
G0 X92.839 Y104.136
G1 F2400 E242.356
G1 F5400 X92.288 Y104.11 E242.37435
G1 X91.774 Y103.906 E242.39274
G1 X91.404 Y103.586 E242.40901
G1 X91.212 Y103.334 E242.41955
G1 X91.004 Y102.9 E242.43555
G1 X90.948 Y102.352 E242.45388
G1 X91.063 Y101.804 E242.4725
G1 X91.317 Y101.391 E242.48863
G1 X91.533 Y101.159 E242.49917
G1 X91.879 Y100.921 E242.51314
G1 X92.218 Y100.794 E242.52518
G1 X92.657 Y100.72 E242.53998
G1 X93.129 Y100.805 E242.55594
G1 X93.47 Y100.943 E242.56817
G1 X93.774 Y101.158 E242.58056
G1 X93.994 Y101.39 E242.59119
G1 X94.206 Y101.739 E242.60477
G1 X94.31 Y102.047 E242.61558
G1 X94.356 Y102.454 E242.62921
G1 X94.305 Y102.892 E242.64387
G1 X94.075 Y103.4 E242.66242
G1 X93.738 Y103.745 E242.67846
G1 X93.378 Y103.992 E242.69298
G1 X92.839 Y104.136 E242.71154
G1 F2400 E241.91154
G0 F15000 X92.823 Y104.448
G0 X92.932 Y104.717
G0 X95.861 Y132.347
G0 X95.087 Y137.476
;TYPE:SKIN
G1 F2400 E242.71154
G1 F5400 X90.054 Y137.476 E242.87894
G1 X89.914 Y137.428 E242.88386
G1 X89.737 Y137.297 E242.89118
G1 X89.616 Y137.036 E242.90075
G1 X89.616 Y133.893 E243.00529
G1 F4909.1 X89.655 Y133.279 E243.0278
G1 F4302.8 X89.678 Y133.138 E243.03376
G1 F4268.8 X89.66 Y132.181 E243.07403
G1 F4864.9 X89.617 Y131.595 E243.09572
G1 F5400 X89.616 Y103.893 E244.0171
G1 F4909.1 X89.655 Y103.279 E244.03961
G1 F4302.8 X89.678 Y103.138 E244.04557
G1 F4268.8 X89.66 Y102.181 E244.08584
G1 F4864.9 X89.617 Y101.595 E244.10753
G1 F5400 X89.616 Y99.878 E244.16464
G1 X89.652 Y99.714 E244.17023
G1 X89.783 Y99.524 E244.1779
G1 X90.01 Y99.396 E244.18657
G1 X91.364 Y99.396 E244.2316
G1 F4810.7 X91.857 Y99.444 E244.2501
G1 F4186 X91.961 Y99.462 E244.25462
G1 F4268.8 X92.652 Y99.435 E244.28372
G1 F4285.7 X93.343 Y99.462 E244.3127
G1 F4210.5 X93.451 Y99.443 E244.31738
G1 F4821.4 X93.944 Y99.396 E244.33583
G1 F5400 X95.204 Y99.396 E244.37773
G1 X95.356 Y99.426 E244.38289
G1 X95.525 Y99.524 E244.38938
G1 X95.665 Y99.723 E244.39748
G1 X95.696 Y99.862 E244.40221
G1 X95.699 Y101.281 E244.44941
G1 F4695.7 X95.64 Y101.886 E244.47266
G1 F4252 X95.653 Y102.517 E244.49932
G1 F4821.4 X95.794 Y102.851 E244.51283
G1 F5400 X95.941 Y103.085 E244.52202
G1 X96.177 Y103.267 E244.53193
G1 X96.696 Y103.414 E244.54987
G1 X96.696 Y131.462 E245.48275
G1 X96.173 Y131.601 E245.50075
G1 X95.957 Y131.781 E245.5101
G1 F5320.2 X95.743 Y132.116 E245.52352
G1 F4821.4 X95.658 Y132.352 E245.53287
G1 F4277.2 X95.636 Y133.131 E245.56559
G1 F4285.7 X95.658 Y133.266 E245.57132
G1 F4898 X95.698 Y133.877 E245.59377
G1 F5400 X95.696 Y137.033 E245.69874
G1 X95.639 Y137.193 E245.70439
G1 X95.478 Y137.379 E245.71257
G1 X95.261 Y137.476 E245.72048
G1 X95.087 Y137.476 E245.72627
G1 F2400 E244.92627
G0 F15000 X95.522 Y137.646
G0 X92.897 Y137.636
G0 X92.905 Y134.721
G0 X92.935 Y134.897
G1 F2400 E245.72627
G1 F5400 X93.693 Y134.689 E245.75241
G1 X94.265 Y134.3 E245.77542
G1 X94.623 Y133.924 E245.79269
G1 X94.767 Y133.708 E245.80132
G1 F4898 X95.072 Y133.14 E245.82496
G1 F4285.7 X95.113 Y133.086 E245.8278
G1 F4243.6 X95.162 Y132.408 E245.85657
G1 F4778.8 X95.088 Y132.073 E245.86947
G1 F5320.2 X95.065 Y131.907 E245.87512
G1 F5400 X94.874 Y131.372 E245.89402
G1 X94.628 Y130.964 E245.90986
G1 X94.27 Y130.578 E245.92737
G1 X93.832 Y130.264 E245.9453
G1 X93.293 Y130.054 E245.96454
G1 X92.655 Y129.948 E245.98605
G1 X92.006 Y130.058 E246.00794
G1 X91.477 Y130.263 E246.02681
G1 X91.057 Y130.555 E246.04383
G1 X90.705 Y130.927 E246.06086
G1 X90.428 Y131.381 E246.07855
G1 X90.322 Y131.642 E246.08792
G1 F4768.2 X90.135 Y132.257 E246.11213
G1 F4462.8 X90.195 Y133.071 E246.14498
G1 F5011.6 X90.556 Y133.725 E246.17175
G1 F5400 X90.848 Y134.11 E246.18782
G1 X91.376 Y134.567 E246.21105
G1 X91.979 Y134.803 E246.23259
G1 X92.249 Y134.864 E246.24179
G1 X92.935 Y134.897 E246.26463
G1 F2400 E245.46463
G0 F15000 X92.897 Y134.641
G0 X93.92 Y133.925
G0 X94.285 Y133.538
G0 X94.551 Y132.96
G0 X94.609 Y132.437
G0 X94.564 Y132.018
G0 X94.428 Y131.618
G0 X94.21 Y131.257
G0 X93.975 Y131.009
G0 X92.655 Y130.133
G0 X92.932 Y104.717
G0 X92.941 Y104.896
G1 F2400 E246.26463
G1 F5400 X93.546 Y104.733 E246.28547
G1 X93.801 Y104.618 E246.29478
G1 X94.261 Y104.299 E246.3134
G1 X94.712 Y103.827 E246.33511
G1 X95.034 Y103.124 E246.36083
G1 F5373.1 X95.075 Y102.858 E246.36982
G1 F4736.8 X95.166 Y102.46 E246.38531
G1 F4202.3 X95.122 Y101.913 E246.40876
G1 F4695.7 X94.88 Y101.372 E246.43143
G1 F5400 X94.601 Y100.921 E246.44907
G1 X94.269 Y100.573 E246.46506
G1 X93.831 Y100.264 E246.48289
G1 F5000 X93.277 Y99.987 E246.50514
G1 F4444.4 X92.652 Y99.909 E246.53059
G1 F4153.8 X92.006 Y99.989 E246.55874
G1 F4186 X91.963 Y100.02 E246.56101
G1 F4810.7 X91.477 Y100.263 E246.5813
G1 F5400 X91.057 Y100.555 E246.59831
G1 X90.708 Y100.928 E246.6153
G1 X90.429 Y101.375 E246.63283
G1 X90.321 Y101.643 E246.64244
G1 F4768.2 X90.135 Y102.257 E246.6666
G1 F4462.8 X90.195 Y103.071 E246.69945
G1 F5011.6 X90.556 Y103.725 E246.72622
G1 F5400 X90.848 Y104.11 E246.7423
G1 X91.376 Y104.567 E246.76552
G1 X91.974 Y104.803 E246.7869
G1 X92.25 Y104.864 E246.7963
G1 X92.941 Y104.896 E246.81931
G1 F2400 E246.01931
G0 F15000 X92.923 Y104.637
G0 X91.645 Y104.123
G0 X91.24 Y103.78
G0 X90.985 Y103.444
G0 X90.763 Y102.965
G0 X90.694 Y102.332
G0 X91.165 Y100.703
G0 X91.165 Y99.236
G0 X90.474 Y99.596
G1 F2400 E246.81931
G1 F5400 X89.817 Y100.254 E246.85024
G0 F15000 X89.817 Y100.819
G1 F5400 X91.04 Y99.596 E246.90777
G0 F15000 X91.566 Y99.636
G1 F5400 X89.817 Y101.384 E246.99001
G0 F15000 X90.1 Y101.668
G1 F5400 X89.863 Y101.904 E247.00113
G0 F15000 X89.356 Y101.904
G0 X89.456 Y103.148
G0 X90.438 Y103.058
G0 X90.095 Y103.369
G1 F5400 X89.853 Y103.612 E247.01254
G0 F15000 X90.315 Y103.716
G1 F5400 X89.817 Y104.213 E247.03594
G0 F15000 X89.817 Y104.779
G1 F5400 X90.549 Y104.047 E247.07037
G0 F15000 X90.814 Y104.348
G1 F5400 X89.817 Y105.345 E247.11727
G0 F15000 X89.817 Y105.91
G1 F5400 X91.118 Y104.609 E247.17846
G0 F15000 X91.473 Y104.819
G1 F5400 X89.817 Y106.476 E247.25638
G0 F15000 X89.817 Y107.042
G1 F5400 X91.879 Y104.98 E247.35337
G0 F15000 X92.357 Y105.068
G1 F5400 X89.817 Y107.608 E247.47284
G0 F15000 X89.817 Y108.173
G1 F5400 X92.897 Y105.093 E247.61772
G0 F15000 X93.656 Y104.9
G1 F5400 X89.817 Y108.739 E247.79829
G0 F15000 X89.817 Y109.305
G1 F5400 X95.853 Y103.268 E248.08223
G0 F15000 X95.616 Y102.94
G1 F5400 X95.104 Y103.452 E248.10631
G0 F15000 X94.689 Y103.262
G0 X94.891 Y102.899
G0 X95.89 Y102.629
G0 X96.2 Y103.486
G1 F5400 X89.817 Y109.87 E248.40657
G0 F15000 X89.817 Y110.436
G1 F5400 X96.496 Y103.757 E248.72073
G0 F15000 X96.496 Y104.322
G1 F5400 X89.817 Y111.002 E249.03492
G0 F15000 X89.817 Y111.567
G1 F5400 X96.496 Y104.888 E249.34908
G0 F15000 X96.496 Y105.454
G1 F5400 X89.817 Y112.133 E249.66324
G0 F15000 X89.817 Y112.699
G1 F5400 X96.496 Y106.019 E249.97742
G0 F15000 X96.496 Y106.585
G1 F5400 X89.817 Y113.264 E250.29158
G0 F15000 X89.817 Y113.83
G1 F5400 X96.496 Y107.151 E250.60574
G0 F15000 X96.496 Y107.716
G1 F5400 X89.817 Y114.396 E250.91992
G0 F15000 X89.817 Y114.961
G1 F5400 X96.496 Y108.282 E251.23408
G0 F15000 X96.496 Y108.848
G1 F5400 X89.817 Y115.527 E251.54824
G0 F15000 X89.817 Y116.093
G1 F5400 X96.496 Y109.413 E251.86242
G0 F15000 X96.496 Y109.979
G1 F5400 X89.817 Y116.658 E252.17658
G0 F15000 X89.817 Y117.224
G1 F5400 X96.496 Y110.545 E252.49074
G0 F15000 X96.496 Y111.111
G1 F5400 X89.817 Y117.79 E252.8049
G0 F15000 X89.817 Y118.356
G1 F5400 X96.496 Y111.676 E253.11909
G0 F15000 X96.496 Y112.242
G1 F5400 X89.817 Y118.921 E253.43325
G0 F15000 X89.817 Y119.487
G1 F5400 X96.496 Y112.808 E253.74741
G0 F15000 X96.496 Y113.373
G1 F5400 X89.817 Y120.053 E254.06159
G0 F15000 X89.817 Y120.618
G1 F5400 X96.496 Y113.939 E254.37575
G0 F15000 X96.496 Y114.505
G1 F5400 X89.817 Y121.184 E254.68991
G0 F15000 X89.817 Y121.75
G1 F5400 X96.496 Y115.07 E255.00409
G0 F15000 X96.496 Y115.636
G1 F5400 X89.817 Y122.315 E255.31825
G0 F15000 X89.817 Y122.881
G1 F5400 X96.496 Y116.202 E255.63241
G0 F15000 X96.496 Y116.767
G1 F5400 X89.817 Y123.447 E255.94659
G0 F15000 X89.817 Y124.012
G1 F5400 X96.496 Y117.333 E256.26075
G0 F15000 X96.496 Y117.899
G1 F5400 X89.817 Y124.578 E256.57491
G0 F15000 X89.817 Y125.144
G1 F5400 X96.496 Y118.464 E256.8891
G0 F15000 X96.496 Y119.03
G1 F5400 X89.817 Y125.709 E257.20326
G0 F15000 X89.817 Y126.275
G1 F5400 X96.496 Y119.596 E257.51742
G0 F15000 X96.496 Y120.161
G1 F5400 X89.817 Y126.841 E257.8316
G0 F15000 X89.817 Y127.406
G1 F5400 X96.496 Y120.727 E258.14576
G0 F15000 X96.496 Y121.293
G1 F5400 X89.817 Y127.972 E258.45992
G0 F15000 X89.817 Y128.538
G1 F5400 X96.496 Y121.859 E258.77408
G0 F15000 X96.496 Y122.424
G1 F5400 X89.817 Y129.104 E259.08826
G0 F15000 X89.817 Y129.669
G1 F5400 X96.496 Y122.99 E259.40242
G0 F15000 X96.496 Y123.556
G1 F5400 X89.817 Y130.235 E259.71658
G0 F15000 X89.817 Y130.801
G1 F5400 X96.496 Y124.121 E260.03076
G0 F15000 X96.496 Y124.687
G1 F5400 X89.817 Y131.366 E260.34492
G0 F15000 X90.112 Y131.636
G1 F5400 X89.861 Y131.888 E260.35675
G0 F15000 X89.356 Y131.888
G0 X89.456 Y133.137
G0 X90.438 Y133.058
G0 X90.088 Y133.358
G1 F5400 X89.856 Y133.59 E260.36767
G0 F15000 X90.307 Y133.704
G1 F5400 X89.816 Y134.195 E260.39076
G0 F15000 X89.816 Y134.761
G1 F5400 X90.541 Y134.036 E260.42486
G0 F15000 X90.803 Y134.34
G1 F5400 X89.816 Y135.327 E260.47129
G0 F15000 X89.816 Y135.892
G1 F5400 X91.107 Y134.601 E260.53201
G0 F15000 X91.46 Y134.814
G1 F5400 X89.816 Y136.458 E260.60934
G0 F15000 X89.822 Y137.017
G1 F5400 X91.867 Y134.973 E260.70551
G0 F15000 X92.338 Y135.067
G1 F5400 X90.129 Y137.276 E260.80941
G0 F15000 X90.695 Y137.276
G1 F5400 X92.872 Y135.099 E260.91181
G0 F15000 X93.623 Y134.914
G1 F5400 X91.261 Y137.276 E261.02291
G0 F15000 X91.826 Y137.276
G1 F5400 X95.466 Y133.637 E261.19411
G0 F15000 X95.281 Y133.256
G1 F5400 X95.381 Y133.156 E261.19881
G0 F15000 X95.96 Y133.157
G0 X95.959 Y134.172
G0 X95.498 Y134.171
G1 F5400 X92.392 Y137.276 E261.34488
G0 F15000 X92.958 Y137.276
G1 F5400 X95.498 Y134.736 E261.46436
G0 F15000 X95.497 Y135.303
G1 F5400 X93.523 Y137.276 E261.55718
G0 F15000 X94.089 Y137.276
G1 F5400 X95.497 Y135.868 E261.62341
G0 F15000 X95.496 Y136.435
G1 F5400 X94.655 Y137.276 E261.66297
G0 F15000 X95.223 Y137.273
G1 F5400 X95.493 Y137.003 E261.67567
G1 F2400 E260.87567
G0 F15000 X95.747 Y137.472
G0 X95.861 Y132.347
G0 X94.936 Y132.436
G0 X95.309 Y132.097
G1 F2400 E261.67567
G1 F5400 X96.496 Y130.91 E261.7315
G0 F15000 X96.496 Y130.344
G1 F5400 X95.19 Y131.65 E261.79293
G0 F15000 X95.031 Y131.243
G1 F5400 X96.496 Y129.778 E261.86184
G0 F15000 X96.496 Y129.212
G1 F5400 X94.818 Y130.89 E261.94077
G0 F15000 X94.555 Y130.588
G1 F5400 X96.496 Y128.647 E262.03207
G0 F15000 X96.496 Y128.081
G1 F5400 X94.257 Y130.32 E262.13738
G0 F15000 X93.925 Y130.086
G1 F5400 X96.496 Y127.515 E262.25832
G0 F15000 X96.496 Y126.95
G1 F5400 X93.522 Y129.924 E262.3982
G0 F15000 X93.065 Y129.815
G1 F5400 X96.496 Y126.384 E262.55959
G0 F15000 X96.496 Y125.818
G1 F5400 X92.55 Y129.764 E262.7452
G0 F15000 X91.848 Y129.9
G1 F5400 X96.496 Y125.253 E262.9638
G1 F2400 E262.1638
G0 F15000 X96.956 Y125.253
G0 X96.856 Y103.436
G0 X94.875 Y103.046
G0 X95.239 Y101.62
G1 F2400 E262.9638
G1 F5400 X95.482 Y101.376 E262.97525
G0 F15000 X95.042 Y101.251
G1 F5400 X95.498 Y100.795 E262.9967
G0 F15000 X95.497 Y100.23
G1 F5400 X94.827 Y100.9 E263.02822
G0 F15000 X94.567 Y100.594
G1 F5400 X95.428 Y99.734 E263.06869
G0 F15000 X95 Y99.596
G1 F5400 X94.269 Y100.326 E263.10305
G0 F15000 X93.936 Y100.095
G1 F5400 X94.434 Y99.596 E263.1265
G0 F15000 X93.851 Y99.613
G1 F5400 X93.586 Y99.879 E263.13899
G1 F2400 E262.33899
G0 F15000 X93.395 Y100.371
G0 X94.21 Y101.257
G0 X94.386 Y101.549
G0 X94.875 Y103.046
G0 X96.856 Y103.436
G0 X127.651 Y137.557
G0 X128.054 Y137.476
G1 F2400 E263.13899
G1 F5400 X127.914 Y137.428 E263.14391
G1 X127.737 Y137.297 E263.15123
G1 X127.616 Y137.036 E263.1608
G1 X127.617 Y133.895 E263.26527
G1 F4909.1 X127.655 Y133.285 E263.28763
G1 F4302.8 X127.678 Y133.142 E263.29368
G1 F4277.2 X127.654 Y132.391 E263.32523
G1 F4675.3 X127.602 Y132.188 E263.33328
G1 F5023.3 X127.424 Y131.852 E263.34688
G1 F5268.3 X127.12 Y131.591 E263.36054
G1 F5400 X126.616 Y131.463 E263.37783
G1 X126.616 Y103.409 E264.31091
G1 X127.116 Y103.281 E264.32808
G1 X127.337 Y103.109 E264.33739
G1 X127.515 Y102.859 E264.3476
G1 F4832.2 X127.659 Y102.502 E264.36191
G1 F4390.2 X127.658 Y102.186 E264.37483
G1 F4853.9 X127.614 Y101.596 E264.39673
G1 F5400 X127.616 Y99.878 E264.45387
G1 X127.652 Y99.714 E264.45945
G1 X127.783 Y99.524 E264.46713
G1 X128.01 Y99.396 E264.4758
G1 X129.364 Y99.396 E264.52083
G1 F4810.7 X129.857 Y99.444 E264.53932
G1 F4186 X129.961 Y99.462 E264.54385
G1 F4268.8 X130.652 Y99.435 E264.57295
G1 F4285.7 X131.343 Y99.462 E264.60193
G1 F4210.5 X131.451 Y99.443 E264.6066
G1 F4821.4 X131.944 Y99.396 E264.62505
G1 F5400 X133.204 Y99.396 E264.66696
G1 X133.356 Y99.426 E264.67211
G1 X133.526 Y99.524 E264.67864
G1 X133.665 Y99.719 E264.6866
G1 X133.696 Y99.862 E264.69147
G1 X133.696 Y101.282 E264.7387
G1 F4716.2 X133.638 Y101.886 E264.76181
G1 F4285.7 X133.651 Y102.385 E264.78273
G1 F4252 X133.634 Y103.13 E264.8142
G1 F4294.2 X133.656 Y103.266 E264.81997
G1 F4909.1 X133.696 Y103.876 E264.84233
G1 F5400 X133.696 Y131.282 E265.75386
G1 F4716.2 X133.638 Y131.886 E265.77697
G1 F4285.7 X133.651 Y132.385 E265.79789
G1 F4252 X133.634 Y133.13 E265.82936
G1 F4294.2 X133.656 Y133.266 E265.83513
G1 F4909.1 X133.696 Y133.876 E265.85749
G1 F5400 X133.696 Y136.993 E265.96116
G1 X133.622 Y137.225 E265.96926
G1 X133.413 Y137.422 E265.97882
G1 X133.144 Y137.476 E265.98794
G1 X128.054 Y137.476 E266.15723
G1 F2400 E265.35723
G0 F15000 X127.651 Y137.557
G0 X130.897 Y137.636
G0 X130.905 Y134.721
G0 X130.935 Y134.897
G1 F2400 E266.15723
G1 F5400 X131.693 Y134.689 E266.18338
G1 X132.233 Y134.326 E266.20502
G1 X132.623 Y133.923 E266.22367
G1 X132.767 Y133.707 E266.23231
G1 F4909.1 X133.071 Y133.14 E266.25584
G1 F4294.2 X133.112 Y133.085 E266.25871
G1 F4252 X133.161 Y132.462 E266.28511
G1 F4557 X133.123 Y131.933 E266.30601
G1 F5035 X132.879 Y131.371 E266.32787
G1 F5400 X132.627 Y130.959 E266.34393
G1 X132.265 Y130.573 E266.36153
G1 X131.827 Y130.263 E266.37938
G1 X131.29 Y130.054 E266.39855
G1 X130.661 Y129.948 E266.41976
G1 X130.006 Y130.058 E266.44185
G1 X129.523 Y130.241 E266.45903
G1 X129.035 Y130.577 E266.47874
G1 X128.707 Y130.921 E266.49455
G1 X128.347 Y131.52 E266.51779
G1 F5373.1 X128.227 Y132.05 E266.53596
G1 F4864.9 X128.135 Y132.33 E266.54684
G1 F4557 X128.195 Y133.075 E266.57629
G1 F5011.6 X128.556 Y133.725 E266.60294
G1 F5400 X128.848 Y134.11 E266.61901
G1 X129.376 Y134.567 E266.64224
G1 X129.979 Y134.803 E266.66377
G1 X130.249 Y134.864 E266.67298
G1 X130.935 Y134.897 E266.69582
G1 F2400 E265.89582
G0 F15000 X130.897 Y134.641
G0 X131.92 Y133.925
G0 X132.285 Y133.538
G0 X132.551 Y132.96
G0 X132.609 Y132.437
G0 X132.564 Y132.018
G0 X132.428 Y131.618
G0 X132.21 Y131.257
G0 X131.975 Y131.009
G0 X130.659 Y130.133
G0 X130.785 Y104.717
G0 X130.935 Y104.898
G1 F2400 E266.69582
G1 F5400 X131.542 Y104.733 E266.71675
G1 X131.805 Y104.614 E266.72635
G1 X132.234 Y104.321 E266.74363
G1 X132.6 Y103.952 E266.76091
G1 X132.767 Y103.707 E266.77077
G1 F4909.1 X133.071 Y103.14 E266.79431
G1 F4294.2 X133.112 Y103.085 E266.79718
G1 F4252 X133.161 Y102.462 E266.82358
G1 F4557 X133.123 Y101.933 E266.84448
G1 F5035 X132.88 Y101.372 E266.86629
G1 F5400 X132.628 Y100.956 E266.88247
G1 X132.269 Y100.573 E266.89993
G1 X131.831 Y100.264 E266.91775
G1 F5000 X131.277 Y99.987 E266.94
G1 F4444.4 X130.652 Y99.909 E266.96546
G1 F4153.8 X130.006 Y99.989 E266.9936
G1 F4186 X129.963 Y100.02 E266.99588
G1 F4810.7 X129.477 Y100.263 E267.01616
G1 F5400 X129.057 Y100.555 E267.03318
G1 X128.708 Y100.928 E267.05017
G1 X128.429 Y101.375 E267.06769
G1 X128.321 Y101.643 E267.0773
G1 F4853.9 X128.141 Y102.239 E267.10034
G1 F4390.2 X128.152 Y102.495 E267.11082
G1 F4778.8 X128.231 Y102.844 E267.12427
G1 F5346.5 X128.274 Y103.133 E267.13408
G1 F5400 X128.538 Y103.697 E267.1548
G1 X128.874 Y104.137 E267.17321
G1 X129.258 Y104.465 E267.19001
G1 X129.493 Y104.608 E267.19916
G1 X130.12 Y104.863 E267.22167
G1 X130.935 Y104.898 E267.2488
G1 F2400 E266.4488
G0 F15000 X130.905 Y104.622
G0 X129.645 Y104.123
G0 X129.24 Y103.78
G0 X128.985 Y103.444
G0 X128.763 Y102.965
G0 X128.694 Y102.332
G0 X129.165 Y100.703
G0 X129.165 Y99.236
G0 X128.375 Y99.596
G1 F2400 E267.2488
G1 F5400 X127.817 Y100.155 E267.27507
G0 F15000 X127.815 Y100.722
G1 F5400 X128.941 Y99.596 E267.32804
G0 F15000 X129.483 Y99.619
G1 F5400 X127.815 Y101.288 E267.40652
G0 F15000 X128.16 Y101.508
G1 F5400 X127.848 Y101.821 E267.42122
G0 F15000 X128.003 Y102.796
G1 F5400 X126.816 Y103.984 E267.47707
G0 F15000 X126.816 Y104.549
G1 F5400 X128.11 Y103.255 E267.53794
G0 F15000 X128.29 Y103.641
G1 F5400 X126.816 Y105.115 E267.60727
G0 F15000 X126.816 Y105.681
G1 F5400 X128.508 Y103.989 E267.68686
G0 F15000 X128.76 Y104.302
G1 F5400 X126.816 Y106.246 E267.7783
G0 F15000 X126.816 Y106.812
G1 F5400 X129.065 Y104.563 E267.88408
G0 F15000 X129.409 Y104.785
G1 F5400 X126.816 Y107.378 E268.00605
G0 F15000 X126.816 Y107.943
G1 F5400 X129.807 Y104.952 E268.14674
G0 F15000 X130.256 Y105.069
G1 F5400 X126.816 Y108.509 E268.30854
G0 F15000 X126.816 Y109.075
G1 F5400 X130.803 Y105.088 E268.49608
G0 F15000 X131.507 Y104.949
G1 F5400 X126.816 Y109.64 E268.71673
G0 F15000 X126.816 Y110.206
G1 F5400 X133.455 Y103.567 E269.02901
G0 F15000 X133.496 Y104.092
G1 F5400 X126.816 Y110.772 E269.34322
G0 F15000 X126.816 Y111.337
G1 F5400 X133.496 Y104.657 E269.65742
G0 F15000 X133.496 Y105.223
G1 F5400 X126.816 Y111.903 E269.97163
G0 F15000 X126.816 Y112.469
G1 F5400 X133.496 Y105.789 E270.28584
G0 F15000 X133.496 Y106.355
G1 F5400 X126.816 Y113.035 E270.60004
G0 F15000 X126.816 Y113.6
G1 F5400 X133.496 Y106.92 E270.91425
G0 F15000 X133.496 Y107.486
G1 F5400 X126.816 Y114.166 E271.22846
G0 F15000 X126.816 Y114.732
G1 F5400 X133.496 Y108.052 E271.54266
G0 F15000 X133.496 Y108.617
G1 F5400 X126.816 Y115.297 E271.85687
G0 F15000 X126.816 Y115.863
G1 F5400 X133.496 Y109.183 E272.17108
G0 F15000 X133.496 Y109.749
G1 F5400 X126.816 Y116.429 E272.48528
G0 F15000 X126.816 Y116.994
G1 F5400 X133.496 Y110.314 E272.79949
G0 F15000 X133.496 Y110.88
G1 F5400 X126.816 Y117.56 E273.1137
G0 F15000 X126.816 Y118.126
G1 F5400 X133.496 Y111.446 E273.4279
G0 F15000 X133.496 Y112.011
G1 F5400 X126.816 Y118.691 E273.74211
G0 F15000 X126.816 Y119.257
G1 F5400 X133.496 Y112.577 E274.05632
G0 F15000 X133.496 Y113.143
G1 F5400 X126.816 Y119.823 E274.37052
G0 F15000 X126.816 Y120.388
G1 F5400 X133.496 Y113.708 E274.68473
G0 F15000 X133.496 Y114.274
G1 F5400 X126.816 Y120.954 E274.99894
G0 F15000 X126.816 Y121.52
G1 F5400 X133.496 Y114.84 E275.31314
G0 F15000 X133.496 Y115.405
G1 F5400 X126.816 Y122.086 E275.62737
G0 F15000 X126.816 Y122.651
G1 F5400 X133.496 Y115.971 E275.94158
G0 F15000 X133.496 Y116.537
G1 F5400 X126.816 Y123.217 E276.25579
G0 F15000 X126.816 Y123.783
G1 F5400 X133.496 Y117.103 E276.56999
G0 F15000 X133.496 Y117.668
G1 F5400 X126.816 Y124.348 E276.8842
G0 F15000 X126.816 Y124.914
G1 F5400 X133.496 Y118.234 E277.19841
G0 F15000 X133.496 Y118.8
G1 F5400 X126.816 Y125.48 E277.51261
G0 F15000 X126.816 Y126.045
G1 F5400 X133.496 Y119.365 E277.82682
G0 F15000 X133.496 Y119.931
G1 F5400 X126.816 Y126.611 E278.14103
G0 F15000 X126.816 Y127.177
G1 F5400 X133.496 Y120.497 E278.45523
G0 F15000 X133.496 Y121.062
G1 F5400 X126.816 Y127.742 E278.76944
G0 F15000 X126.816 Y128.308
G1 F5400 X133.496 Y121.628 E279.08365
G0 F15000 X133.496 Y122.194
G1 F5400 X126.816 Y128.874 E279.39785
G0 F15000 X126.816 Y129.439
G1 F5400 X133.496 Y122.759 E279.71206
G0 F15000 X133.496 Y123.325
G1 F5400 X126.816 Y130.005 E280.02627
G0 F15000 X126.816 Y130.571
G1 F5400 X133.496 Y123.891 E280.34047
G0 F15000 X133.496 Y124.456
G1 F5400 X126.816 Y131.136 E280.65468
G0 F15000 X127.129 Y131.389
G1 F5400 X133.496 Y125.022 E280.95416
G0 F15000 X133.496 Y125.588
G1 F5400 X127.462 Y131.622 E281.23799
G0 F15000 X127.697 Y131.952
G1 F5400 X128.145 Y131.504 E281.25906
G0 F15000 X128.594 Y131.603
G0 X128.534 Y133.073
G0 X128.048 Y133.299
G1 F5400 X127.871 Y133.476 E281.26738
G0 F15000 X128.268 Y133.645
G1 F5400 X127.817 Y134.096 E281.2886
G0 F15000 X127.817 Y134.661
G1 F5400 X128.498 Y133.98 E281.32063
G0 F15000 X128.75 Y134.294
G1 F5400 X127.817 Y135.227 E281.36451
G0 F15000 X127.817 Y135.793
G1 F5400 X129.055 Y134.555 E281.42275
G0 F15000 X129.389 Y134.787
G1 F5400 X127.817 Y136.358 E281.49667
G0 F15000 X127.817 Y136.924
G1 F5400 X129.796 Y134.945 E281.58975
G0 F15000 X130.244 Y135.062
G1 F5400 X128.051 Y137.256 E281.69293
G0 F15000 X128.596 Y137.276
G1 F5400 X130.779 Y135.093 E281.79561
G0 F15000 X131.486 Y134.952
G1 F5400 X129.162 Y137.276 E281.90492
G0 F15000 X129.727 Y137.276
G1 F5400 X133.452 Y133.551 E282.08013
G0 F15000 X133.496 Y134.073
G1 F5400 X130.293 Y137.276 E282.23079
G0 F15000 X130.859 Y137.276
G1 F5400 X133.496 Y134.639 E282.35483
G0 F15000 X133.496 Y135.204
G1 F5400 X131.424 Y137.276 E282.45229
G0 F15000 X131.99 Y137.276
G1 F5400 X133.496 Y135.77 E282.52313
G0 F15000 X133.496 Y136.336
G1 F5400 X132.556 Y137.276 E282.56734
G0 F15000 X133.121 Y137.276
G1 F5400 X133.496 Y136.902 E282.58496
G1 F2400 E281.78496
G0 F15000 X133.9 Y137.21
G0 X133.856 Y131.704
G0 X132.887 Y131.939
G0 X133.198 Y131.543
G1 F2400 E282.58496
G1 F5400 X133.496 Y131.245 E282.59898
G0 F15000 X132.997 Y131.178
G1 F5400 X133.496 Y130.679 E282.62245
G0 F15000 X133.496 Y130.113
G1 F5400 X132.782 Y130.827 E282.65603
G0 F15000 X132.507 Y130.537
G1 F5400 X133.496 Y129.548 E282.70255
G0 F15000 X133.496 Y128.982
G1 F5400 X132.199 Y130.279 E282.76356
G0 F15000 X131.857 Y130.055
G1 F5400 X133.496 Y128.416 E282.84065
G0 F15000 X133.496 Y127.851
G1 F5400 X131.449 Y129.898 E282.93694
G0 F15000 X130.981 Y129.8
G1 F5400 X133.496 Y127.285 E283.05523
G0 F15000 X133.496 Y126.719
G1 F5400 X130.43 Y129.785 E283.19945
G0 F15000 X129.686 Y129.964
G1 F5400 X133.496 Y126.154 E283.37866
G1 F2400 E282.57866
G0 F15000 X133.956 Y126.154
G0 X133.856 Y101.717
G0 X132.887 Y101.939
G0 X133.204 Y101.555
G1 F2400 E283.37866
G1 F5400 X133.496 Y101.263 E283.39239
G0 F15000 X133.004 Y101.19
G1 F5400 X133.496 Y100.698 E283.41554
G0 F15000 X133.496 Y100.132
G1 F5400 X132.791 Y100.837 E283.4487
G0 F15000 X132.519 Y100.544
G1 F5400 X133.388 Y99.674 E283.4896
G0 F15000 X132.901 Y99.596
G1 F5400 X132.211 Y100.286 E283.52205
G0 F15000 X131.874 Y100.057
G1 F5400 X132.335 Y99.596 E283.54374
G0 F15000 X131.728 Y99.637
G1 F5400 X131.525 Y99.841 E283.55331
G1 F2400 E282.75331
;MESH:NONMESH
G0 F300 X131.525 Y99.841 Z1
G0 F15000 X131.329 Y100.346
G0 X130.362 Y100.517
G0 X128.837 Y101.055
G0 X94.563 Y103.73
G0 X92.905 Y104.536
;TIME_ELAPSED:355.350821
;LAYER:4
;note -- min layer time used
;TYPE:WALL-INNER
;MESH:Camera mount.stl(1)
G1 F2400 E283.55331
G1 F5400 X92.205 Y104.508 E283.57661
G1 X91.566 Y104.254 E283.59948
G1 X91.124 Y103.878 E283.61878
G1 X90.856 Y103.526 E283.63349
G1 X90.614 Y103.008 E283.65251
G1 X90.543 Y102.303 E283.67608
G1 X90.688 Y101.651 E283.69829
G1 X90.984 Y101.162 E283.71731
G1 X91.285 Y100.839 E283.73199
G1 X91.668 Y100.574 E283.74748
G1 X92.095 Y100.409 E283.76271
G1 X92.657 Y100.315 E283.78166
G1 X93.216 Y100.41 E283.80052
G1 X93.64 Y100.574 E283.81564
G1 X94.019 Y100.836 E283.83096
G1 X94.325 Y101.157 E283.84571
G1 X94.564 Y101.55 E283.86101
G1 X94.711 Y101.984 E283.87625
G1 X94.756 Y102.436 E283.89136
G1 X94.698 Y102.999 E283.91018
G1 X94.411 Y103.628 E283.93318
G1 X94.014 Y104.04 E283.95221
G1 X93.549 Y104.36 E283.97098
G1 X92.905 Y104.536 E283.99319
G1 F2400 E283.19319
G0 F15000 X92.988 Y104.838
G0 X95.012 Y132.437
G0 X94.942 Y133.068
G0 X94.621 Y133.765
G0 X94.181 Y134.232
G0 X93.754 Y134.521
G0 X92.868 Y134.851
G0 X92.884 Y134.54
G1 F2400 E283.99319
G1 F5400 X92.204 Y134.507 E284.01583
G1 X91.566 Y134.254 E284.03866
G1 X91.124 Y133.878 E284.05796
G1 X90.856 Y133.526 E284.07267
G1 X90.614 Y133.008 E284.09169
G1 X90.543 Y132.303 E284.11526
G1 X90.688 Y131.651 E284.13747
G1 X90.984 Y131.162 E284.15648
G1 X91.285 Y130.839 E284.17117
G1 X91.668 Y130.574 E284.18666
G1 X92.091 Y130.41 E284.20175
G1 X92.655 Y130.315 E284.22077
G1 X93.216 Y130.41 E284.2397
G1 X93.64 Y130.574 E284.25482
G1 X94.02 Y130.836 E284.27017
G1 X94.329 Y131.163 E284.28513
G1 X94.558 Y131.545 E284.29995
G1 X94.711 Y131.981 E284.31531
G1 X94.756 Y132.436 E284.33052
G1 X94.698 Y132.997 E284.34928
G1 X94.411 Y133.629 E284.37237
G1 X94.018 Y134.038 E284.39123
G1 X93.563 Y134.351 E284.4096
G1 X92.884 Y134.54 E284.43304
G0 F15000 X92.868 Y134.851
G0 X95.087 Y137.527
G0 X95.087 Y137.836
G1 F5400 X95.176 Y137.836 E284.436
G1 X95.55 Y137.76 E284.4487
G1 X95.835 Y137.548 E284.46051
G1 X95.967 Y137.37 E284.46788
G1 X96.056 Y137.096 E284.47746
G1 X96.059 Y132.369 E284.63468
G1 X96.095 Y132.222 E284.63972
G1 X96.236 Y132.007 E284.64827
G1 X96.358 Y131.914 E284.65337
G1 X96.656 Y131.836 E284.66362
G1 X97.456 Y131.836 E284.69022
G1 X97.056 Y131.436 E284.70904
G1 X97.056 Y103.436 E285.64032
G1 X97.393 Y103.035 E285.65775
G1 X96.656 Y103.036 E285.68226
G1 X96.359 Y102.958 E285.69247
G1 X96.212 Y102.841 E285.69872
G1 X96.108 Y102.682 E285.70504
G1 X96.059 Y102.502 E285.71124
G1 X96.056 Y99.827 E285.80021
G1 X96.004 Y99.582 E285.80855
G1 X95.772 Y99.254 E285.82191
G1 X95.472 Y99.083 E285.83339
G1 X95.243 Y99.036 E285.84117
G1 X90.047 Y99.036 E286.01399
G1 X89.851 Y99.078 E286.02065
G1 X89.54 Y99.254 E286.03254
G1 X89.312 Y99.576 E286.04566
G1 X89.256 Y99.846 E286.05483
G1 X89.256 Y137.097 E287.29381
G1 X89.346 Y137.372 E287.30343
G1 X89.473 Y137.548 E287.31065
G1 X89.764 Y137.761 E287.32264
G1 X89.992 Y137.836 E287.33063
G1 X95.087 Y137.836 E287.50009
G1 F2400 E286.70009
G0 F15000 X95.087 Y137.527
G0 X96.219 Y131.999
G0 X127.095 Y131.999
G0 X128.043 Y137.527
G0 X127.992 Y137.836
G1 F2400 E287.50009
G1 F5400 X133.176 Y137.836 E287.67251
G1 X133.55 Y137.76 E287.6852
G1 X133.84 Y137.547 E287.69717
G1 X134.013 Y137.242 E287.70883
G1 X134.056 Y137.041 E287.71567
G1 X134.056 Y99.827 E288.95341
G1 X134.004 Y99.582 E288.96174
G1 X133.772 Y99.254 E288.9751
G1 X133.472 Y99.083 E288.98659
G1 X133.243 Y99.036 E288.99436
G1 X128.047 Y99.036 E289.16718
G1 X127.851 Y99.078 E289.17385
G1 X127.54 Y99.254 E289.18574
G1 X127.312 Y99.576 E289.19886
G1 X127.256 Y99.846 E289.20803
G1 X127.255 Y102.478 E289.29557
G1 X127.204 Y102.683 E289.3026
G1 X127.094 Y102.848 E289.30919
G1 X126.953 Y102.958 E289.31514
G1 X126.656 Y103.036 E289.32535
G1 X125.856 Y103.036 E289.35196
G1 X126.256 Y103.436 E289.37078
G1 X126.256 Y131.436 E290.30206
G1 X125.919 Y131.837 E290.31948
G1 X126.656 Y131.836 E290.344
G1 X126.954 Y131.914 E290.35424
G1 X127.138 Y132.078 E290.36244
G1 X127.256 Y132.315 E290.37124
G1 X127.256 Y137.097 E290.53029
G1 X127.346 Y137.372 E290.53992
G1 X127.473 Y137.548 E290.54714
G1 X127.764 Y137.761 E290.55913
G1 X127.992 Y137.836 E290.56711
G0 F15000 X128.042 Y137.529
G0 X130.868 Y134.851
G0 X130.884 Y134.54
G1 F5400 X130.204 Y134.507 E290.58976
G1 X129.566 Y134.254 E290.61259
G1 X129.124 Y133.878 E290.63189
G1 X128.856 Y133.526 E290.6466
G1 X128.615 Y133.009 E290.66557
G1 X128.541 Y132.314 E290.68882
G1 X128.682 Y131.675 E290.71058
G1 X128.981 Y131.165 E290.73025
G1 X129.285 Y130.839 E290.74507
G1 X129.668 Y130.574 E290.76056
G1 X130.092 Y130.41 E290.77568
G1 X130.659 Y130.315 E290.7948
G1 X131.216 Y130.41 E290.8136
G1 X131.64 Y130.574 E290.82872
G1 X132.019 Y130.836 E290.84404
G1 X132.325 Y131.157 E290.85879
G1 X132.564 Y131.55 E290.87409
G1 X132.711 Y131.984 E290.88933
G1 X132.756 Y132.436 E290.90444
G1 X132.698 Y132.997 E290.9232
G1 X132.411 Y133.629 E290.94629
G1 X132.018 Y134.038 E290.96515
G1 X131.563 Y134.351 E290.98352
G1 X130.884 Y134.54 E291.00696
G1 F2400 E290.20696
G0 F15000 X130.868 Y134.851
G0 X131.654 Y134.589
G0 X132.181 Y134.232
G0 X132.621 Y133.765
G0 X132.942 Y133.068
G0 X132.999 Y132.557
G0 X130.873 Y104.852
G0 X130.889 Y104.541
G1 F2400 E291.00696
G1 F5400 X130.202 Y104.507 E291.02984
G1 X129.566 Y104.254 E291.0526
G1 X129.122 Y103.877 E291.07198
G1 X128.844 Y103.499 E291.08758
G1 X128.613 Y103.006 E291.10569
G1 X128.543 Y102.303 E291.12919
G1 X128.688 Y101.651 E291.1514
G1 X128.984 Y101.162 E291.17042
G1 X129.285 Y100.839 E291.1851
G1 X129.668 Y100.574 E291.20059
G1 X130.095 Y100.409 E291.21582
G1 X130.657 Y100.315 E291.23477
G1 X131.216 Y100.41 E291.25363
G1 X131.64 Y100.574 E291.26875
G1 X132.019 Y100.836 E291.28407
G1 X132.325 Y101.157 E291.29882
G1 X132.564 Y101.55 E291.31412
G1 X132.711 Y101.984 E291.32936
G1 X132.756 Y102.436 E291.34447
G1 X132.698 Y102.997 E291.36323
G1 X132.41 Y103.629 E291.38633
G1 X132.017 Y104.038 E291.40519
G1 X131.549 Y104.36 E291.42409
G1 X130.889 Y104.541 E291.44685
G0 F15000 X130.845 Y104.138
;TYPE:WALL-OUTER
G1 F5400 X130.291 Y104.108 E291.4653
G1 X129.774 Y103.906 E291.48377
G1 X129.404 Y103.586 E291.50004
G1 X129.19 Y103.297 E291.512
G1 X129.008 Y102.9 E291.52652
G1 X128.945 Y102.339 E291.5453
G1 X129.063 Y101.803 E291.56355
G1 X129.317 Y101.391 E291.57965
G1 X129.533 Y101.159 E291.59019
G1 X129.879 Y100.921 E291.60416
G1 X130.218 Y100.794 E291.6162
G1 X130.657 Y100.72 E291.63101
G1 X131.129 Y100.805 E291.64696
G1 X131.47 Y100.943 E291.6592
G1 X131.774 Y101.158 E291.67158
G1 X131.994 Y101.39 E291.68221
G1 X132.206 Y101.739 E291.69579
G1 X132.319 Y102.089 E291.70803
G1 X132.356 Y102.436 E291.71963
G1 X132.31 Y102.871 E291.73418
G1 X132.075 Y103.4 E291.75344
G1 X131.738 Y103.745 E291.76948
G1 X131.379 Y103.992 E291.78397
G1 X130.845 Y104.138 E291.80238
G1 F2400 E291.00238
G0 F15000 X130.808 Y104.848
G0 X133.012 Y132.437
G0 X132.942 Y133.068
G0 X132.621 Y133.765
G0 X132.181 Y134.232
G0 X131.754 Y134.521
G0 X131.049 Y134.821
G0 X130.859 Y134.134
G1 F2400 E291.80238
G1 F5400 X130.29 Y134.111 E291.82132
G1 X129.774 Y133.906 E291.83979
G1 X129.404 Y133.586 E291.85606
G1 X129.212 Y133.334 E291.8666
G1 X129.004 Y132.9 E291.8826
G1 X128.945 Y132.339 E291.90137
G1 X129.063 Y131.803 E291.91962
G1 X129.317 Y131.391 E291.93572
G1 X129.533 Y131.159 E291.94626
G1 X129.879 Y130.921 E291.96023
G1 X130.218 Y130.794 E291.97227
G1 X130.66 Y130.721 E291.98717
G1 X131.129 Y130.805 E292.00302
G1 X131.47 Y130.943 E292.01525
G1 X131.774 Y131.158 E292.02764
G1 X131.994 Y131.39 E292.03827
G1 X132.206 Y131.739 E292.05185
G1 X132.319 Y132.089 E292.06409
G1 X132.356 Y132.436 E292.07569
G1 X132.31 Y132.871 E292.09024
G1 X132.075 Y133.4 E292.10949
G1 X131.738 Y133.745 E292.12553
G1 X131.371 Y133.992 E292.14025
G1 X130.859 Y134.134 E292.15792
G1 F2400 E291.35792
G0 F15000 X131.049 Y134.821
G0 X127.102 Y133.269
G0 X127.095 Y131.999
G0 X111.433 Y131.927
G0 X111.433 Y132.185
G1 F2400 E292.15792
G1 F4285.7 X125.743 Y132.184 E292.75762
G1 F4518.8 X126.74 Y132.241 E292.79731
G1 F5070.4 X126.856 Y132.395 E292.80414
G1 F5400 X126.856 Y137.16 E292.96263
G1 X126.985 Y137.556 E292.97648
G1 X127.174 Y137.817 E292.9872
G1 X127.375 Y137.997 E292.99617
G1 X127.599 Y138.128 E293.0048
G1 X127.928 Y138.236 E293.01632
G1 X133.197 Y138.236 E293.19157
G1 X133.466 Y138.207 E293.20056
G1 X133.714 Y138.128 E293.20922
G1 X133.937 Y137.997 E293.21782
G1 X134.138 Y137.817 E293.2268
G1 X134.285 Y137.615 E293.23511
G1 X134.396 Y137.366 E293.24417
G1 X134.456 Y137.083 E293.2538
G1 X134.456 Y99.785 E294.49433
G1 X134.382 Y99.437 E294.50617
G1 X134.217 Y99.15 E294.51718
G1 X134.041 Y98.954 E294.52594
G1 X133.836 Y98.807 E294.53433
G1 X133.594 Y98.7 E294.54313
G1 X133.283 Y98.636 E294.55369
G1 X128.005 Y98.636 E294.72924
G1 X127.727 Y98.696 E294.7387
G1 X127.476 Y98.807 E294.74782
G1 X127.271 Y98.954 E294.75621
G1 X127.096 Y99.15 E294.76495
G1 X126.934 Y99.432 E294.77577
G1 X126.856 Y99.805 E294.78844
G1 X126.856 Y102.501 E294.87811
G1 F5082.4 X126.735 Y102.632 E294.88442
G1 F4547.4 X125.656 Y102.686 E294.92709
G1 F4302.8 X97.569 Y102.688 E296.09948
G1 F4518.8 X96.577 Y102.631 E296.13897
G1 F5070.4 X96.456 Y102.499 E296.14531
G1 F5400 X96.456 Y99.785 E296.23558
G1 X96.382 Y99.437 E296.24742
G1 X96.217 Y99.15 E296.25843
G1 X96.041 Y98.954 E296.26719
G1 X95.836 Y98.807 E296.27558
G1 X95.594 Y98.7 E296.28438
G1 X95.283 Y98.636 E296.29494
G1 X90.005 Y98.636 E296.47049
G1 X89.727 Y98.696 E296.47995
G1 X89.476 Y98.807 E296.48907
G1 X89.271 Y98.954 E296.49746
G1 X89.096 Y99.15 E296.5062
G1 X88.934 Y99.432 E296.51702
G1 X88.856 Y99.805 E296.52969
G1 X88.856 Y137.16 E297.77213
G1 X88.985 Y137.556 E297.78598
G1 X89.174 Y137.817 E297.7967
G1 X89.375 Y137.997 E297.80567
G1 X89.599 Y138.128 E297.8143
G1 X89.928 Y138.236 E297.82582
G1 X95.197 Y138.236 E298.00107
G1 X95.466 Y138.207 E298.01006
G1 X95.714 Y138.128 E298.01872
G1 X95.936 Y137.998 E298.02728
G1 X96.134 Y137.817 E298.0362
G1 X96.327 Y137.555 E298.04702
G1 X96.456 Y137.16 E298.06084
G1 X96.457 Y132.413 E298.21873
G1 F5082.4 X96.58 Y132.24 E298.22623
G1 F4547.4 X97.656 Y132.186 E298.26878
G1 F4311.4 X111.433 Y132.185 E298.84271
G0 F15000 X111.441 Y131.686
G1 F4320 X97.656 Y131.686 E299.41582
G1 F4800 X97.456 Y131.436 E299.4278
G1 F5400 X97.456 Y103.436 E300.35909
G1 F4778.8 X97.612 Y103.187 E300.37013
G1 F4302.8 X125.656 Y103.186 E301.54073
G1 F4800 X125.856 Y103.436 E301.55271
G1 F5400 X125.856 Y131.436 E302.48399
G1 F4778.8 X125.7 Y131.685 E302.49504
G1 F4294.2 X111.441 Y131.686 E303.09141
G1 F2400 E302.29141
G0 F15000 X111.441 Y131.947
G0 X96.219 Y131.999
G0 X93.049 Y134.821
G0 X92.859 Y134.134
G1 F2400 E303.09141
G1 F5400 X92.29 Y134.111 E303.11035
G1 X91.774 Y133.906 E303.12882
G1 X91.404 Y133.586 E303.14509
G1 X91.212 Y133.334 E303.15563
G1 X91.004 Y132.9 E303.17163
G1 X90.945 Y132.338 E303.19043
G1 X91.063 Y131.803 E303.20865
G1 X91.317 Y131.391 E303.22475
G1 X91.533 Y131.159 E303.23529
G1 X91.879 Y130.921 E303.24926
G1 X92.218 Y130.794 E303.2613
G1 X92.653 Y130.721 E303.27597
G1 X93.09 Y130.794 E303.29071
G1 X93.47 Y130.943 E303.30428
G1 X93.774 Y131.158 E303.31667
G1 X93.994 Y131.39 E303.3273
G1 X94.197 Y131.717 E303.3401
G1 X94.319 Y132.089 E303.35312
G1 X94.356 Y132.436 E303.36473
G1 X94.31 Y132.871 E303.37928
G1 X94.075 Y133.4 E303.39853
G1 X93.738 Y133.745 E303.41457
G1 X93.371 Y133.992 E303.42929
G1 X92.859 Y134.134 E303.44696
G1 F2400 E302.64696
G0 F15000 X93.049 Y134.821
G0 X93.654 Y134.589
G0 X94.181 Y134.232
G0 X94.621 Y133.765
G0 X94.942 Y133.068
G0 X94.999 Y132.557
G0 X92.802 Y104.848
G0 X92.839 Y104.136
G1 F2400 E303.44696
G1 F5400 X92.288 Y104.11 E303.4653
G1 X91.774 Y103.906 E303.4837
G1 X91.404 Y103.586 E303.49997
G1 X91.212 Y103.334 E303.5105
G1 X91.004 Y102.9 E303.52651
G1 X90.948 Y102.352 E303.54483
G1 X91.063 Y101.804 E303.56346
G1 X91.317 Y101.391 E303.57958
G1 X91.533 Y101.159 E303.59013
G1 X91.879 Y100.921 E303.60409
G1 X92.218 Y100.794 E303.61613
G1 X92.657 Y100.72 E303.63094
G1 X93.129 Y100.805 E303.64689
G1 X93.47 Y100.943 E303.65913
G1 X93.774 Y101.158 E303.67151
G1 X93.994 Y101.39 E303.68215
G1 X94.206 Y101.739 E303.69573
G1 X94.31 Y102.047 E303.70654
G1 X94.356 Y102.454 E303.72016
G1 X94.305 Y102.892 E303.73483
G1 X94.075 Y103.4 E303.75338
G1 X93.738 Y103.745 E303.76942
G1 X93.378 Y103.992 E303.78394
G1 X92.839 Y104.136 E303.80249
G0 F15000 X92.802 Y104.848
G0 X92.15 Y104.755
G0 X89.567 Y103.601
G0 X89.336 Y103.601
;TYPE:FILL
G1 F9677.8 X96.976 Y111.241 E304.16186
G0 F15000 X96.975 Y110.679
G1 F9677.8 X89.337 Y112.726 E304.42486
G0 F15000 X89.336 Y112.086
G1 F9677.8 X96.976 Y119.727 E304.78425
G0 F15000 X96.747 Y119.727
G0 X96.747 Y116.891
G0 X96.975 Y116.891
G1 F9677.8 X89.336 Y118.938 E305.04729
G0 F15000 X89.567 Y118.938
G0 X89.567 Y120.572
G0 X89.336 Y120.572
G1 F9677.8 X96.976 Y128.212 E305.40665
G0 F15000 X96.747 Y128.212
G0 X96.747 Y129.314
G0 X96.975 Y129.314
G1 F9677.8 X93.198 Y130.326 E305.5367
G0 F15000 X93.236 Y130.1
G0 X92.657 Y130.065
G0 X92.028 Y130.169
G0 X91.759 Y130.275
G0 X90.984 Y130.713
G0 X91.148 Y130.869
G1 F9677.8 X89.336 Y129.057 E305.62193
G0 F15000 X89.336 Y129.461
G1 F9677.8 X96.414 Y103.047 E306.53146
G0 F15000 X96.414 Y103.347
G0 X95.819 Y103.275
G0 X95.747 Y101.76
G0 X95.981 Y101.76
G1 F9677.8 X93.336 Y99.116 E306.65585
G0 F15000 X93.766 Y99.116
G1 F9677.8 X89.336 Y100.303 E306.80839
G0 F15000 X89.567 Y100.303
G0 X91.255 Y99.347
G0 X91.255 Y99.116
G1 F9677.8 X89.336 Y106.28 E307.05507
G0 F15000 X89.337 Y106.514
G1 F9677.8 X96.976 Y104.468 E307.3181
G0 F15000 X96.747 Y104.468
G0 X96.747 Y123.103
G0 X96.975 Y123.103
G1 F9677.8 X89.337 Y125.149 E307.58109
G0 F15000 X89.567 Y125.149
G0 X90.975 Y130.723
G0 X91.138 Y130.878
G1 F9677.8 X89.337 Y131.361 E307.64311
G0 F15000 X89.567 Y131.361
G0 X90.64 Y133.651
G0 X90.947 Y134.056
G0 X91.436 Y134.47
G0 X92.15 Y134.755
G0 X92.917 Y134.794
G0 X93.58 Y134.61
G0 X94.388 Y134.1
G0 X94.219 Y133.94
G1 F9677.8 X95.978 Y135.699 E307.72585
G1 X95.977 Y135.793
G1 X89.557 Y137.514 E307.94692
G0 F15000 X89.708 Y137.346
G0 X93.325 Y137.527
G0 X93.325 Y137.756
G1 F9677.8 X94.397 Y133.756 E308.08466
G0 F15000 X94.563 Y133.914
G0 X94.904 Y133.153
G0 X95.044 Y132.177
G0 X94.814 Y132.201
G1 F9677.8 X96.976 Y124.131 E308.36253
G1 F2400 E307.56253
G0 F15000 X96.747 Y124.131
G0 X97.219 Y131.875
G0 X126.095 Y131.875
G0 X126.567 Y123.631
G0 X126.336 Y123.631
G1 F2400 E308.36253
G1 F9677.8 X133.976 Y131.271 E308.72189
G0 F15000 X133.976 Y131.823
G1 F9677.8 X132.807 Y132.137 E308.76215
G0 F15000 X133.037 Y132.113
G0 X132.546 Y130.941
G0 X132.379 Y131.098
G1 F9677.8 X133.976 Y125.139 E308.96734
G0 F15000 X133.976 Y125.612
G1 F9677.8 X126.336 Y127.659 E309.23041
G0 F15000 X126.567 Y127.659
G0 X126.567 Y130.469
G0 X126.336 Y130.469
G1 F9677.8 X133.976 Y101.956 E310.21221
G0 F15000 X133.747 Y101.956
G0 X133.747 Y100.765
G0 X133.976 Y100.765
G1 F9677.8 X132.431 Y101.179 E310.26541
G0 F15000 X132.63 Y101.06
G0 X132.957 Y101.932
G0 X133.012 Y102.437
G0 X132.942 Y103.068
G0 X132.682 Y103.632
G0 X132.331 Y104.161
G0 X132.162 Y104.001
G1 F9677.8 X133.976 Y105.815 E310.35074
G0 F15000 X133.747 Y105.815
G0 X133.747 Y106.977
G0 X133.976 Y106.977
G1 F9677.8 X126.336 Y109.024 E310.61381
G0 F15000 X126.567 Y109.024
G0 X126.567 Y107.288
G0 X126.336 Y107.288
G1 F9677.8 X128.525 Y99.116 E310.89519
G0 F15000 X128.525 Y99.347
G0 X127.709 Y99.531
G0 X127.542 Y99.381
G1 F9677.8 X129.092 Y100.93 E310.96808
G0 F15000 X128.927 Y100.773
G0 X128.542 Y101.412
G0 X128.253 Y102.19
G0 X128.475 Y102.239
G1 F9677.8 X127.317 Y102.549 E311.00795
G0 F15000 X127.567 Y102.549
G0 X127.509 Y103.137
G0 X126.567 Y106.66
G0 X126.336 Y106.66
G1 F9677.8 X133.976 Y114.3 E311.36731
G0 F15000 X133.747 Y114.3
G0 X133.747 Y113.188
G0 X133.975 Y113.188
G1 F9677.8 X126.336 Y115.235 E311.63035
G1 X126.336 Y115.145
G1 X133.976 Y122.786 E311.98973
G0 F15000 X133.747 Y122.786
G0 X133.747 Y119.4
G0 X133.976 Y119.4
G1 F9677.8 X126.337 Y121.447 E312.25277
G0 F15000 X126.567 Y121.447
G0 X127.402 Y130.584
G0 X127.567 Y133.116
G0 X127.336 Y133.116
G1 F9677.8 X131.976 Y137.756 E312.47102
G0 F15000 X131.976 Y137.527
G0 X130.595 Y137.527
G0 X130.595 Y137.756
G1 F9677.8 X131.478 Y134.461 E312.58448
G0 F15000 X131.539 Y134.684
G0 X130.917 Y134.794
G0 X130.15 Y134.755
G0 X129.436 Y134.47
G0 X129.04 Y134.134
G0 X128.433 Y133.349
G0 X128.642 Y133.253
G1 F9677.8 X127.337 Y133.602 E312.62941
G0 F15000 X127.867 Y133.602
G1 F2400 E311.82941
;MESH:NONMESH
G0 F300 X127.867 Y133.602 Z1.2
G0 F15000 X127.095 Y131.999
G0 X97.219 Y131.875
G0 X92.987 Y104.838
G0 X92.905 Y104.536
;TIME_ELAPSED:387.476541
;LAYER:5
;TYPE:WALL-INNER
;MESH:Camera mount.stl(1)
G1 F2400 E312.62941
G1 F5400 X92.205 Y104.508 E312.65271
G1 X91.566 Y104.254 E312.67558
G1 X91.124 Y103.878 E312.69488
G1 X90.856 Y103.526 E312.7096
G1 X90.614 Y103.008 E312.72861
G1 X90.543 Y102.303 E312.75218
G1 X90.688 Y101.651 E312.7744
G1 X90.984 Y101.162 E312.79341
G1 X91.285 Y100.839 E312.80809
G1 X91.668 Y100.574 E312.82358
G1 X92.095 Y100.409 E312.83881
G1 X92.657 Y100.315 E312.85776
G1 X93.216 Y100.41 E312.87662
G1 X93.64 Y100.574 E312.89174
G1 X94.019 Y100.836 E312.90707
G1 X94.325 Y101.157 E312.92182
G1 X94.564 Y101.55 E312.93711
G1 X94.711 Y101.984 E312.95235
G1 X94.756 Y102.436 E312.96746
G1 X94.698 Y102.999 E312.98629
G1 X94.411 Y103.628 E313.00928
G1 X94.014 Y104.04 E313.02831
G1 X93.549 Y104.36 E313.04709
G1 X92.905 Y104.536 E313.06929
G1 F2400 E312.26929
G0 F15000 X92.988 Y104.838
G0 X95.012 Y132.437
G0 X94.942 Y133.068
G0 X94.621 Y133.765
G0 X94.181 Y134.232
G0 X93.754 Y134.521
G0 X92.868 Y134.851
G0 X92.884 Y134.54
G1 F2400 E313.06929
G1 F5400 X92.204 Y134.507 E313.09193
G1 X91.566 Y134.254 E313.11476
G1 X91.124 Y133.878 E313.13406
G1 X90.856 Y133.526 E313.14878
G1 X90.614 Y133.008 E313.16779
G1 X90.543 Y132.303 E313.19136
G1 X90.688 Y131.651 E313.21358
G1 X90.984 Y131.162 E313.23259
G1 X91.285 Y130.839 E313.24727
G1 X91.668 Y130.574 E313.26276
G1 X92.091 Y130.41 E313.27785
G1 X92.655 Y130.315 E313.29688
G1 X93.216 Y130.41 E313.3158
G1 X93.64 Y130.574 E313.33092
G1 X94.02 Y130.836 E313.34627
G1 X94.329 Y131.163 E313.36124
G1 X94.558 Y131.545 E313.37605
G1 X94.711 Y131.981 E313.39142
G1 X94.756 Y132.436 E313.40663
G1 X94.698 Y132.997 E313.42538
G1 X94.411 Y133.629 E313.44847
G1 X94.018 Y134.038 E313.46734
G1 X93.563 Y134.351 E313.4857
G1 X92.884 Y134.54 E313.50915
G0 F15000 X92.868 Y134.851
G0 X95.087 Y137.527
G0 X95.087 Y137.836
G1 F5400 X95.176 Y137.836 E313.51211
G1 X95.55 Y137.76 E313.5248
G1 X95.835 Y137.548 E313.53661
G1 X95.967 Y137.37 E313.54398
G1 X96.056 Y137.096 E313.55357
G1 X96.059 Y132.369 E313.71079
G1 X96.095 Y132.222 E313.71582
G1 X96.236 Y132.007 E313.72437
G1 X96.358 Y131.914 E313.72947
G1 X96.656 Y131.836 E313.73972
G1 X97.456 Y131.836 E313.76633
G1 X97.056 Y131.436 E313.78514
G1 X97.056 Y103.436 E314.71643
G1 X97.393 Y103.035 E314.73385
G1 X96.656 Y103.036 E314.75836
G1 X96.359 Y102.958 E314.76857
G1 X96.212 Y102.841 E314.77482
G1 X96.108 Y102.682 E314.78114
G1 X96.059 Y102.502 E314.78735
G1 X96.056 Y99.827 E314.87632
G1 X96.004 Y99.582 E314.88465
G1 X95.772 Y99.254 E314.89801
G1 X95.472 Y99.083 E314.9095
G1 X95.243 Y99.036 E314.91727
G1 X90.047 Y99.036 E315.09009
G1 X89.851 Y99.078 E315.09676
G1 X89.54 Y99.254 E315.10864
G1 X89.312 Y99.576 E315.12177
G1 X89.256 Y99.846 E315.13094
G1 X89.256 Y137.097 E316.36991
G1 X89.346 Y137.372 E316.37953
G1 X89.473 Y137.548 E316.38675
G1 X89.764 Y137.761 E316.39875
G1 X89.992 Y137.836 E316.40673
G1 X95.087 Y137.836 E316.57619
G1 F2400 E315.77619
G0 F15000 X95.087 Y137.527
G0 X96.219 Y131.999
G0 X127.095 Y131.999
G0 X128.043 Y137.527
G0 X127.992 Y137.836
G1 F2400 E316.57619
G1 F5400 X133.176 Y137.836 E316.74861
G1 X133.55 Y137.76 E316.76131
G1 X133.84 Y137.547 E316.77327
G1 X134.013 Y137.242 E316.78494
G1 X134.056 Y137.041 E316.79177
G1 X134.056 Y99.827 E318.02951
G1 X134.004 Y99.582 E318.03784
G1 X133.772 Y99.254 E318.05121
G1 X133.472 Y99.083 E318.06269
G1 X133.243 Y99.036 E318.07047
G1 X128.047 Y99.036 E318.24329
G1 X127.69 Y99.147 E318.25572
G1 X127.421 Y99.388 E318.26773
G1 X127.313 Y99.576 E318.27495
G1 X127.256 Y99.846 E318.28412
G1 X127.255 Y102.478 E318.37166
G1 X127.204 Y102.683 E318.37869
G1 X127.094 Y102.848 E318.38529
G1 X126.953 Y102.958 E318.39123
G1 X126.656 Y103.036 E318.40145
G1 X125.856 Y103.036 E318.42806
G1 X126.256 Y103.436 E318.44687
G1 X126.256 Y131.436 E319.37815
G1 X125.919 Y131.837 E319.39558
G1 X126.656 Y131.836 E319.42009
G1 X126.954 Y131.914 E319.43033
G1 X127.138 Y132.078 E319.43853
G1 X127.256 Y132.315 E319.44734
G1 X127.256 Y137.097 E319.60639
G1 X127.346 Y137.372 E319.61601
G1 X127.473 Y137.548 E319.62323
G1 X127.764 Y137.761 E319.63522
G1 X127.992 Y137.836 E319.64321
G0 F15000 X128.042 Y137.529
G0 X130.868 Y134.851
G0 X130.884 Y134.54
G1 F5400 X130.204 Y134.507 E319.66585
G1 X129.566 Y134.254 E319.68868
G1 X129.124 Y133.878 E319.70798
G1 X128.856 Y133.526 E319.72269
G1 X128.615 Y133.009 E319.74167
G1 X128.541 Y132.314 E319.76491
G1 X128.682 Y131.675 E319.78668
G1 X128.981 Y131.165 E319.80634
G1 X129.285 Y130.839 E319.82117
G1 X129.668 Y130.574 E319.83666
G1 X130.092 Y130.41 E319.85178
G1 X130.659 Y130.315 E319.8709
G1 X131.216 Y130.41 E319.88969
G1 X131.64 Y130.574 E319.90481
G1 X132.019 Y130.836 E319.92014
G1 X132.325 Y131.157 E319.93489
G1 X132.564 Y131.55 E319.95019
G1 X132.711 Y131.984 E319.96543
G1 X132.756 Y132.436 E319.98053
G1 X132.698 Y132.997 E319.99929
G1 X132.411 Y133.629 E320.02238
G1 X132.018 Y134.038 E320.04124
G1 X131.563 Y134.351 E320.05961
G1 X130.884 Y134.54 E320.08305
G1 F2400 E319.28305
G0 F15000 X130.868 Y134.851
G0 X131.654 Y134.589
G0 X132.181 Y134.232
G0 X132.621 Y133.765
G0 X132.942 Y133.068
G0 X132.999 Y132.557
G0 X130.873 Y104.852
G0 X130.889 Y104.541
G1 F2400 E320.08305
G1 F5400 X130.202 Y104.507 E320.10593
G1 X129.566 Y104.254 E320.1287
G1 X129.122 Y103.877 E320.14807
G1 X128.844 Y103.499 E320.16368
G1 X128.613 Y103.006 E320.18178
G1 X128.543 Y102.303 E320.20528
G1 X128.688 Y101.651 E320.2275
G1 X128.984 Y101.162 E320.24651
G1 X129.285 Y100.839 E320.26119
G1 X129.668 Y100.574 E320.27668
G1 X130.095 Y100.409 E320.29191
G1 X130.657 Y100.315 E320.31086
G1 X131.216 Y100.41 E320.32972
G1 X131.64 Y100.574 E320.34484
G1 X132.019 Y100.836 E320.36017
G1 X132.325 Y101.157 E320.37492
G1 X132.564 Y101.55 E320.39021
G1 X132.711 Y101.984 E320.40546
G1 X132.756 Y102.436 E320.42056
G1 X132.698 Y102.997 E320.43932
G1 X132.41 Y103.629 E320.46242
G1 X132.017 Y104.038 E320.48129
G1 X131.549 Y104.36 E320.50018
G1 X130.889 Y104.541 E320.52294
G0 F15000 X130.845 Y104.138
;TYPE:WALL-OUTER
G1 F5400 X130.291 Y104.108 E320.5414
G1 X129.774 Y103.906 E320.55986
G1 X129.404 Y103.586 E320.57613
G1 X129.19 Y103.297 E320.58809
G1 X129.008 Y102.9 E320.60261
G1 X128.945 Y102.339 E320.62139
G1 X129.063 Y101.803 E320.63965
G1 X129.317 Y101.391 E320.65574
G1 X129.533 Y101.159 E320.66629
G1 X129.879 Y100.921 E320.68025
G1 X130.218 Y100.794 E320.69229
G1 X130.657 Y100.72 E320.7071
G1 X131.129 Y100.805 E320.72305
G1 X131.47 Y100.943 E320.73529
G1 X131.774 Y101.158 E320.74767
G1 X131.994 Y101.39 E320.75831
G1 X132.206 Y101.739 E320.77189
G1 X132.319 Y102.089 E320.78412
G1 X132.356 Y102.436 E320.79573
G1 X132.31 Y102.871 E320.81028
G1 X132.075 Y103.4 E320.82953
G1 X131.738 Y103.745 E320.84557
G1 X131.379 Y103.992 E320.86006
G1 X130.845 Y104.138 E320.87848
G1 F2400 E320.07848
G0 F15000 X130.808 Y104.848
G0 X133.012 Y132.437
G0 X132.942 Y133.068
G0 X132.621 Y133.765
G0 X132.181 Y134.232
G0 X131.754 Y134.521
G0 X131.049 Y134.821
G0 X130.859 Y134.134
G1 F2400 E320.87848
G1 F5400 X130.29 Y134.111 E320.89742
G1 X129.774 Y133.906 E320.91588
G1 X129.404 Y133.586 E320.93215
G1 X129.212 Y133.334 E320.94269
G1 X129.004 Y132.9 E320.9587
G1 X128.945 Y132.339 E320.97746
G1 X129.063 Y131.803 E320.99571
G1 X129.317 Y131.391 E321.01181
G1 X129.533 Y131.159 E321.02236
G1 X129.879 Y130.921 E321.03632
G1 X130.218 Y130.794 E321.04836
G1 X130.66 Y130.721 E321.06326
G1 X131.129 Y130.805 E321.07911
G1 X131.47 Y130.943 E321.09135
G1 X131.774 Y131.158 E321.10373
G1 X131.994 Y131.39 E321.11436
G1 X132.206 Y131.739 E321.12795
G1 X132.319 Y132.089 E321.14018
G1 X132.356 Y132.436 E321.15179
G1 X132.31 Y132.871 E321.16633
G1 X132.075 Y133.4 E321.18559
G1 X131.738 Y133.745 E321.20163
G1 X131.371 Y133.992 E321.21634
G1 X130.859 Y134.134 E321.23401
G1 F2400 E320.43401
G0 F15000 X131.049 Y134.821
G0 X127.102 Y133.269
G0 X127.095 Y131.999
G0 X111.433 Y131.927
G0 X111.433 Y132.185
G1 F2400 E321.23401
G1 F4285.7 X125.743 Y132.184 E321.83371
G1 F4518.8 X126.74 Y132.241 E321.8734
G1 F5070.4 X126.856 Y132.395 E321.88023
G1 F5400 X126.856 Y137.16 E322.03872
G1 X126.985 Y137.556 E322.05257
G1 X127.174 Y137.817 E322.06329
G1 X127.375 Y137.997 E322.07226
G1 X127.599 Y138.128 E322.08089
G1 X127.928 Y138.236 E322.09241
G1 X133.197 Y138.236 E322.26766
G1 X133.466 Y138.207 E322.27666
G1 X133.714 Y138.128 E322.28531
G1 X133.937 Y137.997 E322.29392
G1 X134.138 Y137.817 E322.30289
G1 X134.285 Y137.615 E322.3112
G1 X134.396 Y137.366 E322.32027
G1 X134.456 Y137.083 E322.32989
G1 X134.456 Y99.785 E323.57043
G1 X134.382 Y99.437 E323.58226
G1 X134.217 Y99.15 E323.59327
G1 X134.041 Y98.954 E323.60203
G1 X133.836 Y98.807 E323.61042
G1 X133.594 Y98.7 E323.61922
G1 X133.283 Y98.636 E323.62978
G1 X128.005 Y98.636 E323.80533
G1 X127.722 Y98.696 E323.81495
G1 X127.489 Y98.799 E323.82342
G1 X127.271 Y98.958 E323.8324
G1 X127.095 Y99.151 E323.84109
G1 X126.934 Y99.432 E323.85186
G1 X126.856 Y99.805 E323.86453
G1 X126.856 Y102.501 E323.9542
G1 F5082.4 X126.735 Y102.632 E323.9605
G1 F4547.4 X125.656 Y102.686 E324.00317
G1 F4302.8 X97.569 Y102.688 E325.17557
G1 F4518.8 X96.577 Y102.631 E325.21506
G1 F5070.4 X96.456 Y102.499 E325.2214
G1 F5400 X96.456 Y99.785 E325.31167
G1 X96.382 Y99.437 E325.3235
G1 X96.217 Y99.15 E325.33451
G1 X96.041 Y98.954 E325.34328
G1 X95.836 Y98.807 E325.35167
G1 X95.594 Y98.7 E325.36047
G1 X95.283 Y98.636 E325.37103
G1 X90.005 Y98.636 E325.54657
G1 X89.727 Y98.696 E325.55603
G1 X89.476 Y98.807 E325.56516
G1 X89.271 Y98.954 E325.57355
G1 X89.096 Y99.15 E325.58229
G1 X88.934 Y99.432 E325.59311
G1 X88.856 Y99.805 E325.60578
G1 X88.856 Y137.16 E326.84821
G1 X88.985 Y137.556 E326.86207
G1 X89.174 Y137.817 E326.87278
G1 X89.375 Y137.997 E326.88176
G1 X89.599 Y138.128 E326.89039
G1 X89.928 Y138.236 E326.90191
G1 X95.197 Y138.236 E327.07715
G1 X95.466 Y138.207 E327.08615
G1 X95.714 Y138.128 E327.09481
G1 X95.936 Y137.998 E327.10337
G1 X96.134 Y137.817 E327.11229
G1 X96.327 Y137.555 E327.12311
G1 X96.456 Y137.16 E327.13693
G1 X96.457 Y132.413 E327.29482
G1 F5082.4 X96.58 Y132.24 E327.30232
G1 F4547.4 X97.656 Y132.186 E327.34487
G1 F4311.4 X111.433 Y132.185 E327.9188
G0 F15000 X111.441 Y131.686
G1 F4320 X97.656 Y131.686 E328.49191
G1 F4800 X97.456 Y131.436 E328.50389
G1 F5400 X97.456 Y103.436 E329.43518
G1 F4778.8 X97.612 Y103.187 E329.44622
G1 F4302.8 X125.656 Y103.186 E330.61682
G1 F4800 X125.856 Y103.436 E330.6288
G1 F5400 X125.856 Y131.436 E331.56008
G1 F4778.8 X125.7 Y131.685 E331.57112
G1 F4294.2 X111.441 Y131.686 E332.1675
G1 F2400 E331.3675
G0 F15000 X111.441 Y131.947
G0 X96.219 Y131.999
G0 X93.049 Y134.821
G0 X92.859 Y134.134
G1 F2400 E332.1675
G1 F5400 X92.29 Y134.111 E332.18644
G1 X91.774 Y133.906 E332.20491
G1 X91.404 Y133.586 E332.22118
G1 X91.212 Y133.334 E332.23172
G1 X91.004 Y132.9 E332.24772
G1 X90.945 Y132.338 E332.26652
G1 X91.063 Y131.803 E332.28474
G1 X91.317 Y131.391 E332.30084
G1 X91.533 Y131.159 E332.31138
G1 X91.879 Y130.921 E332.32535
G1 X92.218 Y130.794 E332.33739
G1 X92.653 Y130.721 E332.35206
G1 X93.09 Y130.794 E332.36679
G1 X93.47 Y130.943 E332.38037
G1 X93.774 Y131.158 E332.39275
G1 X93.994 Y131.39 E332.40339
G1 X94.197 Y131.717 E332.41619
G1 X94.319 Y132.089 E332.42921
G1 X94.356 Y132.436 E332.44082
G1 X94.31 Y132.871 E332.45537
G1 X94.075 Y133.4 E332.47462
G1 X93.738 Y133.745 E332.49066
G1 X93.371 Y133.992 E332.50537
G1 X92.859 Y134.134 E332.52305
G1 F2400 E331.72305
G0 F15000 X93.049 Y134.821
G0 X93.654 Y134.589
G0 X94.181 Y134.232
G0 X94.621 Y133.765
G0 X94.942 Y133.068
G0 X94.999 Y132.557
G0 X92.802 Y104.848
G0 X92.839 Y104.136
G1 F2400 E332.52305
G1 F5400 X92.288 Y104.11 E332.54139
G1 X91.774 Y103.906 E332.55979
G1 X91.404 Y103.586 E332.57606
G1 X91.212 Y103.334 E332.58659
G1 X91.004 Y102.9 E332.6026
G1 X90.945 Y102.338 E332.62139
G1 X91.063 Y101.803 E332.63962
G1 X91.317 Y101.391 E332.65571
G1 X91.533 Y101.159 E332.66626
G1 X91.879 Y100.921 E332.68023
G1 X92.218 Y100.794 E332.69227
G1 X92.657 Y100.72 E332.70707
G1 X93.129 Y100.805 E332.72302
G1 X93.47 Y100.943 E332.73526
G1 X93.774 Y101.158 E332.74764
G1 X93.994 Y101.39 E332.75828
G1 X94.206 Y101.739 E332.77186
G1 X94.31 Y102.047 E332.78267
G1 X94.356 Y102.454 E332.79629
G1 X94.305 Y102.892 E332.81096
G1 X94.075 Y103.4 E332.82951
G1 X93.738 Y103.745 E332.84555
G1 X93.378 Y103.992 E332.86007
G1 X92.839 Y104.136 E332.87863
G0 F15000 X92.757 Y104.729
;TYPE:FILL
G1 F10800 X91.578 Y105.644 E332.92826
G0 F15000 X91.863 Y105.929
G1 F10800 X93.774 Y104.448 E333.00868
G0 F15000 X94.268 Y104.065
G1 F10800 X95.932 Y102.776 E333.07868
G0 F15000 X96.194 Y103.079
G1 F10800 X92.753 Y105.746 E333.22348
G0 F15000 X93.751 Y105.478
G1 F10800 X96.4 Y104.767 E333.31471
G1 X96.4 Y104.768
G1 X96.4 Y103.169 E333.36789
G0 F15000 X96.281 Y102.996
G1 F10800 X96.104 Y103.654 E333.39055
G0 F15000 X96.747 Y104.614
G0 X96.975 Y104.614
G1 F10800 X96.4 Y104.767 E333.41034
G1 X96.4 Y110.465 E333.59986
G1 X96.976 Y111.042 E333.62698
G0 F15000 X96.975 Y110.825
G1 F10800 X96.4 Y110.979 E333.64678
G1 X96.4 Y117.191 E333.85339
G1 X90 Y118.906 E334.07376
G1 X90 Y121.035 E334.14457
G1 X96.4 Y127.437 E334.44566
G1 X96.4 Y129.614 E334.51806
G1 X94.483 Y130.128 E334.58408
G1 X89.758 Y127.337 E334.7666
G1 X89.651 Y127.738 E334.7804
G1 X93.942 Y130.273 E334.94617
G1 X94.483 Y130.128 E334.9648
G0 F15000 X93.942 Y130.273
G1 F10800 X93.434 Y130.409 E334.98229
G0 F15000 X92.975 Y130.167
G1 F10800 X89.543 Y128.139 E335.11488
G0 F15000 X89.651 Y127.738
G1 F10800 X89.336 Y128.916 E335.15543
G1 X89.336 Y128.857
G1 X90 Y129.522 E335.18669
G0 F15000 X90.4 Y129.922
G1 F10800 X91.246 Y130.768 E335.22648
G0 F15000 X90.958 Y131.072
G1 F10800 X90.4 Y131.223 E335.24571
G1 X90.4 Y129.922 E335.28898
G1 X90 Y129.522 E335.3078
G1 X90 Y131.33 E335.36793
G1 X90.4 Y131.223 E335.3817
G0 F15000 X90 Y131.329
G0 X89.337 Y131.507
G1 F10800 X90 Y131.329 E335.40453
G1 X90 Y137.541 E335.61115
G1 X95.977 Y135.939 E335.81696
G0 F15000 X95.857 Y135.6
G1 F10800 X93.757 Y135.6 E335.8868
G0 F15000 X93.971 Y134.8
G1 F10800 X94.194 Y133.968 E335.91545
G1 X94.317 Y133.839
G1 X95.278 Y134.8 E335.96066
G0 F15000 X95.073 Y134.593
G1 F10800 X95.859 Y133.765 E335.99863
G0 F15000 X95.86 Y133.183
G1 F10800 X94.791 Y134.31 E336.05029
G0 F15000 X94.508 Y134.027
G1 F10800 X95.861 Y132.6 E336.1157
G0 F15000 X94.953 Y132.395
G1 F10800 X96.855 Y130.389 E336.20764
G0 F15000 X96.856 Y130.97
G1 F10800 X94.895 Y133.038 E336.30243
G0 F15000 X95.005 Y133.05
G0 X94.991 Y131.846
G0 X94.89 Y131.88
G1 F10800 X96.855 Y129.807 E336.39743
G0 F15000 X96.975 Y129.46
G1 F10800 X96.4 Y129.614 E336.41723
G0 F15000 X96.747 Y128.012
G0 X96.976 Y128.012
G1 F10800 X96.4 Y127.437 E336.4443
G0 F15000 X96.115 Y126.8
G1 F10800 X96.856 Y126.8 E336.46894
G0 F15000 X96.747 Y126.8
G0 X96.4 Y125.737
G1 F10800 X94.757 Y131.866 E336.67999
G0 F15000 X94.974 Y131.793
G0 X94.531 Y131.013
G0 X94.181 Y130.644
G0 X93.76 Y130.357
G0 X93.286 Y130.169
G0 X92.93 Y130.11
G0 X92.203 Y130.079
G0 X92.22 Y130.185
G1 F10800 X89.456 Y128.552 E336.78677
G0 F15000 X89.554 Y129.075
G1 F10800 X91.704 Y130.345 E336.86982
G0 F15000 X91.667 Y130.247
G0 X91.133 Y130.644
G0 X90.783 Y131.013
G0 X90.452 Y131.562
G0 X90.32 Y132.168
G0 X90.291 Y132.89
G0 X90.4 Y132.879
G1 F10800 X90.4 Y137.434 E337.02132
G0 F15000 X90 Y137.541
G1 F10800 X89.701 Y137.621 E337.03162
G0 F15000 X89.81 Y137.432
G0 X90.8 Y137.326
G1 F10800 X90.8 Y133.783 E337.14946
G0 F15000 X91.2 Y134.206
G1 F10800 X91.2 Y137.219 E337.24967
G0 F15000 X92.4 Y136.898
G1 F10800 X92.4 Y134.718 E337.32218
G0 F15000 X92.8 Y134.736
G1 F10800 X92.8 Y136.791 E337.39053
G1 X92.8 Y136.79
G1 X92.8 Y137.636 E337.41867
G0 F15000 X93.179 Y137.756
G1 F10800 X93.971 Y134.8 E337.52045
G1 X95.278 Y134.8 E337.56392
G1 X95.978 Y135.499 E337.59682
G0 F15000 X95.747 Y135.499
G0 X95.2 Y136.147
G1 F10800 X95.2 Y137.636 E337.64635
G0 F15000 X94.8 Y137.636
G1 F10800 X94.8 Y136.254 E337.69231
G0 F15000 X94 Y136.468
G1 F10800 X94 Y137.636 E337.73116
G0 F15000 X94 Y137.527
G0 X93.2 Y136.683
G1 F10800 X93.2 Y134.661 E337.79841
G0 F15000 X93.229 Y134.771
G0 X92.15 Y134.755
G0 X91.436 Y134.47
G0 X90.947 Y134.056
G0 X90.64 Y133.651
G0 X90.399 Y133.131
G0 X89.758 Y127.337
G1 F10800 X96.104 Y103.654 E338.6139
G1 X93.751 Y105.478 E338.71292
G1 X90 Y106.483 E338.84208
G1 X90 Y112.55 E339.04387
G1 X96.4 Y118.952 E339.34496
G1 X96.4 Y123.403 E339.493
G1 X90 Y125.118 E339.71337
G0 F15000 X90.224 Y125.6
G1 F10800 X89.456 Y125.6 E339.73891
G0 F15000 X89.337 Y125.295
G1 F10800 X90 Y125.118 E339.76174
G1 X90 Y121.037 E339.89747
G1 X89.336 Y120.372 E339.92873
G0 F15000 X90 Y121.035
G0 X89.567 Y119.084
G0 X89.336 Y119.084
G1 F10800 X90 Y118.907 E339.95159
G1 X90 Y112.694 E340.15823
G1 X96.4 Y110.979 E340.37861
G0 F15000 X96.4 Y110.465
G1 F10800 X90 Y104.067 E340.67959
G0 F15000 X90.152 Y104.218
G1 F10800 X90.767 Y103.742 E340.70546
G0 F15000 X91.332 Y104.317
G1 F10800 X90.723 Y104.788 E340.73107
G0 F15000 X89.567 Y105.735
G0 X89.336 Y105.735
G1 F10800 X91.109 Y99.116 E340.95898
G0 F15000 X91.109 Y99.347
G0 X90.022 Y99.36
G0 X90 Y99.251
G1 F10800 X90 Y100.272 E340.99294
G0 F15000 X89.337 Y100.449
G1 F10800 X94.312 Y99.116 E341.16424
G0 F15000 X94.857 Y99.236
G1 F10800 X94.434 Y100.013 E341.19367
G0 F15000 X94.078 Y99.658
G1 F10800 X93.328 Y100.239 E341.22522
G0 F15000 X92.806 Y100.138
G1 F10800 X93.792 Y99.373 E341.26673
G0 F15000 X93.535 Y99.116
G1 F10800 X95.98 Y101.56 E341.38171
G0 F15000 X95.86 Y102.326
G1 F10800 X94.878 Y103.086 E341.42301
G0 F15000 X94.978 Y103.132
G0 X95.024 Y100.602
G1 F10800 X95.66 Y99.436 E341.46719
G0 F15000 X95.581 Y99.505
G0 X92.383 Y100.103
G0 X90.714 Y100.589
G1 F10800 X89.456 Y100.957 E341.51078
G0 F15000 X89.456 Y101.79
G1 F10800 X90.472 Y101.493 E341.54599
G0 F15000 X90.351 Y101.945
G1 F10800 X89.456 Y102.207 E341.577
G0 F15000 X89.567 Y102.207
G0 X89.567 Y103.402
G0 X89.336 Y103.402
G1 F10800 X90 Y104.067 E341.60826
G1 X90 Y106.483 E341.68862
G1 X89.337 Y106.66 E341.71144
G0 F15000 X90 Y106.483
G0 X89.567 Y111.887
G0 X89.336 Y111.887
G1 F10800 X90 Y112.55 E341.74265
G1 X90 Y112.694
G1 X89.336 Y112.872 E341.76551
G0 F15000 X89.567 Y112.872
G0 X90 Y118.906
G0 X96.4 Y118.95
G0 X96.976 Y119.527
G1 F10800 X96.4 Y118.95 E341.79263
G1 X96.4 Y117.19 E341.85117
G1 X96.975 Y117.037 E341.87096
G0 F15000 X96.4 Y117.19
G0 X96.747 Y123.249
G0 X96.975 Y123.249
G1 F10800 X96.4 Y123.403 E341.89076
G1 X96.4 Y125.737 E341.96839
G1 X96.976 Y123.586 E342.04245
G0 F15000 X96.4 Y123.403
G1 F2400 E341.24245
G0 F15000 X97.219 Y131.875
G0 X126.095 Y131.875
G0 X126.567 Y123.431
G0 X126.336 Y123.431
G1 F2400 E342.04245
G1 F10800 X126.8 Y123.896 E342.0643
G1 X126.8 Y127.681 E342.19019
G1 X126.336 Y127.805 E342.20616
G0 F15000 X126.8 Y127.681
G1 F10800 X133.2 Y125.966 E342.42654
G1 X133.2 Y121.811 E342.56473
G1 X126.8 Y115.411 E342.86577
G1 X126.8 Y115.257
G1 X133.2 Y113.541 E343.08615
G0 F15000 X133.2 Y113.323
G1 F10800 X126.8 Y106.926 E343.38712
G0 F15000 X126.648 Y106.771
G1 F10800 X126.336 Y106.461 E343.40175
G0 F15000 X126.336 Y106.742
G1 F10800 X126.778 Y105.09 E343.45863
G0 F15000 X126.965 Y107.088
G1 F10800 X128.387 Y102.749 E343.61049
G0 F15000 X128.471 Y102.386
G1 F10800 X128.048 Y102.498 E343.62505
G1 X126.648 Y106.771 E343.7746
G1 X126.8 Y106.926 E343.78182
G1 X126.8 Y109.046 E343.85233
G1 X126.336 Y109.17 E343.86831
G0 F15000 X126.8 Y109.046
G0 X129.046 Y108.445
G1 F10800 X130.27 Y104.711 E343.999
G0 F15000 X131.121 Y104.685
G1 F10800 X129.969 Y108.197 E344.12194
G0 F15000 X130.431 Y108.074
G1 F10800 X131.589 Y104.54 E344.24563
G0 F15000 X132.116 Y104.213
G1 F10800 X130.892 Y107.949 E344.37639
G0 F15000 X131.354 Y107.826
G1 F10800 X133.2 Y107.33 E344.43996
G1 X133.2 Y107.331
G1 X133.2 Y104.909 E344.52052
G0 F15000 X133.282 Y104
G1 F10800 X126.72 Y128.49 E345.36379
G1 X131.865 Y128.961 E345.53563
G1 X126.8 Y123.894 E345.77392
G1 X126.8 Y121.468 E345.85461
G1 X133.2 Y119.754 E346.07498
G1 X133.2 Y113.541 E346.28162
G1 X133.976 Y113.334 E346.30833
G0 F15000 X133.976 Y114.101
G1 F10800 X133.2 Y113.323 E346.34488
G1 X133.2 Y107.33 E346.54421
G1 X133.976 Y107.123 E346.57092
G0 F15000 X133.747 Y107.123
G0 X133.747 Y105.616
G0 X133.976 Y105.616
G1 F10800 X132.546 Y104.187 E346.63816
G0 F15000 X132.361 Y104
G1 F10800 X132.546 Y104.187 E346.64691
G1 X131.354 Y107.826 E346.77427
G1 X126.8 Y109.045 E346.93107
G1 X126.8 Y115.257 E347.13768
G1 X126.337 Y115.381 E347.15362
G0 F15000 X126.336 Y114.946
G1 F10800 X126.8 Y115.411 E347.17547
G1 X126.8 Y121.469 E347.37696
G1 X126.336 Y121.593 E347.39294
G0 F15000 X126.8 Y121.469
G0 X126.8 Y123.894
G0 X126.72 Y128.49
G1 F10800 X126.51 Y129.274 E347.41993
G1 X132.572 Y129.829 E347.6224
G1 X132.265 Y130.979 E347.66199
G0 F15000 X132.467 Y130.221
G1 F10800 X126.456 Y129.671 E347.86275
G0 F15000 X126.336 Y129.923
G1 F10800 X126.51 Y129.274 E347.8851
G0 F15000 X126.456 Y130.073
G1 F10800 X129.652 Y130.365 E347.99184
G0 F15000 X129.123 Y130.719
G1 F10800 X126.456 Y130.474 E348.08092
G0 F15000 X126.456 Y130.876
G1 F10800 X128.792 Y131.09 E348.15894
G0 F15000 X128.563 Y131.471
G1 F10800 X126.456 Y131.278 E348.22931
G0 F15000 X127.015 Y131.731
G1 F10800 X128.435 Y131.861 E348.27674
G0 F15000 X128.331 Y131.838
G0 X127.567 Y132.916
G0 X127.336 Y132.916
G1 F10800 X129.621 Y135.2 E348.38419
G1 X131.134 Y135.2 E348.43452
G1 X131.321 Y134.503 E348.45852
G0 F15000 X131.73 Y134.478
G1 F10800 X131.784 Y137.363 E348.55449
G0 F15000 X131.618 Y137.2
G1 F10800 X129.621 Y135.2 E348.64849
G1 X129.619 Y135.2
G1 X127.456 Y135.2 E348.72044
G0 F15000 X127.456 Y134.8
G1 F10800 X129.219 Y134.8 E348.77907
G0 F15000 X128.819 Y134.4
G1 F10800 X127.456 Y134.4 E348.82441
G0 F15000 X127.336 Y133.748
G1 F10800 X128.702 Y133.382 E348.87144
G0 F15000 X128.493 Y133.478
G0 X127.567 Y136
G0 X127.456 Y136
G1 F10800 X130.419 Y136 E348.96999
G0 F15000 X130.812 Y136.4
G1 F10800 X127.456 Y136.4 E349.08161
G0 F15000 X127.5 Y137.2
G1 F10800 X130.598 Y137.2 E349.18465
G1 X131.134 Y135.2 E349.25352
G0 F15000 X132.188 Y134.3
G0 X132.125 Y134.207
G1 F10800 X132.189 Y137.635 E349.36756
G1 X132.175 Y137.756
G1 X131.618 Y137.2 E349.39373
G1 X130.598 Y137.2 E349.42766
G1 X130.449 Y137.757 E349.44684
G0 F15000 X130.449 Y137.527
G0 X132.589 Y137.527
G0 X132.589 Y137.636
G1 F10800 X132.517 Y133.792 E349.57471
G0 F15000 X132.902 Y132.96
G1 F10800 X132.989 Y137.636 E349.73026
G0 F15000 X133.388 Y137.592
G1 F10800 X133.287 Y132.154 E349.91116
G1 X133.431 Y132.117
G1 X133.976 Y131.969 E349.92994
G0 F15000 X133.976 Y131.071
G1 F10800 X133.344 Y130.44 E349.95965
G0 F15000 X133.2 Y130.294
G1 F10800 X131.865 Y128.961 E350.0224
G0 F15000 X132.572 Y129.829
G1 F10800 X133.2 Y127.49 E350.10295
G1 X133.2 Y130.294 E350.19621
G1 X133.344 Y130.44 E350.20303
G1 X133.431 Y132.117 E350.25888
G1 X132.821 Y132.279 E350.27987
G0 F15000 X133.053 Y132.255
G0 X133.2 Y127.49
G1 F10800 X133.976 Y124.594 E350.37959
G0 F15000 X133.747 Y124.594
G0 X133.747 Y125.758
G0 X133.976 Y125.758
G1 F10800 X133.2 Y125.966 E350.40631
G0 F15000 X133.747 Y122.586
G0 X133.976 Y122.586
G1 F10800 X133.2 Y121.809 E350.44284
G1 X133.2 Y119.753 E350.51122
G1 X133.976 Y119.546 E350.53793
G0 F15000 X133.2 Y119.753
G0 X133.2 Y121.809
G0 X132.427 Y104.058
G0 X132.259 Y103.899
G1 F10800 X132.361 Y104 E350.54271
G1 X133.282 Y104 E350.57334
G1 X133.976 Y101.411 E350.66249
G0 F15000 X133.856 Y101.6
G1 F10800 X132.792 Y101.6 E350.69788
G0 F15000 X132.508 Y101.304
G1 F10800 X133.976 Y100.911 E350.74842
G0 F15000 X133.287 Y101.096
G1 F10800 X133.033 Y99.236 E350.81086
G0 F15000 X132.629 Y99.236
G1 F10800 X132.897 Y101.2 E350.87679
G0 F15000 X132.068 Y100.494
G0 X132.006 Y100.584
G1 F10800 X131.822 Y99.236 E350.92204
G0 F15000 X131.418 Y99.236
G1 F10800 X131.568 Y100.33 E350.95877
G0 F15000 X131.607 Y100.231
G0 X130.752 Y100.082
G0 X129.904 Y100.153
G0 X129.942 Y100.253
G1 F10800 X129.804 Y99.236 E350.9929
G0 F15000 X129.4 Y99.236
G1 F10800 X129.56 Y100.405 E351.03215
G0 F15000 X129.191 Y100.661
G1 F10800 X128.996 Y99.236 E351.07998
G0 F15000 X128.592 Y99.236
G1 F10800 X128.75 Y100.389 E351.11869
G0 F15000 X129.048 Y100.8
G1 F10800 X127.928 Y100.8 E351.15594
G0 F15000 X127.714 Y101.6
G1 F10800 X128.512 Y101.6 E351.18248
G0 F15000 X128.405 Y102
G1 F10800 X127.607 Y102 E351.20903
G0 F15000 X127.587 Y102.623
G1 F10800 X127.278 Y102.706 E351.21967
G0 F15000 X128.048 Y102.498
G1 F10800 X127.587 Y102.623 E351.23555
G1 X126.778 Y105.09 E351.32191
G1 X128.379 Y99.115 E351.52765
G0 F15000 X127.648 Y99.288
G1 F10800 X129.188 Y100.827 E351.60006
G0 F15000 X128.806 Y100.464
G1 F2400 E350.80006
;MESH:NONMESH
G0 F300 X128.806 Y100.464 Z1.4
G0 F15000 X127.095 Y102.875
G0 X97.219 Y102.999
G0 X92.987 Y104.838
G0 X92.905 Y104.536
;TIME_ELAPSED:437.443639
;LAYER:6
;TYPE:WALL-INNER
;MESH:Camera mount.stl(1)
G1 F2400 E351.60006
G1 F5400 X92.205 Y104.508 E351.62336
G1 X91.566 Y104.254 E351.64623
G1 X91.124 Y103.878 E351.66553
G1 X90.856 Y103.526 E351.68025
G1 X90.614 Y103.008 E351.69926
G1 X90.543 Y102.303 E351.72283
G1 X90.688 Y101.651 E351.74504
G1 X90.984 Y101.162 E351.76406
G1 X91.285 Y100.839 E351.77874
G1 X91.668 Y100.574 E351.79423
G1 X92.095 Y100.409 E351.80946
G1 X92.657 Y100.315 E351.82841
G1 X93.216 Y100.41 E351.84727
G1 X93.64 Y100.574 E351.86239
G1 X94.019 Y100.836 E351.87771
G1 X94.325 Y101.157 E351.89246
G1 X94.564 Y101.55 E351.90776
G1 X94.711 Y101.984 E351.923
G1 X94.756 Y102.436 E351.93811
G1 X94.698 Y102.999 E351.95693
G1 X94.411 Y103.628 E351.97993
G1 X94.014 Y104.04 E351.99896
G1 X93.549 Y104.36 E352.01773
G1 X92.905 Y104.536 E352.03994
G1 F2400 E351.23994
G0 F15000 X92.655 Y130.133
G0 X92.884 Y134.54
G1 F2400 E352.03994
G1 F5400 X92.204 Y134.507 E352.06258
G1 X91.566 Y134.254 E352.08541
G1 X91.124 Y133.878 E352.10471
G1 X90.856 Y133.526 E352.11943
G1 X90.614 Y133.008 E352.13844
G1 X90.543 Y132.303 E352.16201
G1 X90.688 Y131.651 E352.18422
G1 X90.984 Y131.162 E352.20324
G1 X91.285 Y130.839 E352.21792
G1 X91.668 Y130.574 E352.23341
G1 X92.091 Y130.41 E352.2485
G1 X92.655 Y130.315 E352.26752
G1 X93.216 Y130.41 E352.28645
G1 X93.64 Y130.574 E352.30157
G1 X94.02 Y130.836 E352.31692
G1 X94.329 Y131.163 E352.33188
G1 X94.558 Y131.545 E352.3467
G1 X94.711 Y131.981 E352.36207
G1 X94.756 Y132.436 E352.37727
G1 X94.698 Y132.997 E352.39603
G1 X94.411 Y133.629 E352.41912
G1 X94.018 Y134.038 E352.43798
G1 X93.563 Y134.351 E352.45635
G1 X92.884 Y134.54 E352.47979
G1 F2400 E351.67979
G0 F15000 X93.626 Y134.526
G0 X93.626 Y137.636
G0 X95.087 Y137.836
G1 F2400 E352.47979
G1 F5400 X95.176 Y137.836 E352.48275
G1 X95.55 Y137.76 E352.49545
G1 X95.835 Y137.548 E352.50726
G1 X95.967 Y137.37 E352.51463
G1 X96.056 Y137.096 E352.52421
G1 X96.059 Y132.369 E352.68144
G1 X96.095 Y132.222 E352.68647
G1 X96.236 Y132.007 E352.69502
G1 X96.358 Y131.914 E352.70012
G1 X96.656 Y131.836 E352.71037
G1 X97.456 Y131.836 E352.73698
G1 X97.056 Y131.436 E352.75579
G1 X97.056 Y103.436 E353.68707
G1 X97.393 Y103.035 E353.7045
G1 X96.656 Y103.036 E353.72901
G1 X96.359 Y102.958 E353.73922
G1 X96.212 Y102.841 E353.74547
G1 X96.108 Y102.682 E353.75179
G1 X96.059 Y102.502 E353.758
G1 X96.056 Y99.827 E353.84697
G1 X96.004 Y99.582 E353.8553
G1 X95.772 Y99.254 E353.86866
G1 X95.472 Y99.083 E353.88014
G1 X95.243 Y99.036 E353.88792
G1 X90.047 Y99.036 E354.06074
G1 X89.851 Y99.078 E354.06741
G1 X89.54 Y99.254 E354.07929
G1 X89.312 Y99.576 E354.09241
G1 X89.256 Y99.846 E354.10159
G1 X89.256 Y137.097 E355.34056
G1 X89.346 Y137.372 E355.35018
G1 X89.473 Y137.548 E355.3574
G1 X89.764 Y137.761 E355.3694
G1 X89.992 Y137.836 E355.37738
G1 X95.087 Y137.836 E355.54684
G1 F2400 E354.74684
G0 F15000 X95.522 Y137.646
G0 X96.208 Y137.121
G0 X96.219 Y131.999
G0 X127.095 Y131.999
G0 X127.268 Y137.002
G0 X127.651 Y137.557
G0 X127.992 Y137.836
G1 F2400 E355.54684
G1 F5400 X133.176 Y137.836 E355.71926
G1 X133.55 Y137.76 E355.73195
G1 X133.84 Y137.547 E355.74392
G1 X134.013 Y137.242 E355.75558
G1 X134.056 Y137.041 E355.76242
G1 X134.056 Y99.827 E357.00016
G1 X134.004 Y99.582 E357.00849
G1 X133.772 Y99.254 E357.02186
G1 X133.472 Y99.083 E357.03334
G1 X133.243 Y99.036 E357.04112
G1 X128.047 Y99.036 E357.21394
G1 X127.851 Y99.078 E357.2206
G1 X127.54 Y99.254 E357.23249
G1 X127.312 Y99.576 E357.24561
G1 X127.256 Y99.846 E357.25478
G1 X127.255 Y102.478 E357.34232
G1 X127.204 Y102.683 E357.34935
G1 X127.094 Y102.848 E357.35594
G1 X126.953 Y102.958 E357.36189
G1 X126.656 Y103.036 E357.37211
G1 X125.856 Y103.036 E357.39871
G1 X126.256 Y103.436 E357.41753
G1 X126.256 Y131.436 E358.34881
G1 X125.919 Y131.837 E358.36623
G1 X126.656 Y131.836 E358.39075
G1 X126.954 Y131.914 E358.40099
G1 X127.138 Y132.078 E358.40919
G1 X127.256 Y132.315 E358.418
G1 X127.256 Y137.097 E358.57705
G1 X127.346 Y137.372 E358.58667
G1 X127.473 Y137.548 E358.59389
G1 X127.764 Y137.761 E358.60588
G1 X127.992 Y137.836 E358.61387
G1 F2400 E357.81387
G0 F15000 X127.651 Y137.557
G0 X130.884 Y137.636
G0 X130.905 Y134.721
G0 X130.884 Y134.54
G1 F2400 E358.61387
G1 F5400 X130.204 Y134.507 E358.63651
G1 X129.566 Y134.254 E358.65934
G1 X129.124 Y133.878 E358.67864
G1 X128.856 Y133.526 E358.69335
G1 X128.615 Y133.009 E358.71232
G1 X128.541 Y132.314 E358.73557
G1 X128.682 Y131.675 E358.75734
G1 X128.981 Y131.165 E358.777
G1 X129.285 Y130.839 E358.79182
G1 X129.668 Y130.574 E358.80731
G1 X130.092 Y130.41 E358.82243
G1 X130.659 Y130.315 E358.84156
G1 X131.216 Y130.41 E358.86035
G1 X131.64 Y130.574 E358.87547
G1 X132.019 Y130.836 E358.89079
G1 X132.325 Y131.157 E358.90554
G1 X132.564 Y131.55 E358.92084
G1 X132.711 Y131.984 E358.93608
G1 X132.756 Y132.436 E358.95119
G1 X132.698 Y132.997 E358.96995
G1 X132.411 Y133.629 E358.99304
G1 X132.018 Y134.038 E359.0119
G1 X131.563 Y134.351 E359.03027
G1 X130.884 Y134.54 E359.05371
G1 F2400 E358.25371
G0 F15000 X131.92 Y133.925
G0 X132.285 Y133.538
G0 X132.551 Y132.96
G0 X132.609 Y132.437
G0 X132.564 Y132.018
G0 X132.428 Y131.618
G0 X132.21 Y131.257
G0 X131.975 Y131.009
G0 X130.659 Y130.133
G0 X130.785 Y104.717
G0 X130.889 Y104.541
G1 F2400 E359.05371
G1 F5400 X130.202 Y104.507 E359.07659
G1 X129.566 Y104.254 E359.09936
G1 X129.122 Y103.877 E359.11873
G1 X128.844 Y103.499 E359.13433
G1 X128.613 Y103.006 E359.15244
G1 X128.543 Y102.303 E359.17594
G1 X128.688 Y101.651 E359.19816
G1 X128.984 Y101.162 E359.21717
G1 X129.285 Y100.839 E359.23185
G1 X129.668 Y100.574 E359.24734
G1 X130.095 Y100.409 E359.26257
G1 X130.657 Y100.315 E359.28152
G1 X131.216 Y100.41 E359.30038
G1 X131.64 Y100.574 E359.3155
G1 X132.019 Y100.836 E359.33082
G1 X132.325 Y101.157 E359.34557
G1 X132.564 Y101.55 E359.36087
G1 X132.711 Y101.984 E359.37611
G1 X132.756 Y102.436 E359.39122
G1 X132.698 Y102.997 E359.40998
G1 X132.41 Y103.629 E359.43308
G1 X132.017 Y104.038 E359.45195
G1 X131.549 Y104.36 E359.47084
G1 X130.889 Y104.541 E359.4936
G0 F15000 X130.845 Y104.138
;TYPE:WALL-OUTER
G1 F5400 X130.291 Y104.108 E359.51205
G1 X129.774 Y103.906 E359.53052
G1 X129.404 Y103.586 E359.54679
G1 X129.19 Y103.297 E359.55875
G1 X129.008 Y102.9 E359.57327
G1 X128.945 Y102.339 E359.59205
G1 X129.063 Y101.803 E359.6103
G1 X129.317 Y101.391 E359.6264
G1 X129.533 Y101.159 E359.63694
G1 X129.879 Y100.921 E359.65091
G1 X130.218 Y100.794 E359.66295
G1 X130.657 Y100.72 E359.67776
G1 X131.129 Y100.805 E359.69371
G1 X131.47 Y100.943 E359.70595
G1 X131.774 Y101.158 E359.71833
G1 X131.994 Y101.39 E359.72896
G1 X132.206 Y101.739 E359.74255
G1 X132.319 Y102.089 E359.75478
G1 X132.356 Y102.436 E359.76639
G1 X132.31 Y102.871 E359.78093
G1 X132.075 Y103.4 E359.80019
G1 X131.738 Y103.745 E359.81623
G1 X131.379 Y103.992 E359.83072
G1 X130.845 Y104.138 E359.84913
G1 F2400 E359.04913
G0 F15000 X130.829 Y104.449
G0 X130.785 Y104.717
G0 X130.659 Y130.133
G0 X130.859 Y134.134
G1 F2400 E359.84913
G1 F5400 X130.29 Y134.111 E359.86807
G1 X129.774 Y133.906 E359.88654
G1 X129.404 Y133.586 E359.90281
G1 X129.212 Y133.334 E359.91335
G1 X129.004 Y132.9 E359.92936
G1 X128.945 Y132.339 E359.94812
G1 X129.063 Y131.803 E359.96637
G1 X129.317 Y131.391 E359.98247
G1 X129.533 Y131.159 E359.99301
G1 X129.879 Y130.921 E360.00698
G1 X130.218 Y130.794 E360.01902
G1 X130.66 Y130.721 E360.03392
G1 X131.129 Y130.805 E360.04977
G1 X131.47 Y130.943 E360.062
G1 X131.774 Y131.158 E360.07439
G1 X131.994 Y131.39 E360.08502
G1 X132.206 Y131.739 E360.0986
G1 X132.319 Y132.089 E360.11084
G1 X132.356 Y132.436 E360.12244
G1 X132.31 Y132.871 E360.13699
G1 X132.075 Y133.4 E360.15624
G1 X131.738 Y133.745 E360.17229
G1 X131.371 Y133.992 E360.187
G1 X130.859 Y134.134 E360.20467
G1 F2400 E359.40467
G0 F15000 X130.942 Y134.435
G0 X130.236 Y134.359
G0 X128.701 Y133.62
G0 X127.087 Y133.62
G0 X111.433 Y132.185
G1 F2400 E360.20467
G1 F4285.7 X125.743 Y132.184 E360.80437
G1 F4518.8 X126.74 Y132.241 E360.84406
G1 F5070.4 X126.856 Y132.395 E360.85089
G1 F5400 X126.856 Y137.16 E361.00938
G1 X126.985 Y137.556 E361.02323
G1 X127.174 Y137.817 E361.03395
G1 X127.375 Y137.997 E361.04292
G1 X127.599 Y138.128 E361.05155
G1 X127.928 Y138.236 E361.06307
G1 X133.197 Y138.236 E361.23832
G1 X133.466 Y138.207 E361.24732
G1 X133.714 Y138.128 E361.25597
G1 X133.937 Y137.997 E361.26457
G1 X134.138 Y137.817 E361.27355
G1 X134.285 Y137.615 E361.28186
G1 X134.396 Y137.366 E361.29092
G1 X134.456 Y137.083 E361.30055
G1 X134.456 Y99.785 E362.54108
G1 X134.382 Y99.437 E362.55292
G1 X134.217 Y99.15 E362.56393
G1 X134.041 Y98.954 E362.57269
G1 X133.836 Y98.807 E362.58108
G1 X133.594 Y98.7 E362.58988
G1 X133.283 Y98.636 E362.60044
G1 X128.005 Y98.636 E362.77599
G1 X127.727 Y98.696 E362.78545
G1 X127.476 Y98.807 E362.79457
G1 X127.271 Y98.954 E362.80296
G1 X127.096 Y99.15 E362.8117
G1 X126.934 Y99.432 E362.82252
G1 X126.856 Y99.805 E362.8352
G1 X126.856 Y102.501 E362.92486
G1 F5082.4 X126.735 Y102.632 E362.93117
G1 F4547.4 X125.656 Y102.686 E362.97384
G1 F4302.8 X97.569 Y102.688 E364.14623
G1 F4518.8 X96.577 Y102.631 E364.18572
G1 F5070.4 X96.456 Y102.499 E364.19207
G1 F5400 X96.456 Y99.785 E364.28233
G1 X96.382 Y99.437 E364.29417
G1 X96.217 Y99.15 E364.30518
G1 X96.041 Y98.954 E364.31394
G1 X95.836 Y98.807 E364.32233
G1 X95.594 Y98.7 E364.33113
G1 X95.283 Y98.636 E364.34169
G1 X90.005 Y98.636 E364.51724
G1 X89.727 Y98.696 E364.5267
G1 X89.476 Y98.807 E364.53582
G1 X89.271 Y98.954 E364.54421
G1 X89.096 Y99.15 E364.55295
G1 X88.934 Y99.432 E364.56377
G1 X88.856 Y99.805 E364.57645
G1 X88.856 Y137.16 E365.81888
G1 X88.985 Y137.556 E365.83273
G1 X89.174 Y137.817 E365.84345
G1 X89.375 Y137.997 E365.85242
G1 X89.599 Y138.128 E365.86105
G1 X89.928 Y138.236 E365.87257
G1 X95.197 Y138.236 E366.04782
G1 X95.466 Y138.207 E366.05682
G1 X95.714 Y138.128 E366.06547
G1 X95.936 Y137.998 E366.07403
G1 X96.134 Y137.817 E366.08295
G1 X96.327 Y137.555 E366.09378
G1 X96.456 Y137.16 E366.1076
G1 X96.457 Y132.413 E366.26548
G1 F5082.4 X96.58 Y132.24 E366.27298
G1 F4547.4 X97.656 Y132.186 E366.31553
G1 F4311.4 X111.433 Y132.185 E366.88946
G0 F15000 X111.441 Y131.686
G1 F4320 X97.656 Y131.686 E367.46258
G1 F4800 X97.456 Y131.436 E367.47455
G1 F5400 X97.456 Y103.436 E368.40584
G1 F4778.8 X97.612 Y103.187 E368.41688
G1 F4302.8 X125.656 Y103.186 E369.58748
G1 F4800 X125.856 Y103.436 E369.59946
G1 F5400 X125.856 Y131.436 E370.53074
G1 F4778.8 X125.7 Y131.685 E370.54179
G1 F4294.2 X111.441 Y131.686 E371.13816
G1 F2400 E370.33816
G0 F15000 X111.441 Y131.947
G0 X96.219 Y131.999
G0 X95.878 Y134.44
G0 X94.133 Y134.178
G0 X92.859 Y134.134
G1 F2400 E371.13816
G1 F5400 X92.29 Y134.111 E371.1571
G1 X91.774 Y133.906 E371.17557
G1 X91.404 Y133.586 E371.19184
G1 X91.212 Y133.334 E371.20238
G1 X91.004 Y132.9 E371.21839
G1 X90.945 Y132.338 E371.23718
G1 X91.063 Y131.803 E371.2554
G1 X91.317 Y131.391 E371.2715
G1 X91.533 Y131.159 E371.28204
G1 X91.879 Y130.921 E371.29601
G1 X92.218 Y130.794 E371.30805
G1 X92.653 Y130.721 E371.32272
G1 X93.09 Y130.794 E371.33746
G1 X93.47 Y130.943 E371.35103
G1 X93.774 Y131.158 E371.36342
G1 X93.994 Y131.39 E371.37405
G1 X94.197 Y131.717 E371.38685
G1 X94.319 Y132.089 E371.39987
G1 X94.356 Y132.436 E371.41148
G1 X94.31 Y132.871 E371.42603
G1 X94.075 Y133.4 E371.44528
G1 X93.738 Y133.745 E371.46132
G1 X93.371 Y133.992 E371.47604
G1 X92.859 Y134.134 E371.49371
G1 F2400 E370.69371
G0 F15000 X92.942 Y134.435
G0 X93.484 Y134.221
G0 X93.92 Y133.925
G0 X94.285 Y133.538
G0 X94.551 Y132.96
G0 X94.609 Y132.437
G0 X94.564 Y132.018
G0 X94.428 Y131.618
G0 X94.21 Y131.257
G0 X93.975 Y131.009
G0 X92.655 Y130.133
G0 X92.932 Y104.717
G0 X92.839 Y104.136
G1 F2400 E371.49371
G1 F5400 X92.288 Y104.11 E371.51206
G1 X91.774 Y103.906 E371.53045
G1 X91.404 Y103.586 E371.54672
G1 X91.212 Y103.334 E371.55726
G1 X91.004 Y102.9 E371.57326
G1 X90.948 Y102.352 E371.59158
G1 X91.063 Y101.804 E371.61021
G1 X91.317 Y101.391 E371.62633
G1 X91.533 Y101.159 E371.63688
G1 X91.879 Y100.921 E371.65085
G1 X92.218 Y100.794 E371.66289
G1 X92.657 Y100.72 E371.67769
G1 X93.129 Y100.805 E371.69364
G1 X93.47 Y100.943 E371.70588
G1 X93.774 Y101.158 E371.71826
G1 X93.994 Y101.39 E371.7289
G1 X94.206 Y101.739 E371.74248
G1 X94.31 Y102.047 E371.75329
G1 X94.356 Y102.454 E371.76691
G1 X94.305 Y102.892 E371.78158
G1 X94.075 Y103.4 E371.80013
G1 X93.738 Y103.745 E371.81617
G1 X93.378 Y103.992 E371.83069
G1 X92.839 Y104.136 E371.84925
G1 F2400 E371.04925
G0 F15000 X92.823 Y104.448
G0 X92.932 Y104.717
G0 X95.861 Y132.347
G0 X95.087 Y137.476
;TYPE:SKIN
G1 F2400 E371.84925
G1 F5400 X90.054 Y137.476 E372.01664
G1 X89.914 Y137.428 E372.02157
G1 X89.737 Y137.297 E372.02889
G1 X89.616 Y137.036 E372.03846
G1 X89.616 Y133.893 E372.143
G1 F4909.1 X89.655 Y133.279 E372.1655
G1 F4302.8 X89.678 Y133.138 E372.17147
G1 F4268.8 X89.66 Y132.181 E372.21174
G1 F4864.9 X89.617 Y131.595 E372.23343
G1 F5400 X89.616 Y103.893 E373.15481
G1 F4909.1 X89.655 Y103.279 E373.17731
G1 F4302.8 X89.678 Y103.138 E373.18328
G1 F4268.8 X89.66 Y102.181 E373.22355
G1 F4864.9 X89.617 Y101.595 E373.24524
G1 F5400 X89.616 Y99.878 E373.30235
G1 X89.652 Y99.714 E373.30793
G1 X89.783 Y99.524 E373.31561
G1 X90.01 Y99.396 E373.32428
G1 X91.364 Y99.396 E373.36931
G1 F4810.7 X91.857 Y99.444 E373.38781
G1 F4186 X91.961 Y99.462 E373.39233
G1 F4268.8 X92.652 Y99.435 E373.42143
G1 F4285.7 X93.343 Y99.462 E373.45041
G1 F4210.5 X93.451 Y99.443 E373.45509
G1 F4821.4 X93.944 Y99.396 E373.47354
G1 F5400 X95.204 Y99.396 E373.51544
G1 X95.356 Y99.426 E373.5206
G1 X95.525 Y99.524 E373.52709
G1 X95.665 Y99.723 E373.53519
G1 X95.696 Y99.862 E373.53992
G1 X95.699 Y101.281 E373.58712
G1 F4695.7 X95.64 Y101.886 E373.61037
G1 F4252 X95.653 Y102.517 E373.63703
G1 F4821.4 X95.794 Y102.851 E373.65053
G1 F5400 X95.941 Y103.085 E373.65973
G1 X96.177 Y103.267 E373.66964
G1 X96.696 Y103.414 E373.68758
G1 X96.696 Y131.462 E374.62046
G1 X96.173 Y131.601 E374.63846
G1 X95.957 Y131.781 E374.64781
G1 F5320.2 X95.743 Y132.116 E374.66123
G1 F4821.4 X95.658 Y132.352 E374.67057
G1 F4277.2 X95.636 Y133.131 E374.7033
G1 F4285.7 X95.658 Y133.266 E374.70903
G1 F4898 X95.698 Y133.877 E374.73148
G1 F5400 X95.696 Y137.033 E374.83645
G1 X95.639 Y137.193 E374.8421
G1 X95.478 Y137.379 E374.85028
G1 X95.261 Y137.476 E374.85819
G1 X95.087 Y137.476 E374.86398
G1 F2400 E374.06398
G0 F15000 X95.522 Y137.646
G0 X92.897 Y137.636
G0 X92.905 Y134.721
G0 X92.935 Y134.897
G1 F2400 E374.86398
G1 F5400 X93.693 Y134.689 E374.89012
G1 X94.265 Y134.3 E374.91313
G1 X94.623 Y133.924 E374.93039
G1 X94.767 Y133.708 E374.93903
G1 F4898 X95.072 Y133.14 E374.96267
G1 F4285.7 X95.113 Y133.086 E374.96551
G1 F4243.6 X95.162 Y132.408 E374.99428
G1 F4778.8 X95.088 Y132.073 E375.00718
G1 F5320.2 X95.065 Y131.907 E375.01283
G1 F5400 X94.874 Y131.372 E375.03173
G1 X94.628 Y130.964 E375.04757
G1 X94.27 Y130.578 E375.06508
G1 X93.832 Y130.264 E375.08301
G1 X93.293 Y130.054 E375.10225
G1 X92.655 Y129.948 E375.12376
G1 X92.006 Y130.058 E375.14565
G1 X91.477 Y130.263 E375.16452
G1 X91.057 Y130.555 E375.18154
G1 X90.705 Y130.927 E375.19857
G1 X90.428 Y131.381 E375.21626
G1 X90.322 Y131.642 E375.22563
G1 F4768.2 X90.135 Y132.257 E375.24984
G1 F4462.8 X90.195 Y133.071 E375.28269
G1 F5011.6 X90.556 Y133.725 E375.30946
G1 F5400 X90.848 Y134.11 E375.32553
G1 X91.376 Y134.567 E375.34876
G1 X91.979 Y134.803 E375.37029
G1 X92.249 Y134.864 E375.3795
G1 X92.935 Y134.897 E375.40234
G1 F2400 E374.60234
G0 F15000 X92.897 Y134.641
G0 X93.92 Y133.925
G0 X94.285 Y133.538
G0 X94.551 Y132.96
G0 X94.609 Y132.437
G0 X94.564 Y132.018
G0 X94.428 Y131.618
G0 X94.21 Y131.257
G0 X93.975 Y131.009
G0 X92.655 Y130.133
G0 X92.932 Y104.717
G0 X92.941 Y104.896
G1 F2400 E375.40234
G1 F5400 X93.546 Y104.733 E375.42318
G1 X93.801 Y104.618 E375.43249
G1 X94.261 Y104.299 E375.45111
G1 X94.712 Y103.827 E375.47282
G1 X95.034 Y103.124 E375.49854
G1 F5373.1 X95.075 Y102.858 E375.50753
G1 F4736.8 X95.166 Y102.46 E375.52301
G1 F4202.3 X95.122 Y101.913 E375.54647
G1 F4695.7 X94.88 Y101.372 E375.56914
G1 F5400 X94.601 Y100.921 E375.58677
G1 X94.269 Y100.573 E375.60277
G1 X93.831 Y100.264 E375.6206
G1 F5000 X93.277 Y99.987 E375.64285
G1 F4444.4 X92.652 Y99.909 E375.6683
G1 F4153.8 X92.006 Y99.989 E375.69645
G1 F4186 X91.963 Y100.02 E375.69872
G1 F4810.7 X91.477 Y100.263 E375.71901
G1 F5400 X91.057 Y100.555 E375.73602
G1 X90.708 Y100.928 E375.75301
G1 X90.429 Y101.375 E375.77054
G1 X90.321 Y101.643 E375.78015
G1 F4768.2 X90.135 Y102.257 E375.80431
G1 F4462.8 X90.195 Y103.071 E375.83716
G1 F5011.6 X90.556 Y103.725 E375.86393
G1 F5400 X90.848 Y104.11 E375.88
G1 X91.376 Y104.567 E375.90323
G1 X91.974 Y104.803 E375.92461
G1 X92.25 Y104.864 E375.93401
G1 X92.941 Y104.896 E375.95702
G1 F2400 E375.15702
G0 F15000 X92.923 Y104.637
G0 X93.92 Y103.925
G0 X94.285 Y103.538
G0 X94.551 Y102.96
G0 X94.609 Y102.437
G0 X94.139 Y100.7
G0 X94.139 Y99.236
G0 X95.071 Y99.596
G1 F2400 E375.95702
G1 F5400 X95.497 Y100.022 E375.97706
G0 F15000 X95.498 Y100.589
G1 F5400 X94.505 Y99.596 E376.02377
G0 F15000 X93.94 Y99.597
G1 F5400 X95.499 Y101.156 E376.0971
G0 F15000 X95.057 Y101.28
G1 F5400 X95.435 Y101.657 E376.11485
G0 F15000 X95.96 Y101.657
G0 X95.861 Y102.524
G0 X94.936 Y102.436
G0 X95.341 Y102.695
G1 F5400 X95.65 Y103.004 E376.12939
G0 F15000 X95.238 Y103.158
G1 F5400 X96.496 Y104.416 E376.18856
G0 F15000 X96.496 Y104.981
G1 F5400 X95.06 Y103.545 E376.25611
G0 F15000 X94.882 Y103.933
G1 F5400 X96.496 Y105.547 E376.33202
G0 F15000 X96.496 Y106.113
G1 F5400 X94.608 Y104.225 E376.42083
G0 F15000 X94.323 Y104.505
G1 F5400 X96.496 Y106.678 E376.52304
G0 F15000 X96.496 Y107.244
G1 F5400 X93.988 Y104.736 E376.64101
G0 F15000 X93.609 Y104.923
G1 F5400 X96.496 Y107.81 E376.7768
G0 F15000 X96.496 Y108.375
G1 F5400 X93.167 Y105.046 E376.93339
G0 F15000 X92.636 Y105.081
G1 F5400 X96.496 Y108.941 E377.11495
G0 F15000 X96.496 Y109.507
G1 F5400 X92.002 Y105.013 E377.32634
G1 F2400 E376.52634
G0 F15000 X92.099 Y104.569
G0 X91.373 Y104.327
G0 X89.456 Y104.327
G0 X89.816 Y105.09
G1 F2400 E377.32634
G1 F5400 X96.496 Y111.77 E377.64054
G0 F15000 X96.496 Y112.335
G1 F5400 X89.816 Y105.655 E377.95475
G0 F15000 X89.816 Y106.221
G1 F5400 X96.496 Y112.901 E378.26896
G0 F15000 X96.496 Y113.467
G1 F5400 X89.816 Y106.787 E378.58316
G0 F15000 X89.816 Y107.352
G1 F5400 X96.496 Y114.032 E378.89737
G0 F15000 X96.496 Y114.598
G1 F5400 X89.816 Y107.918 E379.21158
G0 F15000 X89.816 Y108.484
G1 F5400 X96.496 Y115.164 E379.52578
G0 F15000 X96.496 Y115.729
G1 F5400 X89.816 Y109.049 E379.83999
G0 F15000 X89.816 Y109.615
G1 F5400 X96.496 Y116.295 E380.1542
G0 F15000 X96.496 Y116.861
G1 F5400 X89.816 Y110.181 E380.4684
G0 F15000 X89.816 Y110.746
G1 F5400 X96.496 Y117.426 E380.78261
G0 F15000 X96.496 Y117.992
G1 F5400 X89.816 Y111.312 E381.09682
G0 F15000 X89.816 Y111.878
G1 F5400 X96.496 Y118.558 E381.41102
G0 F15000 X96.496 Y119.123
G1 F5400 X89.816 Y112.443 E381.72523
G0 F15000 X89.816 Y113.009
G1 F5400 X96.496 Y119.689 E382.03944
G0 F15000 X96.496 Y120.255
G1 F5400 X89.816 Y113.575 E382.35364
G0 F15000 X89.816 Y114.14
G1 F5400 X96.496 Y120.821 E382.66787
G0 F15000 X96.496 Y121.386
G1 F5400 X89.816 Y114.706 E382.98208
G0 F15000 X89.816 Y115.272
G1 F5400 X96.496 Y121.952 E383.29629
G0 F15000 X96.496 Y122.518
G1 F5400 X89.816 Y115.838 E383.61049
G0 F15000 X89.816 Y116.403
G1 F5400 X96.496 Y123.083 E383.9247
G0 F15000 X96.496 Y123.649
G1 F5400 X89.816 Y116.969 E384.23891
G0 F15000 X89.816 Y117.535
G1 F5400 X96.496 Y124.215 E384.55311
G0 F15000 X96.496 Y124.78
G1 F5400 X89.816 Y118.1 E384.86732
G0 F15000 X89.816 Y118.666
G1 F5400 X96.496 Y125.346 E385.18153
G0 F15000 X96.496 Y125.912
G1 F5400 X89.816 Y119.232 E385.49573
G0 F15000 X89.816 Y119.797
G1 F5400 X96.496 Y126.477 E385.80994
G0 F15000 X96.496 Y127.043
G1 F5400 X89.816 Y120.363 E386.12415
G0 F15000 X89.816 Y120.929
G1 F5400 X96.496 Y127.609 E386.43835
G0 F15000 X96.496 Y128.174
G1 F5400 X89.816 Y121.494 E386.75256
G0 F15000 X89.816 Y122.06
G1 F5400 X96.496 Y128.74 E387.06677
G0 F15000 X96.496 Y129.306
G1 F5400 X89.816 Y122.626 E387.38098
G0 F15000 X89.816 Y123.191
G1 F5400 X96.496 Y129.871 E387.69518
G0 F15000 X96.496 Y130.437
G1 F5400 X89.816 Y123.757 E388.00939
G0 F15000 X89.816 Y124.323
G1 F5400 X96.496 Y131.003 E388.3236
G0 F15000 X96.285 Y131.358
G1 F5400 X89.816 Y124.888 E388.6279
G0 F15000 X89.816 Y125.454
G1 F5400 X95.912 Y131.55 E388.91464
G0 F15000 X95.662 Y131.866
G1 F5400 X95.017 Y131.221 E388.94498
G0 F15000 X95.299 Y132.068
G1 F5400 X95.462 Y132.232 E388.95267
G0 F15000 X95.311 Y133.212
G1 F5400 X95.425 Y133.326 E388.95803
G0 F15000 X95.093 Y133.56
G1 F5400 X95.498 Y133.965 E388.97708
G0 F15000 X95.498 Y134.531
G1 F5400 X94.875 Y133.907 E389.00641
G0 F15000 X94.618 Y134.216
G1 F5400 X95.498 Y135.096 E389.0478
G0 F15000 X95.498 Y135.661
G1 F5400 X94.335 Y134.499 E389.10248
G0 F15000 X93.999 Y134.728
G1 F5400 X95.497 Y136.226 E389.17294
G0 F15000 X95.497 Y136.792
G1 F5400 X93.62 Y134.915 E389.26123
G0 F15000 X93.177 Y135.038
G1 F5400 X95.354 Y137.215 E389.36363
G0 F15000 X94.849 Y137.276
G1 F5400 X92.661 Y135.087 E389.46657
G0 F15000 X92.025 Y135.017
G1 F5400 X94.283 Y137.276 E389.5728
G0 F15000 X93.718 Y137.276
G1 F5400 X89.875 Y133.432 E389.75359
G0 F15000 X89.816 Y133.939
G1 F5400 X93.152 Y137.276 E389.91053
G0 F15000 X92.586 Y137.276
G1 F5400 X89.816 Y134.505 E390.04084
G0 F15000 X89.816 Y135.071
G1 F5400 X92.021 Y137.276 E390.14456
G0 F15000 X91.455 Y137.276
G1 F5400 X89.816 Y135.637 E390.22165
G0 F15000 X89.816 Y136.202
G1 F5400 X90.889 Y137.276 E390.27215
G0 F15000 X90.324 Y137.276
G1 F5400 X89.816 Y136.768 E390.29604
G1 F2400 E389.49604
G0 F15000 X89.703 Y137.594
G0 X89.456 Y131.988
G0 X90.383 Y132.193
G0 X90.02 Y131.88
G1 F2400 E390.29604
G1 F5400 X89.831 Y131.692 E390.30491
G0 F15000 X90.176 Y131.471
G1 F5400 X89.816 Y131.111 E390.32184
G0 F15000 X90.368 Y131.098
G1 F5400 X89.816 Y130.545 E390.34783
G0 F15000 X89.816 Y129.98
G1 F5400 X90.592 Y130.756 E390.38433
G0 F15000 X90.865 Y130.463
G1 F5400 X89.816 Y129.414 E390.43367
G0 F15000 X89.816 Y128.848
G1 F5400 X91.188 Y130.22 E390.49821
G0 F15000 X91.548 Y130.015
G1 F5400 X89.816 Y128.283 E390.57967
G0 F15000 X89.816 Y127.717
G1 F5400 X91.962 Y129.863 E390.68062
G0 F15000 X92.446 Y129.781
G1 F5400 X89.816 Y127.151 E390.80432
G0 F15000 X89.816 Y126.586
G1 F5400 X93.04 Y129.81 E390.95597
G0 F15000 X93.844 Y130.048
G1 F5400 X89.816 Y126.02 E391.14544
G1 F2400 E390.34544
G0 F15000 X89.356 Y126.02
G0 X89.417 Y137.071
G0 X89.594 Y137.441
G0 X90.018 Y137.675
G0 X95.307 Y137.675
G0 X95.602 Y137.544
G0 X95.82 Y137.296
G0 X96.125 Y131.891
G0 X97.092 Y131.651
G0 X96.956 Y111.204
G0 X96.496 Y111.204
G1 F2400 E391.14544
G1 F5400 X89.816 Y104.524 E391.45964
G0 F15000 X89.816 Y103.958
G1 F5400 X96.496 Y110.638 E391.77385
G0 F15000 X96.496 Y110.072
G1 F5400 X89.873 Y103.449 E392.08537
G1 F2400 E391.28537
G0 F15000 X89.356 Y103.449
G0 X89.456 Y102.002
G0 X90.38 Y102.207
G0 X90.014 Y101.893
G1 F2400 E392.08537
G1 F5400 X89.835 Y101.714 E392.09379
G0 F15000 X90.17 Y101.484
G1 F5400 X89.817 Y101.13 E392.11042
G0 F15000 X90.362 Y101.11
G1 F5400 X89.816 Y100.564 E392.1361
G0 F15000 X89.816 Y99.998
G1 F5400 X90.585 Y100.768 E392.1723
G0 F15000 X90.856 Y100.473
G1 F5400 X90.01 Y99.626 E392.21212
G0 F15000 X90.545 Y99.596
G1 F5400 X91.176 Y100.227 E392.2418
G0 F15000 X91.521 Y100.006
G1 F5400 X91.111 Y99.596 E392.26108
G0 F15000 X91.753 Y99.673
G1 F5400 X91.867 Y99.786 E392.26642
G1 F2400 E391.46642
G0 F15000 X92.065 Y100.312
G0 X93.267 Y100.236
G0 X93.267 Y99.236
G0 X93.465 Y99.688
G1 F2400 E392.26642
G1 F5400 X93.768 Y99.991 E392.28067
G1 F2400 E391.48067
G0 F15000 X93.591 Y100.447
G0 X94.428 Y101.618
G0 X94.564 Y102.018
G0 X94.909 Y102.902
G0 X95.892 Y102.636
G0 X96.109 Y103.462
G1 F2400 E392.28067
G1 F5400 X96.496 Y103.85 E392.2989
G1 F2400 E391.4989
G0 F15000 X96.956 Y103.85
G0 X97.219 Y131.875
G0 X127.095 Y131.999
G0 X127.095 Y136.451
G0 X127.651 Y137.557
G0 X128.054 Y137.476
G1 F2400 E392.2989
G1 F5400 X127.914 Y137.428 E392.30382
G1 X127.737 Y137.297 E392.31114
G1 X127.616 Y137.036 E392.32071
G1 X127.617 Y133.895 E392.42518
G1 F4909.1 X127.655 Y133.285 E392.44754
G1 F4302.8 X127.678 Y133.142 E392.45359
G1 F4277.2 X127.654 Y132.391 E392.48514
G1 F4675.3 X127.602 Y132.188 E392.49319
G1 F5023.3 X127.424 Y131.852 E392.50679
G1 F5268.3 X127.12 Y131.591 E392.52045
G1 F5400 X126.616 Y131.463 E392.53774
G1 X126.616 Y103.409 E393.47082
G1 X127.116 Y103.281 E393.48799
G1 X127.337 Y103.109 E393.4973
G1 X127.515 Y102.859 E393.50751
G1 F4832.2 X127.659 Y102.502 E393.52182
G1 F4390.2 X127.658 Y102.186 E393.53474
G1 F4853.9 X127.614 Y101.596 E393.55664
G1 F5400 X127.616 Y99.878 E393.61378
G1 X127.652 Y99.714 E393.61936
G1 X127.783 Y99.524 E393.62704
G1 X128.01 Y99.396 E393.63571
G1 X129.364 Y99.396 E393.68074
G1 F4810.7 X129.857 Y99.444 E393.69923
G1 F4186 X129.961 Y99.462 E393.70376
G1 F4268.8 X130.652 Y99.435 E393.73286
G1 F4285.7 X131.343 Y99.462 E393.76184
G1 F4210.5 X131.451 Y99.443 E393.76651
G1 F4821.4 X131.944 Y99.396 E393.78496
G1 F5400 X133.204 Y99.396 E393.82687
G1 X133.356 Y99.426 E393.83202
G1 X133.526 Y99.524 E393.83855
G1 X133.665 Y99.719 E393.84651
G1 X133.696 Y99.862 E393.85138
G1 X133.696 Y101.282 E393.89861
G1 F4716.2 X133.638 Y101.886 E393.92172
G1 F4285.7 X133.651 Y102.385 E393.94264
G1 F4252 X133.634 Y103.13 E393.97411
G1 F4294.2 X133.656 Y103.266 E393.97988
G1 F4909.1 X133.696 Y103.876 E394.00224
G1 F5400 X133.696 Y131.282 E394.91377
G1 F4716.2 X133.638 Y131.886 E394.93688
G1 F4285.7 X133.651 Y132.385 E394.9578
G1 F4252 X133.634 Y133.13 E394.98927
G1 F4294.2 X133.656 Y133.266 E394.99504
G1 F4909.1 X133.696 Y133.876 E395.0174
G1 F5400 X133.696 Y136.993 E395.12107
G1 X133.622 Y137.225 E395.12917
G1 X133.413 Y137.422 E395.13873
G1 X133.144 Y137.476 E395.14785
G1 X128.054 Y137.476 E395.31715
G1 F2400 E394.51715
G0 F15000 X127.651 Y137.557
G0 X130.897 Y137.636
G0 X130.905 Y134.721
G0 X130.935 Y134.897
G1 F2400 E395.31715
G1 F5400 X131.693 Y134.689 E395.34329
G1 X132.233 Y134.326 E395.36493
G1 X132.623 Y133.923 E395.38358
G1 X132.767 Y133.707 E395.39222
G1 F4909.1 X133.071 Y133.14 E395.41575
G1 F4294.2 X133.112 Y133.085 E395.41862
G1 F4252 X133.161 Y132.462 E395.44502
G1 F4557 X133.123 Y131.933 E395.46592
G1 F5035 X132.879 Y131.371 E395.48778
G1 F5400 X132.627 Y130.959 E395.50384
G1 X132.265 Y130.573 E395.52144
G1 X131.827 Y130.263 E395.53929
G1 X131.29 Y130.054 E395.55846
G1 X130.661 Y129.948 E395.57967
G1 X130.006 Y130.058 E395.60176
G1 X129.523 Y130.241 E395.61894
G1 X129.035 Y130.577 E395.63865
G1 X128.707 Y130.921 E395.65446
G1 X128.347 Y131.52 E395.6777
G1 F5373.1 X128.227 Y132.05 E395.69587
G1 F4864.9 X128.135 Y132.33 E395.70675
G1 F4557 X128.195 Y133.075 E395.7362
G1 F5011.6 X128.556 Y133.725 E395.76285
G1 F5400 X128.848 Y134.11 E395.77892
G1 X129.376 Y134.567 E395.80215
G1 X129.979 Y134.803 E395.82368
G1 X130.249 Y134.864 E395.83289
G1 X130.935 Y134.897 E395.85573
G1 F2400 E395.05573
G0 F15000 X130.897 Y134.641
G0 X131.92 Y133.925
G0 X132.285 Y133.538
G0 X132.551 Y132.96
G0 X132.609 Y132.437
G0 X132.564 Y132.018
G0 X132.428 Y131.618
G0 X132.21 Y131.257
G0 X131.975 Y131.009
G0 X130.659 Y130.133
G0 X130.785 Y104.717
G0 X130.935 Y104.898
G1 F2400 E395.85573
G1 F5400 X131.542 Y104.733 E395.87666
G1 X131.805 Y104.614 E395.88626
G1 X132.234 Y104.321 E395.90354
G1 X132.6 Y103.952 E395.92082
G1 X132.767 Y103.707 E395.93068
G1 F4909.1 X133.071 Y103.14 E395.95422
G1 F4294.2 X133.112 Y103.085 E395.95709
G1 F4252 X133.161 Y102.462 E395.98349
G1 F4557 X133.123 Y101.933 E396.00439
G1 F5035 X132.88 Y101.372 E396.0262
G1 F5400 X132.628 Y100.956 E396.04238
G1 X132.269 Y100.573 E396.05984
G1 X131.831 Y100.264 E396.07766
G1 F5000 X131.277 Y99.987 E396.09991
G1 F4444.4 X130.652 Y99.909 E396.12537
G1 F4153.8 X130.006 Y99.989 E396.15351
G1 F4186 X129.963 Y100.02 E396.15579
G1 F4810.7 X129.477 Y100.263 E396.17607
G1 F5400 X129.057 Y100.555 E396.19309
G1 X128.708 Y100.928 E396.21008
G1 X128.429 Y101.375 E396.2276
G1 X128.321 Y101.643 E396.23721
G1 F4853.9 X128.141 Y102.239 E396.26025
G1 F4390.2 X128.152 Y102.495 E396.27073
G1 F4778.8 X128.231 Y102.844 E396.28418
G1 F5346.5 X128.274 Y103.133 E396.29399
G1 F5400 X128.538 Y103.697 E396.31471
G1 X128.874 Y104.137 E396.33312
G1 X129.258 Y104.465 E396.34992
G1 X129.493 Y104.608 E396.35907
G1 X130.12 Y104.863 E396.38158
G1 X130.935 Y104.898 E396.40871
G1 F2400 E395.60871
G0 F15000 X130.905 Y104.622
G0 X131.92 Y103.925
G0 X132.285 Y103.538
G0 X132.551 Y102.96
G0 X132.609 Y102.437
G0 X132.139 Y100.7
G0 X132.139 Y99.236
G0 X132.972 Y99.597
G1 F2400 E396.40871
G1 F5400 X133.496 Y100.121 E396.43336
G0 F15000 X133.496 Y100.686
G1 F5400 X132.406 Y99.597 E396.48461
G0 F15000 X131.858 Y99.614
G1 F5400 X133.496 Y101.252 E396.56165
G0 F15000 X133.169 Y101.491
G1 F5400 X133.42 Y101.741 E396.57344
G1 F2400 E395.77344
G0 F15000 X133.956 Y101.741
G0 X133.856 Y103.062
G0 X132.883 Y102.961
G0 X133.264 Y103.283
G1 F2400 E396.57344
G1 F5400 X133.442 Y103.46 E396.58178
G0 F15000 X133.048 Y103.632
G1 F5400 X133.496 Y104.08 E396.60286
G0 F15000 X133.496 Y104.646
G1 F5400 X132.824 Y103.974 E396.63447
G0 F15000 X132.561 Y104.277
G1 F5400 X133.496 Y105.212 E396.67845
G0 F15000 X133.496 Y105.778
G1 F5400 X132.263 Y104.544 E396.73647
G0 F15000 X131.926 Y104.773
G1 F5400 X133.496 Y106.343 E396.81031
G0 F15000 X133.496 Y106.909
G1 F5400 X131.531 Y104.944 E396.90274
G0 F15000 X131.083 Y105.062
G1 F5400 X133.496 Y107.475 E397.01624
G0 F15000 X133.496 Y108.04
G1 F5400 X130.538 Y105.082 E397.15538
G0 F15000 X129.868 Y104.978
G1 F5400 X133.496 Y108.606 E397.32603
G0 F15000 X133.496 Y109.172
G1 F5400 X127.515 Y103.191 E397.60735
G0 F15000 X127.217 Y103.458
G1 F5400 X133.496 Y109.737 E397.9027
G0 F15000 X133.496 Y110.303
G1 F5400 X126.816 Y103.623 E398.21691
G0 F15000 X126.816 Y104.189
G1 F5400 X133.496 Y110.869 E398.53111
G0 F15000 X133.496 Y111.434
G1 F5400 X126.816 Y104.754 E398.84532
G0 F15000 X126.816 Y105.32
G1 F5400 X133.496 Y112 E399.15953
G0 F15000 X133.496 Y112.566
G1 F5400 X126.816 Y105.886 E399.47373
G0 F15000 X126.816 Y106.451
G1 F5400 X133.496 Y113.131 E399.78794
G0 F15000 X133.496 Y113.697
G1 F5400 X126.816 Y107.017 E400.10215
G0 F15000 X126.816 Y107.583
G1 F5400 X133.496 Y114.263 E400.41635
G0 F15000 X133.496 Y114.828
G1 F5400 X126.816 Y108.148 E400.73056
G0 F15000 X126.816 Y108.714
G1 F5400 X133.496 Y115.394 E401.04477
G0 F15000 X133.496 Y115.96
G1 F5400 X126.816 Y109.28 E401.35897
G0 F15000 X126.816 Y109.846
G1 F5400 X133.496 Y116.526 E401.67318
G0 F15000 X133.496 Y117.091
G1 F5400 X126.816 Y110.411 E401.98739
G0 F15000 X126.816 Y110.977
G1 F5400 X133.496 Y117.657 E402.30159
G0 F15000 X133.496 Y118.223
G1 F5400 X126.816 Y111.543 E402.6158
G0 F15000 X126.816 Y112.108
G1 F5400 X133.496 Y118.788 E402.93001
G0 F15000 X133.496 Y119.354
G1 F5400 X126.816 Y112.674 E403.24421
G0 F15000 X126.816 Y113.24
G1 F5400 X133.496 Y119.92 E403.55842
G0 F15000 X133.496 Y120.485
G1 F5400 X126.816 Y113.805 E403.87263
G0 F15000 X126.816 Y114.371
G1 F5400 X133.496 Y121.051 E404.18683
G0 F15000 X133.496 Y121.617
G1 F5400 X126.816 Y114.937 E404.50104
G0 F15000 X126.816 Y115.502
G1 F5400 X133.496 Y122.182 E404.81525
G0 F15000 X133.496 Y122.748
G1 F5400 X126.816 Y116.068 E405.12945
G0 F15000 X126.816 Y116.634
G1 F5400 X133.496 Y123.314 E405.44366
G0 F15000 X133.496 Y123.879
G1 F5400 X126.816 Y117.199 E405.75787
G0 F15000 X126.816 Y117.765
G1 F5400 X133.496 Y124.445 E406.07207
G0 F15000 X133.496 Y125.011
G1 F5400 X126.816 Y118.331 E406.38628
G0 F15000 X126.816 Y118.896
G1 F5400 X133.496 Y125.577 E406.70051
G0 F15000 X133.496 Y126.142
G1 F5400 X126.816 Y119.462 E407.01472
G0 F15000 X126.816 Y120.028
G1 F5400 X133.496 Y126.708 E407.32892
G0 F15000 X133.496 Y127.274
G1 F5400 X126.816 Y120.594 E407.64313
G0 F15000 X126.816 Y121.159
G1 F5400 X133.496 Y127.839 E407.95734
G0 F15000 X133.496 Y128.405
G1 F5400 X126.816 Y121.725 E408.27154
G0 F15000 X126.816 Y122.291
G1 F5400 X133.496 Y128.971 E408.58575
G0 F15000 X133.496 Y129.536
G1 F5400 X126.816 Y122.856 E408.89996
G0 F15000 X126.816 Y123.422
G1 F5400 X133.496 Y130.102 E409.21416
G0 F15000 X133.496 Y130.668
G1 F5400 X126.816 Y123.988 E409.52837
G0 F15000 X126.816 Y124.553
G1 F5400 X133.496 Y131.233 E409.84258
G0 F15000 X133.147 Y131.45
G1 F5400 X133.422 Y131.725 E409.85551
G1 F2400 E409.05551
G0 F15000 X133.956 Y131.725
G0 X133.856 Y133.049
G0 X132.885 Y132.948
G0 X133.271 Y133.271
G1 F2400 E409.85551
G1 F5400 X133.438 Y133.438 E409.86337
G0 F15000 X133.056 Y133.621
G1 F5400 X133.496 Y134.062 E409.88409
G0 F15000 X133.496 Y134.627
G1 F5400 X132.832 Y133.964 E409.9153
G0 F15000 X132.571 Y134.268
G1 F5400 X133.496 Y135.193 E409.95881
G0 F15000 X133.496 Y135.759
G1 F5400 X132.276 Y134.539 E410.01619
G0 F15000 X131.94 Y134.769
G1 F5400 X133.496 Y136.325 E410.08938
G0 F15000 X133.496 Y136.89
G1 F5400 X131.543 Y134.937 E410.18124
G0 F15000 X131.099 Y135.059
G1 F5400 X133.284 Y137.244 E410.28402
G0 F15000 X132.751 Y137.276
G1 F5400 X130.556 Y135.081 E410.38727
G0 F15000 X129.893 Y134.984
G1 F5400 X132.185 Y137.276 E410.49507
G0 F15000 X131.619 Y137.276
G1 F5400 X127.864 Y133.521 E410.6717
G0 F15000 X127.816 Y134.038
G1 F5400 X131.054 Y137.276 E410.824
G0 F15000 X130.488 Y137.276
G1 F5400 X127.816 Y134.604 E410.94969
G0 F15000 X127.816 Y135.17
G1 F5400 X129.922 Y137.276 E411.04875
G0 F15000 X129.357 Y137.276
G1 F5400 X127.816 Y135.736 E411.12121
G0 F15000 X127.816 Y136.301
G1 F5400 X128.791 Y137.276 E411.16707
G0 F15000 X128.225 Y137.276
G1 F5400 X127.816 Y136.867 E411.18631
G1 F2400 E410.38631
G0 F15000 X127.703 Y137.594
G0 X127.492 Y137.299
G0 X127.417 Y132.438
G0 X128.357 Y132.306
G0 X128.034 Y131.994
G1 F2400 E411.18631
G1 F5400 X126.816 Y130.776 E411.2436
G0 F15000 X126.816 Y130.21
G1 F5400 X128.14 Y131.534 E411.30587
G0 F15000 X128.329 Y131.158
G1 F5400 X126.816 Y129.644 E411.37706
G0 F15000 X126.816 Y129.079
G1 F5400 X128.542 Y130.805 E411.45825
G0 F15000 X128.818 Y130.515
G1 F5400 X126.816 Y128.513 E411.55242
G0 F15000 X126.816 Y127.947
G1 F5400 X129.131 Y130.263 E411.66133
G0 F15000 X129.478 Y130.044
G1 F5400 X126.816 Y127.382 E411.78654
G0 F15000 X126.816 Y126.816
G1 F5400 X129.886 Y129.886 E411.93095
G0 F15000 X130.361 Y129.796
G1 F5400 X126.816 Y126.25 E412.09772
G0 F15000 X126.816 Y125.685
G1 F5400 X130.921 Y129.789 E412.29078
G0 F15000 X131.685 Y129.988
G1 F5400 X126.816 Y125.119 E412.5198
G1 F2400 E411.7198
G0 F15000 X126.356 Y125.119
G0 X126.456 Y103.436
G0 X128.436 Y103.055
G0 X128.09 Y103.199
G1 F2400 E412.5198
G1 F5400 X127.74 Y102.85 E412.53624
G0 F15000 X127.987 Y101.966
G1 F5400 X127.848 Y101.826 E412.5428
G0 F15000 X128.143 Y101.555
G1 F5400 X127.814 Y101.227 E412.55826
G0 F15000 X128.325 Y101.172
G1 F5400 X127.815 Y100.662 E412.58224
G0 F15000 X127.816 Y100.097
G1 F5400 X128.538 Y100.819 E412.6162
G0 F15000 X128.809 Y100.525
G1 F5400 X127.946 Y99.662 E412.6568
G0 F15000 X128.446 Y99.596
G1 F5400 X129.118 Y100.268 E412.68841
G0 F15000 X129.461 Y100.045
G1 F5400 X129.012 Y99.596 E412.70953
G0 F15000 X129.63 Y99.648
G1 F5400 X129.806 Y99.825 E412.71783
G1 F2400 E411.91783
G0 F15000 X130.003 Y100.337
G0 X131.207 Y100.206
G0 X131.207 Y99.236
G0 X131.39 Y99.712
G1 F2400 E412.71783
G1 F5400 X131.509 Y99.831 E412.72343
G1 F2400 E411.92343
;MESH:NONMESH
G0 F300 X131.509 Y99.831 Z1.6
G0 F15000 X131.312 Y100.339
G0 X130.36 Y100.515
G0 X128.837 Y101.055
G0 X94.563 Y103.73
G0 X92.905 Y104.536
;TIME_ELAPSED:510.641630
;LAYER:7
;TYPE:WALL-INNER
;MESH:Camera mount.stl(1)
G1 F2400 E412.72343
G1 F5400 X92.205 Y104.508 E412.74673
G1 X91.566 Y104.254 E412.7696
G1 X91.124 Y103.878 E412.7889
G1 X90.856 Y103.526 E412.80361
G1 X90.614 Y103.008 E412.82263
G1 X90.543 Y102.303 E412.8462
G1 X90.688 Y101.651 E412.86841
G1 X90.984 Y101.162 E412.88742
G1 X91.292 Y100.831 E412.90246
G1 X91.767 Y100.51 E412.92153
G1 X92.446 Y100.329 E412.9449
G1 X93.107 Y100.365 E412.96692
G1 X93.643 Y100.578 E412.9861
G1 X94.02 Y100.837 E413.00131
G1 X94.325 Y101.157 E413.01602
G1 X94.564 Y101.55 E413.03132
G1 X94.711 Y101.984 E413.04656
G1 X94.756 Y102.436 E413.06166
G1 X94.698 Y102.999 E413.08049
G1 X94.411 Y103.628 E413.10348
G1 X94.014 Y104.04 E413.12251
G1 X93.549 Y104.36 E413.14129
G1 X92.905 Y104.536 E413.16349
G1 F2400 E412.36349
G0 F15000 X92.551 Y130.152
G0 X92.884 Y134.54
G1 F2400 E413.16349
G1 F5400 X92.204 Y134.507 E413.18614
G1 X91.566 Y134.254 E413.20896
G1 X91.124 Y133.878 E413.22827
G1 X90.856 Y133.526 E413.24298
G1 X90.614 Y133.008 E413.262
G1 X90.543 Y132.303 E413.28556
G1 X90.688 Y131.651 E413.30778
G1 X90.983 Y131.163 E413.32674
G1 X91.287 Y130.836 E413.3416
G1 X91.765 Y130.512 E413.3608
G1 X92.444 Y130.326 E413.38422
G1 X93.136 Y130.375 E413.40729
G1 X93.644 Y130.578 E413.42549
G1 X94.02 Y130.837 E413.44067
G1 X94.329 Y131.162 E413.45559
G1 X94.558 Y131.545 E413.47043
G1 X94.711 Y131.981 E413.4858
G1 X94.756 Y132.436 E413.501
G1 X94.698 Y132.997 E413.51976
G1 X94.411 Y133.629 E413.54285
G1 X94.018 Y134.038 E413.56171
G1 X93.563 Y134.351 E413.58008
G1 X92.884 Y134.54 E413.60353
G1 F2400 E412.80353
G0 F15000 X93.626 Y134.526
G0 X93.626 Y137.636
G0 X95.087 Y137.836
G1 F2400 E413.60353
G1 F5400 X95.176 Y137.836 E413.60649
G1 X95.55 Y137.76 E413.61918
G1 X95.835 Y137.548 E413.63099
G1 X95.967 Y137.37 E413.63836
G1 X96.056 Y137.096 E413.64795
G1 X96.059 Y132.369 E413.80517
G1 X96.095 Y132.222 E413.8102
G1 X96.236 Y132.007 E413.81875
G1 X96.358 Y131.914 E413.82385
G1 X96.656 Y131.836 E413.8341
G1 X97.456 Y131.836 E413.86071
G1 X97.056 Y131.436 E413.87952
G1 X97.056 Y103.436 E414.81081
G1 X97.393 Y103.035 E414.82823
G1 X96.656 Y103.036 E414.85274
G1 X96.359 Y102.958 E414.86295
G1 X96.212 Y102.841 E414.8692
G1 X96.108 Y102.682 E414.87552
G1 X96.059 Y102.502 E414.88173
G1 X96.056 Y99.827 E414.9707
G1 X96.004 Y99.582 E414.97903
G1 X95.772 Y99.254 E414.99239
G1 X95.47 Y99.082 E415.00395
G1 X95.249 Y99.036 E415.01146
G1 X90.047 Y99.036 E415.18448
G1 X89.851 Y99.078 E415.19114
G1 X89.54 Y99.254 E415.20303
G1 X89.312 Y99.576 E415.21615
G1 X89.256 Y99.843 E415.22523
G1 X89.257 Y137.097 E416.4643
G1 X89.346 Y137.372 E416.47391
G1 X89.473 Y137.548 E416.48113
G1 X89.762 Y137.76 E416.49305
G1 X90.105 Y137.836 E416.50474
G1 X95.087 Y137.836 E416.67044
G1 F2400 E415.87044
G0 F15000 X95.522 Y137.646
G0 X96.207 Y137.124
G0 X96.219 Y131.999
G0 X127.095 Y131.999
G0 X127.397 Y137.701
G0 X127.955 Y137.702
G0 X128.105 Y137.836
G1 F2400 E416.67044
G1 F5400 X133.176 Y137.836 E416.8391
G1 X133.55 Y137.76 E416.85179
G1 X133.84 Y137.547 E416.86376
G1 X134.013 Y137.242 E416.87542
G1 X134.056 Y137.041 E416.88226
G1 X134.056 Y99.827 E418.12
G1 X134.004 Y99.582 E418.12833
G1 X133.772 Y99.254 E418.1417
G1 X133.47 Y99.082 E418.15326
G1 X133.249 Y99.036 E418.16076
G1 X128.047 Y99.036 E418.33378
G1 X127.691 Y99.147 E418.34619
G1 X127.421 Y99.388 E418.35822
G1 X127.312 Y99.577 E418.36548
G1 X127.256 Y99.843 E418.37452
G1 X127.255 Y102.478 E418.46216
G1 X127.204 Y102.683 E418.46919
G1 X127.094 Y102.848 E418.47578
G1 X126.953 Y102.958 E418.48173
G1 X126.656 Y103.036 E418.49194
G1 X125.856 Y103.036 E418.51855
G1 X126.256 Y103.436 E418.53737
G1 X126.256 Y131.436 E419.46865
G1 X125.919 Y131.837 E419.48607
G1 X126.656 Y131.836 E419.51059
G1 X126.954 Y131.914 E419.52083
G1 X127.138 Y132.078 E419.52903
G1 X127.256 Y132.315 E419.53783
G1 X127.257 Y137.097 E419.69688
G1 X127.346 Y137.372 E419.7065
G1 X127.473 Y137.548 E419.71372
G1 X127.762 Y137.76 E419.72564
G1 X128.105 Y137.836 E419.73732
G1 F2400 E418.93732
G0 F15000 X127.955 Y137.702
G0 X130.884 Y137.636
G0 X130.905 Y134.721
G0 X130.884 Y134.54
G1 F2400 E419.73732
G1 F5400 X130.204 Y134.507 E419.75997
G1 X129.566 Y134.254 E419.78279
G1 X129.124 Y133.878 E419.80209
G1 X128.856 Y133.526 E419.81681
G1 X128.615 Y133.009 E419.83578
G1 X128.541 Y132.314 E419.85903
G1 X128.682 Y131.675 E419.88079
G1 X128.981 Y131.165 E419.90046
G1 X129.285 Y130.839 E419.91528
G1 X129.668 Y130.574 E419.93077
G1 X130.092 Y130.41 E419.94589
G1 X130.659 Y130.315 E419.96501
G1 X131.216 Y130.41 E419.98381
G1 X131.64 Y130.574 E419.99893
G1 X132.019 Y130.836 E420.01425
G1 X132.325 Y131.157 E420.029
G1 X132.564 Y131.55 E420.0443
G1 X132.711 Y131.984 E420.05954
G1 X132.756 Y132.436 E420.07465
G1 X132.698 Y132.997 E420.09341
G1 X132.411 Y133.629 E420.11649
G1 X132.018 Y134.038 E420.13536
G1 X131.563 Y134.351 E420.15373
G1 X130.884 Y134.54 E420.17717
G1 F2400 E419.37717
G0 F15000 X131.92 Y133.925
G0 X132.285 Y133.538
G0 X132.551 Y132.96
G0 X132.609 Y132.437
G0 X132.564 Y132.018
G0 X132.428 Y131.618
G0 X132.21 Y131.257
G0 X131.975 Y131.009
G0 X130.659 Y130.133
G0 X130.785 Y104.717
G0 X130.889 Y104.541
G1 F2400 E420.17717
G1 F5400 X130.202 Y104.507 E420.20005
G1 X129.566 Y104.254 E420.22281
G1 X129.122 Y103.877 E420.24219
G1 X128.844 Y103.499 E420.25779
G1 X128.613 Y103.006 E420.2759
G1 X128.543 Y102.303 E420.2994
G1 X128.688 Y101.651 E420.32161
G1 X128.984 Y101.162 E420.34062
G1 X129.285 Y100.839 E420.35531
G1 X129.668 Y100.574 E420.3708
G1 X130.095 Y100.409 E420.38603
G1 X130.657 Y100.315 E420.40498
G1 X131.216 Y100.41 E420.42384
G1 X131.64 Y100.574 E420.43896
G1 X132.019 Y100.836 E420.45428
G1 X132.325 Y101.157 E420.46903
G1 X132.564 Y101.55 E420.48433
G1 X132.711 Y101.984 E420.49957
G1 X132.756 Y102.436 E420.51468
G1 X132.698 Y102.997 E420.53344
G1 X132.41 Y103.629 E420.55654
G1 X132.017 Y104.038 E420.5754
G1 X131.549 Y104.36 E420.5943
G1 X130.889 Y104.541 E420.61706
G0 F15000 X130.845 Y104.138
;TYPE:WALL-OUTER
G1 F5400 X130.291 Y104.108 E420.63551
G1 X129.774 Y103.906 E420.65397
G1 X129.404 Y103.586 E420.67024
G1 X129.19 Y103.297 E420.6822
G1 X129.008 Y102.9 E420.69673
G1 X128.945 Y102.339 E420.71551
G1 X129.063 Y101.803 E420.73376
G1 X129.317 Y101.391 E420.74986
G1 X129.533 Y101.159 E420.7604
G1 X129.879 Y100.921 E420.77437
G1 X130.218 Y100.794 E420.78641
G1 X130.657 Y100.72 E420.80122
G1 X131.129 Y100.805 E420.81717
G1 X131.47 Y100.943 E420.8294
G1 X131.774 Y101.158 E420.84179
G1 X131.994 Y101.39 E420.85242
G1 X132.206 Y101.739 E420.866
G1 X132.319 Y102.089 E420.87824
G1 X132.356 Y102.436 E420.88984
G1 X132.31 Y102.871 E420.90439
G1 X132.075 Y103.4 E420.92364
G1 X131.738 Y103.745 E420.93969
G1 X131.379 Y103.992 E420.95418
G1 X130.845 Y104.138 E420.97259
G1 F2400 E420.17259
G0 F15000 X130.829 Y104.449
G0 X130.785 Y104.717
G0 X130.659 Y130.133
G0 X130.859 Y134.134
G1 F2400 E420.97259
G1 F5400 X130.29 Y134.111 E420.99153
G1 X129.774 Y133.906 E421.01
G1 X129.404 Y133.586 E421.02627
G1 X129.212 Y133.334 E421.03681
G1 X129.004 Y132.9 E421.05281
G1 X128.945 Y132.339 E421.07158
G1 X129.063 Y131.803 E421.08983
G1 X129.317 Y131.391 E421.10593
G1 X129.533 Y131.159 E421.11647
G1 X129.879 Y130.921 E421.13044
G1 X130.218 Y130.794 E421.14248
G1 X130.66 Y130.721 E421.15738
G1 X131.129 Y130.805 E421.17323
G1 X131.47 Y130.943 E421.18546
G1 X131.774 Y131.158 E421.19785
G1 X131.994 Y131.39 E421.20848
G1 X132.206 Y131.739 E421.22206
G1 X132.319 Y132.089 E421.23429
G1 X132.356 Y132.436 E421.2459
G1 X132.31 Y132.871 E421.26045
G1 X132.075 Y133.4 E421.2797
G1 X131.738 Y133.745 E421.29574
G1 X131.371 Y133.992 E421.31046
G1 X130.859 Y134.134 E421.32813
G1 F2400 E420.52813
G0 F15000 X130.942 Y134.435
G0 X130.236 Y134.359
G0 X128.701 Y133.62
G0 X127.087 Y133.62
G0 X111.433 Y132.185
G1 F2400 E421.32813
G1 F4285.7 X125.743 Y132.184 E421.92783
G1 F4518.8 X126.74 Y132.241 E421.96752
G1 F5070.4 X126.856 Y132.395 E421.97435
G1 F5400 X126.857 Y137.16 E422.13283
G1 X126.985 Y137.556 E422.14668
G1 X127.174 Y137.817 E422.15739
G1 X127.375 Y137.997 E422.16637
G1 X127.598 Y138.128 E422.17497
G1 X127.938 Y138.236 E422.18684
G1 X133.197 Y138.236 E422.36175
G1 X133.466 Y138.207 E422.37075
G1 X133.714 Y138.128 E422.37941
G1 X133.937 Y137.997 E422.38801
G1 X134.138 Y137.817 E422.39698
G1 X134.285 Y137.615 E422.40529
G1 X134.396 Y137.366 E422.41436
G1 X134.456 Y137.083 E422.42398
G1 X134.456 Y99.785 E423.66452
G1 X134.382 Y99.437 E423.67635
G1 X134.217 Y99.15 E423.68736
G1 X134.041 Y98.954 E423.69612
G1 X133.836 Y98.807 E423.70451
G1 X133.594 Y98.7 E423.71331
G1 X133.291 Y98.636 E423.72361
G1 X128.005 Y98.636 E423.89943
G1 X127.722 Y98.696 E423.90905
G1 X127.489 Y98.799 E423.91752
G1 X127.267 Y98.962 E423.92668
G1 X127.095 Y99.151 E423.93518
G1 X126.934 Y99.433 E423.94598
G1 X126.856 Y99.801 E423.95849
G1 X126.856 Y102.501 E424.0483
G1 F5082.4 X126.735 Y102.632 E424.0546
G1 F4547.4 X125.656 Y102.686 E424.09727
G1 F4302.8 X97.569 Y102.688 E425.26966
G1 F4518.8 X96.577 Y102.631 E425.30915
G1 F5070.4 X96.456 Y102.499 E425.3155
G1 F5400 X96.456 Y99.785 E425.40576
G1 X96.382 Y99.437 E425.4176
G1 X96.217 Y99.15 E425.42861
G1 X96.041 Y98.954 E425.43737
G1 X95.836 Y98.807 E425.44576
G1 X95.594 Y98.7 E425.45456
G1 X95.291 Y98.636 E425.46486
G1 X90.005 Y98.636 E425.64067
G1 X89.727 Y98.696 E425.65013
G1 X89.476 Y98.807 E425.65926
G1 X89.271 Y98.954 E425.66765
G1 X89.096 Y99.15 E425.67639
G1 X88.934 Y99.432 E425.68721
G1 X88.856 Y99.801 E425.69975
G1 X88.857 Y137.16 E426.94232
G1 X88.985 Y137.556 E426.95616
G1 X89.174 Y137.817 E426.96688
G1 X89.375 Y137.997 E426.97585
G1 X89.598 Y138.128 E426.98445
G1 X89.938 Y138.236 E426.99632
G1 X95.197 Y138.236 E427.17123
G1 X95.466 Y138.207 E427.18023
G1 X95.714 Y138.128 E427.18889
G1 X95.936 Y137.998 E427.19745
G1 X96.134 Y137.817 E427.20637
G1 X96.327 Y137.555 E427.21719
G1 X96.456 Y137.16 E427.23101
G1 X96.457 Y132.413 E427.3889
G1 F5082.4 X96.58 Y132.24 E427.3964
G1 F4547.4 X97.656 Y132.186 E427.43895
G1 F4311.4 X111.433 Y132.185 E428.01288
G0 F15000 X111.441 Y131.686
G1 F4320 X97.656 Y131.686 E428.58599
G1 F4800 X97.456 Y131.436 E428.59797
G1 F5400 X97.456 Y103.436 E429.52925
G1 F4778.8 X97.612 Y103.187 E429.5403
G1 F4302.8 X125.656 Y103.186 E430.7109
G1 F4800 X125.856 Y103.436 E430.72288
G1 F5400 X125.856 Y131.436 E431.65416
G1 F4778.8 X125.7 Y131.685 E431.6652
G1 F4294.2 X111.441 Y131.686 E432.26158
G1 F2400 E431.46158
G0 F15000 X111.441 Y131.947
G0 X96.219 Y131.999
G0 X95.878 Y134.44
G0 X94.133 Y134.178
G0 X92.859 Y134.134
G1 F2400 E432.26158
G1 F5400 X92.29 Y134.111 E432.28052
G1 X91.774 Y133.906 E432.29899
G1 X91.404 Y133.586 E432.31526
G1 X91.212 Y133.334 E432.32579
G1 X91.004 Y132.9 E432.3418
G1 X90.945 Y132.338 E432.3606
G1 X91.063 Y131.803 E432.37882
G1 X91.317 Y131.391 E432.39492
G1 X91.571 Y131.126 E432.40713
G1 X91.933 Y130.88 E432.42168
G1 X92.484 Y130.73 E432.44068
G1 X93.022 Y130.764 E432.45861
G1 X93.474 Y130.947 E432.47482
G1 X93.774 Y131.158 E432.48702
G1 X93.994 Y131.39 E432.49766
G1 X94.197 Y131.717 E432.51046
G1 X94.319 Y132.089 E432.52348
G1 X94.356 Y132.436 E432.53509
G1 X94.31 Y132.871 E432.54964
G1 X94.075 Y133.4 E432.56889
G1 X93.738 Y133.745 E432.58493
G1 X93.371 Y133.992 E432.59964
G1 X92.859 Y134.134 E432.61731
G1 F2400 E431.81731
G0 F15000 X92.942 Y134.435
G0 X93.484 Y134.221
G0 X93.92 Y133.925
G0 X94.285 Y133.538
G0 X94.551 Y132.96
G0 X94.609 Y132.437
G0 X94.564 Y132.018
G0 X94.428 Y131.618
G0 X94.21 Y131.257
G0 X93.949 Y130.981
G0 X92.551 Y130.152
G0 X92.932 Y104.717
G0 X92.839 Y104.136
G1 F2400 E432.61731
G1 F5400 X92.288 Y104.11 E432.63566
G1 X91.774 Y103.906 E432.65405
G1 X91.404 Y103.586 E432.67032
G1 X91.212 Y103.334 E432.68086
G1 X91.004 Y102.9 E432.69687
G1 X90.945 Y102.338 E432.71566
G1 X91.063 Y101.803 E432.73389
G1 X91.317 Y101.391 E432.74998
G1 X91.571 Y101.126 E432.76219
G1 X91.933 Y100.88 E432.77675
G1 X92.469 Y100.735 E432.79522
G1 X93.025 Y100.762 E432.81373
G1 X93.474 Y100.947 E432.82988
G1 X93.774 Y101.158 E432.84208
G1 X93.994 Y101.39 E432.85272
G1 X94.206 Y101.739 E432.8663
G1 X94.31 Y102.047 E432.87711
G1 X94.356 Y102.454 E432.89073
G1 X94.305 Y102.892 E432.9054
G1 X94.075 Y103.4 E432.92395
G1 X93.738 Y103.745 E432.93999
G1 X93.378 Y103.992 E432.95451
G1 X92.839 Y104.136 E432.97306
G1 F2400 E432.17306
G0 F15000 X92.823 Y104.448
G0 X92.932 Y104.717
G0 X95.861 Y132.347
G0 X95.087 Y137.476
;TYPE:SKIN
G1 F2400 E432.97306
G1 F5400 X90.135 Y137.476 E433.13777
G1 X89.913 Y137.426 E433.14534
G1 X89.736 Y137.297 E433.15262
G1 X89.616 Y137.037 E433.16215
G1 X89.616 Y133.893 E433.26672
G1 F4909.1 X89.655 Y133.279 E433.28923
G1 F4302.8 X89.678 Y133.138 E433.29519
G1 F4268.8 X89.66 Y132.181 E433.33546
G1 F4864.9 X89.617 Y131.595 E433.35715
G1 F5400 X89.616 Y103.893 E434.27853
G1 F4909.1 X89.655 Y103.279 E434.30104
G1 F4302.8 X89.678 Y103.138 E434.307
G1 F4268.8 X89.66 Y102.181 E434.34727
G1 F4864.9 X89.617 Y101.595 E434.36896
G1 F5400 X89.616 Y99.872 E434.42627
G1 X89.648 Y99.713 E434.43166
G1 X89.782 Y99.525 E434.43934
G1 X90.01 Y99.396 E434.44806
G1 X91.674 Y99.396 E434.5034
G1 F4853.9 X92.348 Y99.441 E434.5284
G1 F4337.3 X93.126 Y99.45 E434.56061
G1 F4695.7 X93.469 Y99.403 E434.57386
G1 F5307.1 X95.211 Y99.396 E434.63281
G1 F5400 X95.526 Y99.525 E434.64413
G1 X95.665 Y99.719 E434.65207
G1 X95.696 Y99.858 E434.65681
G1 X95.699 Y101.284 E434.70423
G1 F4695.7 X95.64 Y101.886 E434.72737
G1 F4252 X95.653 Y102.517 E434.75403
G1 F4821.4 X95.794 Y102.851 E434.76754
G1 F5400 X95.941 Y103.085 E434.77673
G1 X96.177 Y103.267 E434.78664
G1 X96.696 Y103.414 E434.80458
G1 X96.696 Y131.462 E435.73746
G1 X96.173 Y131.601 E435.75546
G1 X95.957 Y131.781 E435.76481
G1 F5320.2 X95.743 Y132.116 E435.77823
G1 F4821.4 X95.658 Y132.352 E435.78758
G1 F4277.2 X95.636 Y133.131 E435.8203
G1 F4285.7 X95.658 Y133.266 E435.82603
G1 F4898 X95.698 Y133.877 E435.84848
G1 F5400 X95.696 Y137.033 E435.95345
G1 X95.639 Y137.193 E435.9591
G1 X95.478 Y137.379 E435.96728
G1 X95.261 Y137.476 E435.97519
G1 X95.087 Y137.476 E435.98098
G1 F2400 E435.18098
G0 F15000 X95.522 Y137.646
G0 X92.897 Y137.636
G0 X92.905 Y134.721
G0 X92.935 Y134.897
G1 F2400 E435.98098
G1 F5400 X93.693 Y134.689 E436.00712
G1 X94.265 Y134.3 E436.03013
G1 X94.623 Y133.924 E436.0474
G1 X94.767 Y133.708 E436.05603
G1 F4898 X95.072 Y133.14 E436.07967
G1 F4285.7 X95.113 Y133.086 E436.08251
G1 F4243.6 X95.162 Y132.408 E436.11128
G1 F4778.8 X95.088 Y132.073 E436.12418
G1 F5320.2 X95.065 Y131.907 E436.12983
G1 F5400 X94.874 Y131.368 E436.14885
G1 X94.628 Y130.96 E436.1647
G1 X94.279 Y130.579 E436.18188
G1 X93.791 Y130.25 E436.20146
G1 X93.193 Y130.01 E436.22289
G1 X92.533 Y129.972 E436.24488
G1 X92.281 Y129.996 E436.2533
G1 X91.741 Y130.145 E436.27193
G1 X91.501 Y130.253 E436.28068
G1 X91.038 Y130.574 E436.29942
G1 X90.706 Y130.926 E436.31552
G1 X90.428 Y131.381 E436.33325
G1 X90.322 Y131.642 E436.34262
G1 F4768.2 X90.135 Y132.257 E436.36683
G1 F4462.8 X90.195 Y133.071 E436.39968
G1 F5011.6 X90.556 Y133.725 E436.42645
G1 F5400 X90.848 Y134.11 E436.44252
G1 X91.376 Y134.567 E436.46575
G1 X91.979 Y134.803 E436.48729
G1 X92.249 Y134.864 E436.49649
G1 X92.935 Y134.897 E436.51934
G1 F2400 E435.71934
G0 F15000 X92.897 Y134.641
G0 X93.92 Y133.925
G0 X94.285 Y133.538
G0 X94.551 Y132.96
G0 X94.609 Y132.437
G0 X94.564 Y132.018
G0 X94.428 Y131.618
G0 X94.21 Y131.257
G0 X93.949 Y130.981
G0 X92.551 Y130.152
G0 X92.932 Y104.717
G0 X92.941 Y104.896
G1 F2400 E436.51934
G1 F5400 X93.546 Y104.733 E436.54018
G1 X93.801 Y104.618 E436.54948
G1 X94.261 Y104.299 E436.5681
G1 X94.712 Y103.827 E436.58981
G1 X95.034 Y103.124 E436.61553
G1 F5373.1 X95.075 Y102.858 E436.62453
G1 F4736.8 X95.166 Y102.46 E436.64001
G1 F4202.3 X95.122 Y101.913 E436.66346
G1 F4695.7 X94.88 Y101.376 E436.68599
G1 F5400 X94.624 Y100.952 E436.70246
G1 X94.242 Y100.551 E436.72088
G1 X93.834 Y100.271 E436.73734
G1 F5307.1 X93.342 Y100.06 E436.75546
G1 F5070.4 X93.31 Y100.037 E436.75685
G1 F4566.6 X93.073 Y99.952 E436.76676
G1 F4337.3 X92.39 Y99.926 E436.79506
G1 F4853.9 X91.734 Y100.147 E436.82067
G1 F5400 X91.48 Y100.269 E436.83005
G1 X91.068 Y100.545 E436.84654
G1 X90.705 Y100.927 E436.86407
G1 X90.428 Y101.381 E436.88175
G1 X90.322 Y101.642 E436.89112
G1 F4768.2 X90.135 Y102.257 E436.91534
G1 F4462.8 X90.195 Y103.071 E436.94818
G1 F5011.6 X90.556 Y103.725 E436.97496
G1 F5400 X90.848 Y104.11 E436.99103
G1 X91.376 Y104.567 E437.01425
G1 X91.974 Y104.803 E437.03564
G1 X92.25 Y104.864 E437.04504
G1 X92.941 Y104.896 E437.06804
G1 F2400 E436.26804
G0 F15000 X92.923 Y104.637
G0 X91.645 Y104.123
G0 X91.24 Y103.78
G0 X90.985 Y103.444
G0 X90.763 Y102.965
G0 X90.694 Y102.332
G0 X91.171 Y100.697
G0 X91.171 Y99.236
G0 X90.474 Y99.596
G1 F2400 E437.06804
G1 F5400 X89.817 Y100.254 E437.09897
G0 F15000 X89.817 Y100.819
G1 F5400 X91.04 Y99.596 E437.1565
G0 F15000 X91.606 Y99.596
G1 F5400 X89.817 Y101.384 E437.24062
G0 F15000 X90.101 Y101.666
G1 F5400 X89.863 Y101.904 E437.25182
G0 F15000 X89.356 Y101.904
G0 X89.456 Y103.148
G0 X90.438 Y103.058
G0 X90.095 Y103.369
G1 F5400 X89.853 Y103.612 E437.26322
G0 F15000 X90.315 Y103.716
G1 F5400 X89.817 Y104.213 E437.28663
G0 F15000 X89.817 Y104.779
G1 F5400 X90.549 Y104.047 E437.32106
G0 F15000 X90.814 Y104.348
G1 F5400 X89.817 Y105.345 E437.36795
G0 F15000 X89.817 Y105.91
G1 F5400 X91.118 Y104.609 E437.42915
G0 F15000 X91.473 Y104.819
G1 F5400 X89.817 Y106.476 E437.50706
G0 F15000 X89.817 Y107.042
G1 F5400 X91.879 Y104.98 E437.60405
G0 F15000 X92.357 Y105.068
G1 F5400 X89.817 Y107.608 E437.72353
G0 F15000 X89.817 Y108.173
G1 F5400 X92.897 Y105.093 E437.8684
G0 F15000 X93.656 Y104.9
G1 F5400 X89.817 Y108.739 E438.04898
G0 F15000 X89.817 Y109.305
G1 F5400 X95.853 Y103.268 E438.33292
G0 F15000 X95.616 Y102.94
G1 F5400 X95.104 Y103.452 E438.357
G0 F15000 X94.689 Y103.262
G0 X94.891 Y102.899
G0 X95.89 Y102.629
G0 X96.2 Y103.486
G1 F5400 X89.817 Y109.87 E438.65726
G0 F15000 X89.817 Y110.436
G1 F5400 X96.496 Y103.757 E438.97142
G0 F15000 X96.496 Y104.322
G1 F5400 X89.817 Y111.002 E439.2856
G0 F15000 X89.817 Y111.567
G1 F5400 X96.496 Y104.888 E439.59976
G0 F15000 X96.496 Y105.454
G1 F5400 X89.817 Y112.133 E439.91392
G0 F15000 X89.817 Y112.699
G1 F5400 X96.496 Y106.019 E440.2281
G0 F15000 X96.496 Y106.585
G1 F5400 X89.817 Y113.264 E440.54226
G0 F15000 X89.817 Y113.83
G1 F5400 X96.496 Y107.151 E440.85642
G0 F15000 X96.496 Y107.716
G1 F5400 X89.817 Y114.396 E441.17061
G0 F15000 X89.817 Y114.961
G1 F5400 X96.496 Y108.282 E441.48477
G0 F15000 X96.496 Y108.848
G1 F5400 X89.817 Y115.527 E441.79893
G0 F15000 X89.817 Y116.093
G1 F5400 X96.496 Y109.413 E442.11311
G0 F15000 X96.496 Y109.979
G1 F5400 X89.817 Y116.658 E442.42727
G0 F15000 X89.817 Y117.224
G1 F5400 X96.496 Y110.545 E442.74143
G0 F15000 X96.496 Y111.111
G1 F5400 X89.817 Y117.79 E443.05559
G0 F15000 X89.817 Y118.356
G1 F5400 X96.496 Y111.676 E443.36977
G0 F15000 X96.496 Y112.242
G1 F5400 X89.817 Y118.921 E443.68393
G0 F15000 X89.817 Y119.487
G1 F5400 X96.496 Y112.808 E443.99809
G0 F15000 X96.496 Y113.373
G1 F5400 X89.817 Y120.053 E444.31227
G0 F15000 X89.817 Y120.618
G1 F5400 X96.496 Y113.939 E444.62643
G0 F15000 X96.496 Y114.505
G1 F5400 X89.817 Y121.184 E444.94059
G0 F15000 X89.817 Y121.75
G1 F5400 X96.496 Y115.07 E445.25478
G0 F15000 X96.496 Y115.636
G1 F5400 X89.817 Y122.315 E445.56894
G0 F15000 X89.817 Y122.881
G1 F5400 X96.496 Y116.202 E445.8831
G0 F15000 X96.496 Y116.767
G1 F5400 X89.817 Y123.447 E446.19728
G0 F15000 X89.817 Y124.012
G1 F5400 X96.496 Y117.333 E446.51144
G0 F15000 X96.496 Y117.899
G1 F5400 X89.817 Y124.578 E446.8256
G0 F15000 X89.817 Y125.144
G1 F5400 X96.496 Y118.464 E447.13978
G0 F15000 X96.496 Y119.03
G1 F5400 X89.817 Y125.709 E447.45394
G0 F15000 X89.817 Y126.275
G1 F5400 X96.496 Y119.596 E447.7681
G0 F15000 X96.496 Y120.161
G1 F5400 X89.817 Y126.841 E448.08228
G0 F15000 X89.817 Y127.406
G1 F5400 X96.496 Y120.727 E448.39644
G0 F15000 X96.496 Y121.293
G1 F5400 X89.817 Y127.972 E448.7106
G0 F15000 X89.817 Y128.538
G1 F5400 X96.496 Y121.859 E449.02476
G0 F15000 X96.496 Y122.424
G1 F5400 X89.817 Y129.104 E449.33895
G0 F15000 X89.817 Y129.669
G1 F5400 X96.496 Y122.99 E449.65311
G0 F15000 X96.496 Y123.556
G1 F5400 X89.817 Y130.235 E449.96727
G0 F15000 X89.817 Y130.801
G1 F5400 X96.496 Y124.121 E450.28145
G0 F15000 X96.496 Y124.687
G1 F5400 X89.817 Y131.366 E450.59561
G0 F15000 X90.112 Y131.636
G1 F5400 X89.861 Y131.888 E450.60744
G0 F15000 X89.356 Y131.888
G0 X89.456 Y133.137
G0 X90.438 Y133.058
G0 X90.088 Y133.358
G1 F5400 X89.856 Y133.59 E450.61835
G0 F15000 X90.307 Y133.704
G1 F5400 X89.816 Y134.195 E450.64145
G0 F15000 X89.816 Y134.761
G1 F5400 X90.541 Y134.036 E450.67555
G0 F15000 X90.803 Y134.34
G1 F5400 X89.816 Y135.327 E450.72197
G0 F15000 X89.816 Y135.892
G1 F5400 X91.107 Y134.601 E450.7827
G0 F15000 X91.46 Y134.814
G1 F5400 X89.816 Y136.458 E450.86003
G0 F15000 X89.822 Y137.018
G1 F5400 X91.867 Y134.973 E450.95622
G0 F15000 X92.338 Y135.067
G1 F5400 X90.134 Y137.271 E451.05989
G0 F15000 X90.696 Y137.276
G1 F5400 X92.872 Y135.099 E451.16226
G0 F15000 X93.623 Y134.914
G1 F5400 X91.261 Y137.276 E451.27336
G0 F15000 X91.827 Y137.276
G1 F5400 X95.466 Y133.637 E451.44453
G0 F15000 X95.281 Y133.256
G1 F5400 X95.381 Y133.156 E451.44923
G0 F15000 X95.96 Y133.157
G0 X95.959 Y134.172
G0 X95.498 Y134.171
G1 F5400 X92.393 Y137.276 E451.59528
G0 F15000 X92.958 Y137.276
G1 F5400 X95.498 Y134.736 E451.71476
G0 F15000 X95.497 Y135.303
G1 F5400 X93.524 Y137.276 E451.80756
G0 F15000 X94.09 Y137.276
G1 F5400 X95.497 Y135.868 E451.87377
G0 F15000 X95.496 Y136.435
G1 F5400 X94.655 Y137.276 E451.91332
G0 F15000 X95.223 Y137.273
G1 F5400 X95.493 Y137.003 E451.92602
G1 F2400 E451.12602
G0 F15000 X95.747 Y137.472
G0 X95.861 Y132.347
G0 X94.936 Y132.436
G0 X95.309 Y132.097
G1 F2400 E451.92602
G1 F5400 X96.496 Y130.91 E451.98186
G0 F15000 X96.496 Y130.344
G1 F5400 X95.185 Y131.655 E452.04352
G0 F15000 X95.032 Y131.242
G1 F5400 X96.496 Y129.778 E452.11239
G0 F15000 X96.496 Y129.212
G1 F5400 X94.819 Y130.889 E452.19127
G0 F15000 X94.558 Y130.585
G1 F5400 X96.496 Y128.647 E452.28242
G0 F15000 X96.496 Y128.081
G1 F5400 X94.258 Y130.319 E452.38769
G0 F15000 X93.92 Y130.091
G1 F5400 X96.496 Y127.515 E452.50886
G0 F15000 X96.496 Y126.95
G1 F5400 X93.52 Y129.926 E452.64884
G0 F15000 X93.078 Y129.802
G1 F5400 X96.496 Y126.384 E452.80961
G0 F15000 X96.496 Y125.818
G1 F5400 X92.539 Y129.775 E452.99574
G0 F15000 X91.839 Y129.91
G1 F5400 X96.496 Y125.253 E453.21479
G1 F2400 E452.41479
G0 F15000 X96.956 Y125.253
G0 X96.856 Y103.436
G0 X94.875 Y103.046
G0 X95.238 Y101.62
G1 F2400 E453.21479
G1 F5400 X95.483 Y101.376 E453.22629
G0 F15000 X95.039 Y101.253
G1 F5400 X95.497 Y100.796 E453.24781
G0 F15000 X95.496 Y100.231
G1 F5400 X94.827 Y100.901 E453.2793
G0 F15000 X94.566 Y100.595
G1 F5400 X95.429 Y99.732 E453.31989
G0 F15000 X95 Y99.596
G1 F5400 X94.269 Y100.327 E453.35428
G0 F15000 X93.931 Y100.099
G1 F5400 X94.434 Y99.596 E453.37794
G0 F15000 X93.866 Y99.598
G1 F5400 X93.541 Y99.923 E453.39322
G0 F15000 X93.366 Y100.359
G0 X92.429 Y100.147
G0 X92.429 Y99.236
G0 X92.113 Y99.654
G1 F5400 X91.903 Y99.864 E453.4031
G1 F2400 E452.6031
G0 F15000 X92.027 Y100.337
G0 X93.082 Y100.518
G0 X93.571 Y100.713
G0 X93.92 Y100.95
G0 X94.21 Y101.257
G0 X94.428 Y101.618
G0 X94.564 Y102.018
G0 X94.609 Y102.437
G0 X94.562 Y102.861
G0 X94.133 Y104.178
G0 X97.247 Y104.178
G0 X128.135 Y137.476
G1 F2400 E453.4031
G1 F5400 X127.913 Y137.426 E453.41067
G1 X127.736 Y137.297 E453.41796
G1 X127.616 Y137.037 E453.42748
G1 X127.617 Y133.895 E453.53198
G1 F4909.1 X127.655 Y133.285 E453.55434
G1 F4302.8 X127.678 Y133.142 E453.56039
G1 F4277.2 X127.654 Y132.391 E453.59194
G1 F4675.3 X127.602 Y132.188 E453.59999
G1 F5023.3 X127.424 Y131.852 E453.61359
G1 F5268.3 X127.12 Y131.591 E453.62725
G1 F5400 X126.616 Y131.463 E453.64454
G1 X126.616 Y103.409 E454.57762
G1 X127.116 Y103.281 E454.59479
G1 X127.337 Y103.109 E454.6041
G1 X127.515 Y102.859 E454.61431
G1 F4832.2 X127.659 Y102.502 E454.62862
G1 F4390.2 X127.658 Y102.186 E454.64154
G1 F4853.9 X127.614 Y101.596 E454.66344
G1 F5400 X127.616 Y99.878 E454.72058
G1 X127.711 Y99.607 E454.73013
G1 X127.869 Y99.463 E454.73724
G1 X128.09 Y99.396 E454.74492
G1 X129.364 Y99.396 E454.78729
G1 F4810.7 X129.857 Y99.444 E454.80579
G1 F4186 X129.961 Y99.462 E454.81031
G1 F4268.8 X130.652 Y99.435 E454.83941
G1 F4285.7 X131.343 Y99.462 E454.86839
G1 F4210.5 X131.451 Y99.443 E454.87307
G1 F4821.4 X131.944 Y99.396 E454.89152
G1 F5400 X133.21 Y99.396 E454.93362
G1 X133.526 Y99.525 E454.94498
G1 X133.665 Y99.719 E454.95291
G1 X133.696 Y99.862 E454.95778
G1 X133.696 Y101.282 E455.00501
G1 F4716.2 X133.638 Y101.886 E455.02812
G1 F4285.7 X133.651 Y102.385 E455.04904
G1 F4252 X133.634 Y103.13 E455.08051
G1 F4294.2 X133.656 Y103.266 E455.08628
G1 F4909.1 X133.696 Y103.876 E455.10864
G1 F5400 X133.696 Y131.282 E456.02017
G1 F4716.2 X133.638 Y131.886 E456.04328
G1 F4285.7 X133.651 Y132.385 E456.0642
G1 F4252 X133.634 Y133.13 E456.09567
G1 F4294.2 X133.656 Y133.266 E456.10143
G1 F4909.1 X133.696 Y133.876 E456.1238
G1 F5400 X133.696 Y136.993 E456.22747
G1 X133.622 Y137.225 E456.23557
G1 X133.413 Y137.422 E456.24512
G1 X133.144 Y137.476 E456.25425
G1 X128.135 Y137.476 E456.42085
G1 F2400 E455.62085
G0 F15000 X127.955 Y137.702
G0 X130.897 Y137.636
G0 X130.905 Y134.721
G0 X130.935 Y134.897
G1 F2400 E456.42085
G1 F5400 X131.693 Y134.689 E456.44699
G1 X132.233 Y134.326 E456.46863
G1 X132.623 Y133.923 E456.48729
G1 X132.767 Y133.707 E456.49592
G1 F4909.1 X133.071 Y133.14 E456.51946
G1 F4294.2 X133.112 Y133.085 E456.52233
G1 F4252 X133.161 Y132.462 E456.54872
G1 F4557 X133.123 Y131.933 E456.56963
G1 F5035 X132.879 Y131.371 E456.59148
G1 F5400 X132.627 Y130.959 E456.60755
G1 X132.265 Y130.573 E456.62515
G1 X131.827 Y130.263 E456.643
G1 X131.29 Y130.054 E456.66216
G1 X130.661 Y129.948 E456.68338
G1 X130.006 Y130.058 E456.70547
G1 X129.523 Y130.241 E456.72265
G1 X129.035 Y130.577 E456.74235
G1 X128.707 Y130.921 E456.75816
G1 X128.347 Y131.52 E456.78141
G1 F5373.1 X128.227 Y132.05 E456.79957
G1 F4864.9 X128.135 Y132.33 E456.81045
G1 F4557 X128.195 Y133.075 E456.83991
G1 F5011.6 X128.556 Y133.725 E456.86655
G1 F5400 X128.848 Y134.11 E456.88263
G1 X129.376 Y134.567 E456.90585
G1 X129.979 Y134.803 E456.92739
G1 X130.249 Y134.864 E456.9366
G1 X130.935 Y134.897 E456.95944
G1 F2400 E456.15944
G0 F15000 X130.897 Y134.641
G0 X131.92 Y133.925
G0 X132.285 Y133.538
G0 X132.551 Y132.96
G0 X132.609 Y132.437
G0 X132.564 Y132.018
G0 X132.428 Y131.618
G0 X132.21 Y131.257
G0 X131.975 Y131.009
G0 X130.659 Y130.133
G0 X130.785 Y104.717
G0 X130.935 Y104.898
G1 F2400 E456.95944
G1 F5400 X131.542 Y104.733 E456.98036
G1 X131.805 Y104.614 E456.98996
G1 X132.234 Y104.321 E457.00724
G1 X132.6 Y103.952 E457.02453
G1 X132.767 Y103.707 E457.03439
G1 F4909.1 X133.071 Y103.14 E457.05793
G1 F4294.2 X133.112 Y103.085 E457.0608
G1 F4252 X133.161 Y102.462 E457.08719
G1 F4557 X133.123 Y101.933 E457.1081
G1 F5035 X132.88 Y101.372 E457.1299
G1 F5400 X132.628 Y100.956 E457.14608
G1 X132.269 Y100.573 E457.16354
G1 X131.831 Y100.264 E457.18137
G1 F5000 X131.277 Y99.987 E457.20362
G1 F4444.4 X130.652 Y99.909 E457.22907
G1 F4153.8 X130.006 Y99.989 E457.25722
G1 F4186 X129.963 Y100.02 E457.25949
G1 F4810.7 X129.477 Y100.263 E457.27978
G1 F5400 X129.057 Y100.555 E457.29679
G1 X128.708 Y100.928 E457.31378
G1 X128.429 Y101.375 E457.33131
G1 X128.321 Y101.643 E457.34092
G1 F4853.9 X128.141 Y102.239 E457.36395
G1 F4390.2 X128.152 Y102.495 E457.37444
G1 F4778.8 X128.231 Y102.844 E457.38788
G1 F5346.5 X128.274 Y103.133 E457.3977
G1 F5400 X128.538 Y103.697 E457.41841
G1 X128.874 Y104.137 E457.43682
G1 X129.258 Y104.465 E457.45362
G1 X129.493 Y104.608 E457.46277
G1 X130.12 Y104.863 E457.48528
G1 X130.935 Y104.898 E457.51242
G1 F2400 E456.71242
G0 F15000 X130.905 Y104.622
G0 X129.645 Y104.123
G0 X129.24 Y103.78
G0 X128.985 Y103.444
G0 X128.763 Y102.965
G0 X128.694 Y102.332
G0 X128.829 Y101.712
G0 X129.105 Y100.739
G0 X129.105 Y99.236
G0 X127.817 Y100.155
G1 F2400 E457.51242
G1 F5400 X128.375 Y99.596 E457.53869
G0 F15000 X128.941 Y99.596
G1 F5400 X127.816 Y100.721 E457.5916
G0 F15000 X127.815 Y101.288
G1 F5400 X129.483 Y99.619 E457.67008
G1 F2400 E456.87008
G0 F15000 X129.483 Y99.136
G0 X131.329 Y99.236
G0 X131.16 Y100.217
G0 X131.525 Y99.841
G1 F2400 E457.67008
G1 F5400 X131.728 Y99.637 E457.67966
G0 F15000 X131.874 Y100.057
G1 F5400 X132.335 Y99.596 E457.70134
G0 F15000 X132.901 Y99.596
G1 F5400 X132.211 Y100.286 E457.7338
G0 F15000 X132.519 Y100.544
G1 F5400 X133.386 Y99.677 E457.77458
G0 F15000 X133.496 Y100.132
G1 F5400 X132.791 Y100.837 E457.80774
G0 F15000 X133.004 Y101.19
G1 F5400 X133.496 Y100.698 E457.83088
G0 F15000 X133.496 Y101.263
G1 F5400 X133.204 Y101.555 E457.84461
G1 F2400 E457.04461
G0 F15000 X132.727 Y101.717
G0 X132.874 Y103.046
G0 X133.856 Y103.046
G0 X133.455 Y103.567
G1 F2400 E457.84461
G1 F5400 X126.816 Y110.206 E458.15689
G0 F15000 X126.816 Y110.772
G1 F5400 X133.496 Y104.092 E458.4711
G0 F15000 X133.496 Y104.657
G1 F5400 X126.816 Y111.337 E458.78531
G0 F15000 X126.816 Y111.903
G1 F5400 X133.496 Y105.223 E459.09951
G0 F15000 X133.496 Y105.789
G1 F5400 X126.816 Y112.469 E459.41372
G0 F15000 X126.816 Y113.035
G1 F5400 X133.496 Y106.355 E459.72793
G0 F15000 X133.496 Y106.92
G1 F5400 X126.816 Y113.6 E460.04213
G0 F15000 X126.816 Y114.166
G1 F5400 X133.496 Y107.486 E460.35634
G0 F15000 X133.496 Y108.052
G1 F5400 X126.816 Y114.732 E460.67055
G0 F15000 X126.816 Y115.297
G1 F5400 X133.496 Y108.617 E460.98475
G0 F15000 X133.496 Y109.183
G1 F5400 X126.816 Y115.863 E461.29896
G0 F15000 X126.816 Y116.429
G1 F5400 X133.496 Y109.749 E461.61317
G0 F15000 X133.496 Y110.314
G1 F5400 X126.816 Y116.994 E461.92737
G0 F15000 X126.816 Y117.56
G1 F5400 X133.496 Y110.88 E462.24158
G0 F15000 X133.496 Y111.446
G1 F5400 X126.816 Y118.126 E462.55579
G0 F15000 X126.816 Y118.691
G1 F5400 X133.496 Y112.011 E462.86999
G0 F15000 X133.496 Y112.577
G1 F5400 X126.816 Y119.257 E463.1842
G0 F15000 X126.816 Y119.823
G1 F5400 X133.496 Y113.143 E463.49841
G0 F15000 X133.496 Y113.708
G1 F5400 X126.816 Y120.388 E463.81261
G0 F15000 X126.816 Y120.954
G1 F5400 X133.496 Y114.274 E464.12682
G0 F15000 X133.496 Y114.84
G1 F5400 X126.816 Y121.52 E464.44103
G0 F15000 X126.816 Y122.086
G1 F5400 X133.496 Y115.405 E464.75526
G0 F15000 X133.496 Y115.971
G1 F5400 X126.816 Y122.651 E465.06946
G0 F15000 X126.816 Y123.217
G1 F5400 X133.496 Y116.537 E465.38367
G0 F15000 X133.496 Y117.103
G1 F5400 X126.816 Y123.783 E465.69788
G0 F15000 X126.816 Y124.348
G1 F5400 X133.496 Y117.668 E466.01208
G0 F15000 X133.496 Y118.234
G1 F5400 X126.816 Y124.914 E466.32629
G0 F15000 X126.816 Y125.48
G1 F5400 X133.496 Y118.8 E466.6405
G0 F15000 X133.496 Y119.365
G1 F5400 X126.816 Y126.045 E466.9547
G0 F15000 X126.816 Y126.611
G1 F5400 X133.496 Y119.931 E467.26891
G0 F15000 X133.496 Y120.497
G1 F5400 X126.816 Y127.177 E467.58312
G0 F15000 X126.816 Y127.742
G1 F5400 X133.496 Y121.062 E467.89732
G0 F15000 X133.496 Y121.628
G1 F5400 X126.816 Y128.308 E468.21153
G0 F15000 X126.816 Y128.874
G1 F5400 X133.496 Y122.194 E468.52574
G0 F15000 X133.496 Y122.759
G1 F5400 X126.816 Y129.439 E468.83994
G0 F15000 X126.816 Y130.005
G1 F5400 X133.496 Y123.325 E469.15415
G0 F15000 X133.496 Y123.891
G1 F5400 X126.816 Y130.571 E469.46836
G0 F15000 X126.816 Y131.136
G1 F5400 X133.496 Y124.456 E469.78256
G0 F15000 X133.496 Y125.022
G1 F5400 X127.129 Y131.389 E470.08205
G0 F15000 X127.462 Y131.622
G1 F5400 X133.496 Y125.588 E470.36587
G0 F15000 X133.496 Y126.154
G1 F5400 X129.686 Y129.964 E470.54508
G0 F15000 X130.43 Y129.785
G1 F5400 X133.496 Y126.719 E470.6893
G0 F15000 X133.496 Y127.285
G1 F5400 X130.981 Y129.8 E470.80759
G0 F15000 X131.449 Y129.898
G1 F5400 X133.496 Y127.851 E470.90388
G0 F15000 X133.496 Y128.416
G1 F5400 X131.857 Y130.055 E470.98097
G0 F15000 X132.199 Y130.279
G1 F5400 X133.496 Y128.982 E471.04198
G0 F15000 X133.496 Y129.548
G1 F5400 X132.507 Y130.537 E471.0885
G0 F15000 X132.782 Y130.827
G1 F5400 X133.496 Y130.113 E471.12208
G0 F15000 X133.496 Y130.679
G1 F5400 X132.997 Y131.178 E471.14555
G0 F15000 X133.198 Y131.543
G1 F5400 X133.496 Y131.245 E471.15957
G0 F15000 X133.956 Y131.245
G0 X133.956 Y133.551
G0 X133.452 Y133.551
G1 F5400 X129.727 Y137.276 E471.33478
G0 F15000 X129.162 Y137.276
G1 F5400 X131.486 Y134.952 E471.4441
G0 F15000 X130.779 Y135.093
G1 F5400 X128.596 Y137.276 E471.54678
G0 F15000 X128.054 Y137.253
G1 F5400 X130.244 Y135.062 E471.64981
G0 F15000 X129.796 Y134.945
G1 F5400 X127.817 Y136.924 E471.7429
G0 F15000 X127.817 Y136.358
G1 F5400 X129.389 Y134.787 E471.81682
G0 F15000 X129.055 Y134.555
G1 F5400 X127.817 Y135.793 E471.87505
G0 F15000 X127.817 Y135.227
G1 F5400 X128.75 Y134.294 E471.91894
G0 F15000 X128.498 Y133.98
G1 F5400 X127.817 Y134.661 E471.95097
G0 F15000 X127.817 Y134.096
G1 F5400 X128.268 Y133.645 E471.97218
G0 F15000 X128.048 Y133.299
G1 F5400 X127.871 Y133.476 E471.98051
G0 F15000 X127.356 Y133.476
G0 X127.285 Y132.155
G0 X127.697 Y131.952
G1 F5400 X128.145 Y131.504 E472.00158
G1 F2400 E471.20158
G0 F15000 X128.594 Y131.603
G0 X128.763 Y132.965
G0 X128.985 Y133.444
G0 X129.24 Y133.78
G0 X129.645 Y134.123
G0 X130.236 Y134.359
G0 X130.873 Y134.391
G0 X131.368 Y134.253
G0 X132.673 Y133.488
G0 X133.856 Y133.488
G0 X133.496 Y134.073
G1 F2400 E472.00158
G1 F5400 X130.293 Y137.276 E472.15224
G0 F15000 X130.859 Y137.276
G1 F5400 X133.496 Y134.639 E472.27627
G0 F15000 X133.496 Y135.204
G1 F5400 X131.424 Y137.276 E472.37374
G0 F15000 X131.99 Y137.276
G1 F5400 X133.496 Y135.77 E472.44457
G0 F15000 X133.496 Y136.336
G1 F5400 X132.556 Y137.276 E472.48879
G0 F15000 X133.121 Y137.276
G1 F5400 X133.496 Y136.902 E472.5064
G1 F2400 E471.7064
G0 F15000 X133.9 Y137.21
G0 X133.482 Y137.613
G0 X133.168 Y137.675
G0 X128.113 Y137.675
G0 X127.828 Y137.612
G0 X127.492 Y137.299
G0 X127.268 Y131.982
G0 X126.252 Y131.652
G0 X126.356 Y109.64
G0 X126.816 Y109.64
G1 F2400 E472.5064
G1 F5400 X131.507 Y104.949 E472.72705
G0 F15000 X130.803 Y105.088
G1 F5400 X126.816 Y109.075 E472.91459
G0 F15000 X126.816 Y108.509
G1 F5400 X130.256 Y105.069 E473.0764
G0 F15000 X129.807 Y104.952
G1 F5400 X126.816 Y107.943 E473.21708
G0 F15000 X126.816 Y107.378
G1 F5400 X129.409 Y104.785 E473.33905
G0 F15000 X129.065 Y104.563
G1 F5400 X126.816 Y106.812 E473.44484
G0 F15000 X126.816 Y106.246
G1 F5400 X128.76 Y104.302 E473.53628
G0 F15000 X128.508 Y103.989
G1 F5400 X126.816 Y105.681 E473.61586
G0 F15000 X126.816 Y105.115
G1 F5400 X128.29 Y103.641 E473.6852
G0 F15000 X128.11 Y103.255
G1 F5400 X126.816 Y104.549 E473.74606
G0 F15000 X126.816 Y103.984
G1 F5400 X128.003 Y102.796 E473.80192
G0 F15000 X127.848 Y101.821
G1 F5400 X128.16 Y101.508 E473.81662
G1 F2400 E473.01662
;MESH:NONMESH
G0 F300 X128.16 Y101.508 Z1.8
G0 F15000 X128.588 Y101.68
G0 X128.361 Y102.29
G0 X94.133 Y104.178
G0 X92.905 Y104.536
;TIME_ELAPSED:582.422640
;LAYER:8
;TYPE:WALL-INNER
;MESH:Camera mount.stl(1)
G1 F2400 E473.81662
G1 F5400 X92.205 Y104.508 E473.83992
G1 X91.566 Y104.254 E473.86279
G1 X91.124 Y103.878 E473.88209
G1 X90.856 Y103.526 E473.8968
G1 X90.614 Y103.008 E473.91582
G1 X90.543 Y102.303 E473.93939
G1 X90.688 Y101.651 E473.9616
G1 X90.984 Y101.162 E473.98061
G1 X91.292 Y100.831 E473.99565
G1 X91.768 Y100.51 E474.01475
G1 X92.441 Y100.329 E474.03793
G1 X93.107 Y100.365 E474.06011
G1 X93.643 Y100.578 E474.07929
G1 X94.02 Y100.837 E474.09451
G1 X94.325 Y101.157 E474.10921
G1 X94.564 Y101.55 E474.12451
G1 X94.711 Y101.984 E474.13975
G1 X94.756 Y102.436 E474.15486
G1 X94.698 Y102.999 E474.17368
G1 X94.411 Y103.628 E474.19668
G1 X94.014 Y104.04 E474.21571
G1 X93.549 Y104.36 E474.23448
G1 X92.905 Y104.536 E474.25669
G1 F2400 E473.45669
G0 F15000 X92.547 Y130.152
G0 X92.884 Y134.54
G1 F2400 E474.25669
G1 F5400 X92.204 Y134.507 E474.27933
G1 X91.566 Y134.254 E474.30216
G1 X91.124 Y133.878 E474.32146
G1 X90.856 Y133.526 E474.33617
G1 X90.614 Y133.008 E474.35519
G1 X90.543 Y132.303 E474.37876
G1 X90.688 Y131.651 E474.40097
G1 X90.983 Y131.163 E474.41994
G1 X91.287 Y130.836 E474.43479
G1 X91.765 Y130.511 E474.45401
G1 X92.438 Y130.326 E474.47723
G1 X93.136 Y130.375 E474.5005
G1 X93.644 Y130.578 E474.51869
G1 X94.02 Y130.837 E474.53388
G1 X94.329 Y131.162 E474.5488
G1 X94.558 Y131.545 E474.56364
G1 X94.711 Y131.981 E474.57901
G1 X94.756 Y132.436 E474.59421
G1 X94.698 Y132.997 E474.61297
G1 X94.411 Y133.629 E474.63606
G1 X94.018 Y134.038 E474.65492
G1 X93.563 Y134.351 E474.67329
G1 X92.884 Y134.54 E474.69673
G1 F2400 E473.89673
G0 F15000 X93.626 Y134.526
G0 X93.626 Y137.636
G0 X95.087 Y137.836
G1 F2400 E474.69673
G1 F5400 X95.176 Y137.836 E474.69969
G1 X95.55 Y137.76 E474.71239
G1 X95.835 Y137.548 E474.7242
G1 X95.967 Y137.37 E474.73157
G1 X96.056 Y136.974 E474.74507
G1 X96.059 Y132.369 E474.89823
G1 X96.095 Y132.222 E474.90327
G1 X96.236 Y132.007 E474.91182
G1 X96.358 Y131.914 E474.91692
G1 X96.656 Y131.836 E474.92717
G1 X97.456 Y131.836 E474.95378
G1 X97.056 Y131.436 E474.97259
G1 X97.056 Y103.436 E475.90387
G1 X97.393 Y103.035 E475.9213
G1 X96.656 Y103.036 E475.94581
G1 X96.359 Y102.958 E475.95602
G1 X96.212 Y102.841 E475.96227
G1 X96.108 Y102.682 E475.96859
G1 X96.059 Y102.502 E475.97479
G1 X96.056 Y99.827 E476.06377
G1 X96.004 Y99.582 E476.0721
G1 X95.891 Y99.386 E476.07962
G1 X95.635 Y99.155 E476.09109
G1 X95.37 Y99.036 E476.10075
G1 X90.047 Y99.036 E476.2778
G1 X89.851 Y99.078 E476.28446
G1 X89.54 Y99.254 E476.29635
G1 X89.332 Y99.54 E476.30811
G1 X89.256 Y99.899 E476.32031
G1 X89.256 Y137.097 E477.55753
G1 X89.346 Y137.372 E477.56715
G1 X89.473 Y137.548 E477.57437
G1 X89.762 Y137.76 E477.58629
G1 X90.119 Y137.836 E477.59843
G1 X95.087 Y137.836 E477.76366
G1 F2400 E476.96366
G0 F15000 X95.522 Y137.646
G0 X96.208 Y136.988
G0 X96.219 Y131.999
G0 X127.095 Y131.999
G0 X127.39 Y137.694
G0 X127.932 Y137.695
G0 X128.119 Y137.836
G1 F2400 E477.76366
G1 F5400 X133.176 Y137.836 E477.93186
G1 X133.55 Y137.76 E477.94456
G1 X133.835 Y137.548 E477.95637
G1 X133.967 Y137.37 E477.96374
G1 X134.056 Y136.974 E477.97724
G1 X134.056 Y99.827 E479.21275
G1 X134.004 Y99.582 E479.22108
G1 X133.891 Y99.386 E479.22861
G1 X133.635 Y99.155 E479.24008
G1 X133.37 Y99.036 E479.24974
G1 X128.05 Y99.036 E479.42668
G1 X127.688 Y99.15 E479.43931
G1 X127.424 Y99.383 E479.45102
G1 X127.332 Y99.545 E479.45721
G1 X127.256 Y99.899 E479.46926
G1 X127.255 Y102.478 E479.55503
G1 X127.204 Y102.683 E479.56206
G1 X127.094 Y102.848 E479.56866
G1 X126.953 Y102.958 E479.5746
G1 X126.656 Y103.036 E479.58482
G1 X125.856 Y103.036 E479.61143
G1 X126.256 Y103.436 E479.63024
G1 X126.256 Y131.436 E480.56152
G1 X125.919 Y131.837 E480.57895
G1 X126.656 Y131.836 E480.60346
G1 X126.954 Y131.914 E480.6137
G1 X127.138 Y132.078 E480.6219
G1 X127.256 Y132.315 E480.63071
G1 X127.256 Y137.097 E480.78976
G1 X127.346 Y137.372 E480.79938
G1 X127.473 Y137.548 E480.8066
G1 X127.762 Y137.76 E480.81852
G1 X128.119 Y137.836 E480.83066
G1 F2400 E480.03066
G0 F15000 X127.932 Y137.695
G0 X130.884 Y137.636
G0 X130.905 Y134.721
G0 X130.884 Y134.54
G1 F2400 E480.83066
G1 F5400 X130.204 Y134.507 E480.8533
G1 X129.566 Y134.254 E480.87613
G1 X129.124 Y133.878 E480.89543
G1 X128.856 Y133.526 E480.91015
G1 X128.615 Y133.009 E480.92912
G1 X128.541 Y132.314 E480.95237
G1 X128.682 Y131.675 E480.97413
G1 X128.981 Y131.165 E480.99379
G1 X129.285 Y130.839 E481.00862
G1 X129.668 Y130.574 E481.02411
G1 X130.092 Y130.41 E481.03923
G1 X130.659 Y130.315 E481.05835
G1 X131.216 Y130.41 E481.07714
G1 X131.64 Y130.574 E481.09226
G1 X132.019 Y130.836 E481.10759
G1 X132.325 Y131.157 E481.12234
G1 X132.564 Y131.55 E481.13764
G1 X132.711 Y131.984 E481.15288
G1 X132.756 Y132.436 E481.16799
G1 X132.698 Y132.997 E481.18674
G1 X132.411 Y133.629 E481.20983
G1 X132.018 Y134.038 E481.2287
G1 X131.563 Y134.351 E481.24707
G1 X130.884 Y134.54 E481.27051
G1 F2400 E480.47051
G0 F15000 X131.92 Y133.925
G0 X132.285 Y133.538
G0 X132.551 Y132.96
G0 X132.609 Y132.437
G0 X132.564 Y132.018
G0 X132.428 Y131.618
G0 X132.21 Y131.257
G0 X131.975 Y131.009
G0 X130.659 Y130.133
G0 X130.785 Y104.717
G0 X130.889 Y104.541
G1 F2400 E481.27051
G1 F5400 X130.202 Y104.507 E481.29339
G1 X129.566 Y104.254 E481.31615
G1 X129.122 Y103.877 E481.33552
G1 X128.844 Y103.499 E481.35113
G1 X128.613 Y103.006 E481.36924
G1 X128.543 Y102.303 E481.39274
G1 X128.688 Y101.651 E481.41495
G1 X128.984 Y101.162 E481.43396
G1 X129.285 Y100.839 E481.44865
G1 X129.668 Y100.574 E481.46414
G1 X130.095 Y100.409 E481.47936
G1 X130.657 Y100.315 E481.49832
G1 X131.216 Y100.41 E481.51717
G1 X131.64 Y100.574 E481.53229
G1 X132.019 Y100.836 E481.54762
G1 X132.325 Y101.157 E481.56237
G1 X132.564 Y101.55 E481.57767
G1 X132.711 Y101.984 E481.59291
G1 X132.756 Y102.436 E481.60802
G1 X132.698 Y102.997 E481.62677
G1 X132.41 Y103.629 E481.64987
G1 X132.017 Y104.038 E481.66874
G1 X131.549 Y104.36 E481.68763
G1 X130.889 Y104.541 E481.7104
G0 F15000 X130.845 Y104.138
;TYPE:WALL-OUTER
G1 F5400 X130.291 Y104.108 E481.72885
G1 X129.774 Y103.906 E481.74731
G1 X129.404 Y103.586 E481.76358
G1 X129.19 Y103.297 E481.77554
G1 X129.008 Y102.9 E481.79007
G1 X128.945 Y102.339 E481.80884
G1 X129.063 Y101.803 E481.8271
G1 X129.317 Y101.391 E481.8432
G1 X129.533 Y101.159 E481.85374
G1 X129.879 Y100.921 E481.86771
G1 X130.218 Y100.794 E481.87975
G1 X130.657 Y100.72 E481.89455
G1 X131.129 Y100.805 E481.91051
G1 X131.47 Y100.943 E481.92274
G1 X131.774 Y101.158 E481.93513
G1 X131.994 Y101.39 E481.94576
G1 X132.206 Y101.739 E481.95934
G1 X132.319 Y102.089 E481.97157
G1 X132.356 Y102.436 E481.98318
G1 X132.31 Y102.871 E481.99773
G1 X132.075 Y103.4 E482.01698
G1 X131.738 Y103.745 E482.03302
G1 X131.379 Y103.992 E482.04752
G1 X130.845 Y104.138 E482.06593
G1 F2400 E481.26593
G0 F15000 X130.829 Y104.449
G0 X130.785 Y104.717
G0 X130.659 Y130.133
G0 X130.859 Y134.134
G1 F2400 E482.06593
G1 F5400 X130.29 Y134.111 E482.08487
G1 X129.774 Y133.906 E482.10334
G1 X129.404 Y133.586 E482.11961
G1 X129.212 Y133.334 E482.13014
G1 X129.004 Y132.9 E482.14615
G1 X128.945 Y132.339 E482.16491
G1 X129.063 Y131.803 E482.18317
G1 X129.317 Y131.391 E482.19927
G1 X129.533 Y131.159 E482.20981
G1 X129.879 Y130.921 E482.22378
G1 X130.218 Y130.794 E482.23582
G1 X130.66 Y130.721 E482.25072
G1 X131.129 Y130.805 E482.26656
G1 X131.47 Y130.943 E482.2788
G1 X131.774 Y131.158 E482.29118
G1 X131.994 Y131.39 E482.30182
G1 X132.206 Y131.739 E482.3154
G1 X132.319 Y132.089 E482.32763
G1 X132.356 Y132.436 E482.33924
G1 X132.31 Y132.871 E482.35379
G1 X132.075 Y133.4 E482.37304
G1 X131.738 Y133.745 E482.38908
G1 X131.371 Y133.992 E482.40379
G1 X130.859 Y134.134 E482.42147
G1 F2400 E481.62147
G0 F15000 X130.942 Y134.435
G0 X130.236 Y134.359
G0 X128.701 Y133.62
G0 X127.087 Y133.62
G0 X111.433 Y132.185
G1 F2400 E482.42147
G1 F4285.7 X125.743 Y132.184 E483.02117
G1 F4518.8 X126.74 Y132.241 E483.06086
G1 F5070.4 X126.856 Y132.395 E483.06769
G1 F5400 X126.856 Y137.16 E483.22617
G1 X126.985 Y137.556 E483.24002
G1 X127.174 Y137.817 E483.25074
G1 X127.375 Y137.997 E483.25972
G1 X127.598 Y138.128 E483.26832
G1 X127.847 Y138.207 E483.27701
G1 X128.096 Y138.236 E483.28534
G1 X133.197 Y138.236 E483.455
G1 X133.466 Y138.207 E483.464
G1 X133.714 Y138.128 E483.47266
G1 X133.936 Y137.998 E483.48122
G1 X134.134 Y137.817 E483.49014
G1 X134.327 Y137.555 E483.50096
G1 X134.427 Y137.249 E483.51167
G1 X134.456 Y136.996 E483.52014
G1 X134.456 Y99.785 E484.75778
G1 X134.382 Y99.437 E484.76962
G1 X134.217 Y99.15 E484.78063
G1 X134.041 Y98.954 E484.78939
G1 X133.835 Y98.807 E484.79781
G1 X133.534 Y98.672 E484.80878
G1 X133.216 Y98.636 E484.81942
G1 X128.009 Y98.636 E484.99261
G1 X127.723 Y98.696 E485.00233
G1 X127.486 Y98.802 E485.01096
G1 X127.267 Y98.962 E485.01998
G1 X127.099 Y99.147 E485.02829
G1 X126.964 Y99.382 E485.03731
G1 X126.885 Y99.627 E485.04587
G1 X126.856 Y99.876 E485.05421
G1 X126.856 Y102.501 E485.14152
G1 F5082.4 X126.735 Y102.632 E485.14782
G1 F4547.4 X125.656 Y102.686 E485.19049
G1 F4302.8 X97.569 Y102.688 E486.36288
G1 F4518.8 X96.577 Y102.631 E486.40237
G1 F5070.4 X96.456 Y102.499 E486.40872
G1 F5400 X96.456 Y99.785 E486.49898
G1 X96.382 Y99.437 E486.51082
G1 X96.217 Y99.15 E486.52183
G1 X96.041 Y98.954 E486.53059
G1 X95.835 Y98.807 E486.53901
G1 X95.534 Y98.672 E486.54998
G1 X95.216 Y98.636 E486.56062
G1 X90.005 Y98.636 E486.73394
G1 X89.727 Y98.696 E486.7434
G1 X89.476 Y98.807 E486.75253
G1 X89.271 Y98.954 E486.76092
G1 X89.095 Y99.15 E486.76968
G1 X88.964 Y99.378 E486.77843
G1 X88.885 Y99.627 E486.78712
G1 X88.856 Y99.876 E486.79545
G1 X88.856 Y137.16 E488.03552
G1 X88.985 Y137.556 E488.04938
G1 X89.174 Y137.817 E488.06009
G1 X89.375 Y137.997 E488.06907
G1 X89.598 Y138.128 E488.07767
G1 X89.847 Y138.207 E488.08636
G1 X90.096 Y138.236 E488.0947
G1 X95.197 Y138.236 E488.26436
G1 X95.466 Y138.207 E488.27336
G1 X95.714 Y138.128 E488.28201
G1 X95.936 Y137.998 E488.29057
G1 X96.134 Y137.817 E488.29949
G1 X96.327 Y137.555 E488.31031
G1 X96.427 Y137.249 E488.32102
G1 X96.456 Y136.996 E488.32949
G1 X96.457 Y132.413 E488.48192
G1 F5082.4 X96.58 Y132.24 E488.48942
G1 F4547.4 X97.656 Y132.186 E488.53198
G1 F4311.4 X111.433 Y132.185 E489.1059
G0 F15000 X111.441 Y131.686
G1 F4320 X97.656 Y131.686 E489.67902
G1 F4800 X97.456 Y131.436 E489.691
G1 F5400 X97.456 Y103.436 E490.62228
G1 F4778.8 X97.612 Y103.187 E490.63332
G1 F4302.8 X125.656 Y103.186 E491.80392
G1 F4800 X125.856 Y103.436 E491.8159
G1 F5400 X125.856 Y131.436 E492.74718
G1 F4778.8 X125.7 Y131.685 E492.75823
G1 F4294.2 X111.441 Y131.686 E493.3546
G1 F2400 E492.5546
G0 F15000 X111.441 Y131.947
G0 X96.219 Y131.999
G0 X95.878 Y134.44
G0 X94.133 Y134.178
G0 X92.859 Y134.134
G1 F2400 E493.3546
G1 F5400 X92.29 Y134.111 E493.37355
G1 X91.774 Y133.906 E493.39201
G1 X91.404 Y133.586 E493.40828
G1 X91.212 Y133.334 E493.41882
G1 X91.004 Y132.9 E493.43483
G1 X90.945 Y132.338 E493.45362
G1 X91.063 Y131.803 E493.47184
G1 X91.317 Y131.391 E493.48794
G1 X91.571 Y131.126 E493.50015
G1 X91.934 Y130.88 E493.51474
G1 X92.479 Y130.73 E493.53354
G1 X93.022 Y130.764 E493.55163
G1 X93.474 Y130.947 E493.56785
G1 X93.774 Y131.158 E493.58005
G1 X93.994 Y131.39 E493.59068
G1 X94.197 Y131.717 E493.60348
G1 X94.319 Y132.089 E493.61651
G1 X94.356 Y132.436 E493.62811
G1 X94.31 Y132.871 E493.64266
G1 X94.075 Y133.4 E493.66191
G1 X93.738 Y133.745 E493.67795
G1 X93.371 Y133.992 E493.69267
G1 X92.859 Y134.134 E493.71034
G1 F2400 E492.91034
G0 F15000 X92.942 Y134.435
G0 X93.484 Y134.221
G0 X93.92 Y133.925
G0 X94.285 Y133.538
G0 X94.551 Y132.96
G0 X94.609 Y132.437
G0 X94.564 Y132.018
G0 X94.428 Y131.618
G0 X94.21 Y131.257
G0 X93.949 Y130.981
G0 X92.547 Y130.152
G0 X92.932 Y104.717
G0 X92.839 Y104.136
G1 F2400 E493.71034
G1 F5400 X92.288 Y104.11 E493.72869
G1 X91.774 Y103.906 E493.74708
G1 X91.404 Y103.586 E493.76335
G1 X91.212 Y103.334 E493.77389
G1 X91.004 Y102.9 E493.78989
G1 X90.945 Y102.338 E493.80869
G1 X91.063 Y101.803 E493.82691
G1 X91.317 Y101.391 E493.84301
G1 X91.571 Y101.126 E493.85522
G1 X91.934 Y100.88 E493.8698
G1 X92.465 Y100.735 E493.88811
G1 X93.025 Y100.762 E493.90676
G1 X93.474 Y100.947 E493.92291
G1 X93.774 Y101.158 E493.93511
G1 X93.994 Y101.39 E493.94574
G1 X94.206 Y101.739 E493.95932
G1 X94.31 Y102.047 E493.97014
G1 X94.356 Y102.454 E493.98376
G1 X94.305 Y102.892 E493.99843
G1 X94.075 Y103.4 E494.01697
G1 X93.738 Y103.745 E494.03301
G1 X93.378 Y103.992 E494.04753
G1 X92.839 Y104.136 E494.06609
G1 F2400 E493.26609
G0 F15000 X92.823 Y104.448
G0 X92.932 Y104.717
G0 X95.861 Y132.347
G0 X95.087 Y137.476
;TYPE:SKIN
G1 F2400 E494.06609
G1 F5400 X90.142 Y137.476 E494.23056
G1 X89.911 Y137.425 E494.23843
G1 X89.734 Y137.297 E494.2457
G1 X89.617 Y137.036 E494.25521
G1 X89.616 Y133.893 E494.35975
G1 F4909.1 X89.655 Y133.279 E494.38225
G1 F4302.8 X89.678 Y133.138 E494.38822
G1 F4268.8 X89.66 Y132.181 E494.42849
G1 F4864.9 X89.617 Y131.595 E494.45018
G1 F5400 X89.616 Y103.893 E495.37155
G1 F4909.1 X89.655 Y103.279 E495.39406
G1 F4302.8 X89.678 Y103.138 E495.40003
G1 F4268.8 X89.66 Y102.181 E495.4403
G1 F4864.9 X89.617 Y101.595 E495.46199
G1 F5400 X89.616 Y99.924 E495.51757
G1 X89.664 Y99.687 E495.52561
G1 X89.781 Y99.525 E495.53226
G1 X90.012 Y99.396 E495.54106
G1 X91.67 Y99.396 E495.5962
G1 F4853.9 X92.344 Y99.441 E495.6212
G1 F4337.3 X93.126 Y99.45 E495.65358
G1 F4695.7 X93.469 Y99.403 E495.66682
G1 F5307.1 X95.289 Y99.396 E495.72842
G1 F5400 X95.445 Y99.466 E495.7341
G1 X95.598 Y99.603 E495.74094
G1 X95.696 Y99.859 E495.75005
G1 X95.699 Y101.284 E495.79745
G1 F4695.7 X95.64 Y101.886 E495.82058
G1 F4252 X95.653 Y102.517 E495.84724
G1 F4821.4 X95.794 Y102.851 E495.86075
G1 F5400 X95.941 Y103.085 E495.86994
G1 X96.177 Y103.267 E495.87985
G1 X96.696 Y103.414 E495.89779
G1 X96.696 Y131.462 E496.83067
G1 X96.173 Y131.601 E496.84867
G1 X95.957 Y131.781 E496.85802
G1 F5320.2 X95.743 Y132.116 E496.87144
G1 F4821.4 X95.658 Y132.352 E496.88079
G1 F4277.2 X95.636 Y133.131 E496.91351
G1 F4285.7 X95.658 Y133.266 E496.91924
G1 F4898 X95.698 Y133.877 E496.9417
G1 F5400 X95.696 Y136.945 E497.04374
G1 X95.639 Y137.198 E497.05237
G1 X95.482 Y137.378 E497.06031
G1 X95.262 Y137.476 E497.06832
G1 X95.087 Y137.476 E497.07414
G1 F2400 E496.27414
G0 F15000 X95.522 Y137.646
G0 X92.897 Y137.636
G0 X92.905 Y134.721
G0 X92.935 Y134.897
G1 F2400 E497.07414
G1 F5400 X93.693 Y134.689 E497.10028
G1 X94.265 Y134.3 E497.12329
G1 X94.623 Y133.924 E497.14056
G1 X94.767 Y133.708 E497.14919
G1 F4898 X95.072 Y133.14 E497.17283
G1 F4285.7 X95.113 Y133.086 E497.17568
G1 F4243.6 X95.162 Y132.408 E497.20445
G1 F4778.8 X95.088 Y132.073 E497.21734
G1 F5320.2 X95.065 Y131.907 E497.223
G1 F5400 X94.874 Y131.368 E497.24202
G1 X94.628 Y130.96 E497.25786
G1 X94.279 Y130.579 E497.27505
G1 X93.791 Y130.25 E497.29462
G1 X93.193 Y130.01 E497.31605
G1 X92.529 Y129.972 E497.33818
G1 X92.277 Y129.996 E497.34659
G1 X91.766 Y130.135 E497.36421
G1 X91.503 Y130.254 E497.37381
G1 X91.071 Y130.546 E497.39115
G1 X90.706 Y130.926 E497.40868
G1 X90.428 Y131.381 E497.42641
G1 X90.322 Y131.642 E497.43578
G1 F4768.2 X90.135 Y132.257 E497.45999
G1 F4462.8 X90.195 Y133.071 E497.49284
G1 F5011.6 X90.556 Y133.725 E497.51961
G1 F5400 X90.848 Y134.11 E497.53568
G1 X91.376 Y134.567 E497.55891
G1 X91.979 Y134.803 E497.58045
G1 X92.249 Y134.864 E497.58965
G1 X92.935 Y134.897 E497.6125
G1 F2400 E496.8125
G0 F15000 X92.897 Y134.641
G0 X93.92 Y133.925
G0 X94.285 Y133.538
G0 X94.551 Y132.96
G0 X94.609 Y132.437
G0 X94.564 Y132.018
G0 X94.428 Y131.618
G0 X94.21 Y131.257
G0 X93.949 Y130.981
G0 X92.547 Y130.152
G0 X92.932 Y104.717
G0 X92.941 Y104.896
G1 F2400 E497.6125
G1 F5400 X93.546 Y104.733 E497.63334
G1 X93.801 Y104.618 E497.64264
G1 X94.261 Y104.299 E497.66126
G1 X94.712 Y103.827 E497.68297
G1 X95.034 Y103.124 E497.70869
G1 F5373.1 X95.075 Y102.858 E497.71769
G1 F4736.8 X95.166 Y102.46 E497.73317
G1 F4202.3 X95.122 Y101.913 E497.75662
G1 F4695.7 X94.88 Y101.376 E497.77915
G1 F5400 X94.624 Y100.952 E497.79562
G1 X94.242 Y100.551 E497.81404
G1 X93.834 Y100.271 E497.8305
G1 F5307.1 X93.342 Y100.06 E497.84862
G1 F5070.4 X93.31 Y100.037 E497.85002
G1 F4566.6 X93.073 Y99.952 E497.85992
G1 F4337.3 X92.386 Y99.926 E497.88839
G1 F4853.9 X91.728 Y100.147 E497.91407
G1 F5400 X91.48 Y100.269 E497.92326
G1 X91.068 Y100.545 E497.93976
G1 X90.705 Y100.927 E497.95728
G1 X90.428 Y101.381 E497.97497
G1 X90.322 Y101.642 E497.98434
G1 F4768.2 X90.135 Y102.257 E498.00855
G1 F4462.8 X90.195 Y103.071 E498.0414
G1 F5011.6 X90.556 Y103.725 E498.06817
G1 F5400 X90.848 Y104.11 E498.08425
G1 X91.376 Y104.567 E498.10747
G1 X91.974 Y104.803 E498.12885
G1 X92.25 Y104.864 E498.13825
G1 X92.941 Y104.896 E498.16126
G1 F2400 E497.36126
G0 F15000 X92.923 Y104.637
G0 X93.92 Y103.925
G0 X94.285 Y103.538
G0 X94.551 Y102.96
G0 X94.609 Y102.437
G0 X94.208 Y100.772
G0 X95.858 Y100.769
G0 X95.497 Y100.022
G1 F2400 E498.16126
G1 F5400 X95.071 Y99.596 E498.1813
G0 F15000 X94.505 Y99.596
G1 F5400 X95.498 Y100.589 E498.22801
G0 F15000 X95.499 Y101.156
G1 F5400 X93.94 Y99.597 E498.30134
G0 F15000 X93.831 Y100.053
G1 F5400 X93.405 Y99.627 E498.32138
G0 F15000 X93.405 Y99.136
G0 X92.057 Y99.236
G0 X92.307 Y100.18
G0 X91.931 Y99.851
G1 F5400 X91.678 Y99.597 E498.3333
G0 F15000 X91.527 Y100.012
G1 F5400 X91.111 Y99.596 E498.35287
G0 F15000 X90.545 Y99.596
G1 F5400 X91.181 Y100.232 E498.38278
G0 F15000 X90.856 Y100.473
G1 F5400 X90.01 Y99.626 E498.4226
G0 F15000 X89.816 Y99.998
G1 F5400 X90.583 Y100.766 E498.4587
G0 F15000 X90.361 Y101.109
G1 F5400 X89.817 Y100.565 E498.48429
G0 F15000 X89.817 Y101.131
G1 F5400 X90.171 Y101.485 E498.50094
G0 F15000 X89.835 Y101.714
G1 F5400 X90.015 Y101.894 E498.50941
G1 F2400 E497.70941
G0 F15000 X90.506 Y102.002
G0 X90.438 Y103.058
G0 X89.456 Y103.058
G0 X89.873 Y103.449
G1 F2400 E498.50941
G1 F5400 X96.496 Y110.072 E498.82093
G0 F15000 X96.496 Y109.507
G1 F5400 X92.002 Y105.013 E499.03232
G0 F15000 X92.636 Y105.081
G1 F5400 X96.496 Y108.941 E499.21388
G0 F15000 X96.496 Y108.375
G1 F5400 X93.167 Y105.046 E499.37046
G0 F15000 X93.609 Y104.923
G1 F5400 X96.496 Y107.81 E499.50626
G0 F15000 X96.496 Y107.244
G1 F5400 X93.988 Y104.736 E499.62423
G0 F15000 X94.323 Y104.505
G1 F5400 X96.496 Y106.678 E499.72644
G0 F15000 X96.496 Y106.113
G1 F5400 X94.608 Y104.225 E499.81525
G0 F15000 X94.882 Y103.933
G1 F5400 X96.496 Y105.547 E499.89116
G0 F15000 X96.496 Y104.981
G1 F5400 X95.06 Y103.545 E499.95871
G0 F15000 X95.238 Y103.158
G1 F5400 X96.496 Y104.416 E500.01788
G0 F15000 X96.496 Y103.85
G1 F5400 X96.109 Y103.462 E500.03611
G0 F15000 X95.65 Y103.004
G1 F5400 X95.341 Y102.695 E500.05064
G0 F15000 X94.836 Y102.643
G0 X94.887 Y101.939
G0 X95.86 Y101.938
G0 X95.435 Y101.657
G1 F5400 X95.051 Y101.273 E500.0687
G1 F2400 E499.2687
G0 F15000 X94.655 Y101.503
G0 X93.571 Y100.713
G0 X93.081 Y100.518
G0 X92.453 Y100.481
G0 X91.83 Y100.654
G0 X91.394 Y100.95
G0 X91.104 Y101.257
G0 X90.829 Y101.712
G0 X90.694 Y102.332
G0 X90.763 Y102.965
G0 X90.89 Y103.243
G0 X90.572 Y103.39
G0 X89.456 Y103.39
G0 X89.816 Y103.958
G1 F2400 E500.0687
G1 F5400 X96.496 Y110.638 E500.38291
G0 F15000 X96.496 Y111.204
G1 F5400 X89.816 Y104.524 E500.69712
G0 F15000 X89.816 Y105.09
G1 F5400 X96.496 Y111.77 E501.01132
G0 F15000 X96.496 Y112.335
G1 F5400 X89.816 Y105.655 E501.32553
G0 F15000 X89.816 Y106.221
G1 F5400 X96.496 Y112.901 E501.63974
G0 F15000 X96.496 Y113.467
G1 F5400 X89.816 Y106.787 E501.95394
G0 F15000 X89.816 Y107.352
G1 F5400 X96.496 Y114.032 E502.26815
G0 F15000 X96.496 Y114.598
G1 F5400 X89.816 Y107.918 E502.58236
G0 F15000 X89.816 Y108.484
G1 F5400 X96.496 Y115.164 E502.89656
G0 F15000 X96.496 Y115.729
G1 F5400 X89.816 Y109.049 E503.21077
G0 F15000 X89.816 Y109.615
G1 F5400 X96.496 Y116.295 E503.52498
G0 F15000 X96.496 Y116.861
G1 F5400 X89.816 Y110.181 E503.83918
G0 F15000 X89.816 Y110.746
G1 F5400 X96.496 Y117.426 E504.15339
G0 F15000 X96.496 Y117.992
G1 F5400 X89.816 Y111.312 E504.4676
G0 F15000 X89.816 Y111.878
G1 F5400 X96.496 Y118.558 E504.7818
G0 F15000 X96.496 Y119.123
G1 F5400 X89.816 Y112.443 E505.09601
G0 F15000 X89.816 Y113.009
G1 F5400 X96.496 Y119.689 E505.41022
G0 F15000 X96.496 Y120.255
G1 F5400 X89.816 Y113.575 E505.72443
G0 F15000 X89.816 Y114.14
G1 F5400 X96.496 Y120.821 E506.03866
G0 F15000 X96.496 Y121.386
G1 F5400 X89.816 Y114.706 E506.35286
G0 F15000 X89.816 Y115.272
G1 F5400 X96.496 Y121.952 E506.66707
G0 F15000 X96.496 Y122.518
G1 F5400 X89.816 Y115.838 E506.98128
G0 F15000 X89.816 Y116.403
G1 F5400 X96.496 Y123.083 E507.29548
G0 F15000 X96.496 Y123.649
G1 F5400 X89.816 Y116.969 E507.60969
G0 F15000 X89.816 Y117.535
G1 F5400 X96.496 Y124.215 E507.9239
G0 F15000 X96.496 Y124.78
G1 F5400 X89.816 Y118.1 E508.2381
G0 F15000 X89.816 Y118.666
G1 F5400 X96.496 Y125.346 E508.55231
G0 F15000 X96.496 Y125.912
G1 F5400 X89.816 Y119.232 E508.86652
G0 F15000 X89.816 Y119.797
G1 F5400 X96.496 Y126.477 E509.18072
G0 F15000 X96.496 Y127.043
G1 F5400 X89.816 Y120.363 E509.49493
G0 F15000 X89.816 Y120.929
G1 F5400 X96.496 Y127.609 E509.80914
G0 F15000 X96.496 Y128.174
G1 F5400 X89.816 Y121.494 E510.12334
G0 F15000 X89.816 Y122.06
G1 F5400 X96.496 Y128.74 E510.43755
G0 F15000 X96.496 Y129.306
G1 F5400 X89.816 Y122.626 E510.75176
G0 F15000 X89.816 Y123.191
G1 F5400 X96.496 Y129.871 E511.06596
G0 F15000 X96.496 Y130.437
G1 F5400 X89.816 Y123.757 E511.38017
G0 F15000 X89.816 Y124.323
G1 F5400 X96.496 Y131.003 E511.69438
G0 F15000 X96.285 Y131.358
G1 F5400 X89.816 Y124.888 E511.99868
G0 F15000 X89.816 Y125.454
G1 F5400 X95.912 Y131.55 E512.28542
G0 F15000 X95.662 Y131.866
G1 F5400 X95.022 Y131.226 E512.31552
G0 F15000 X95.299 Y132.068
G1 F5400 X95.462 Y132.232 E512.32321
G0 F15000 X95.311 Y133.212
G1 F5400 X95.425 Y133.326 E512.32858
G0 F15000 X95.093 Y133.56
G1 F5400 X95.498 Y133.965 E512.34763
G0 F15000 X95.498 Y134.531
G1 F5400 X94.875 Y133.907 E512.37695
G0 F15000 X94.618 Y134.216
G1 F5400 X95.498 Y135.096 E512.41835
G0 F15000 X95.498 Y135.661
G1 F5400 X94.335 Y134.499 E512.47303
G0 F15000 X93.999 Y134.728
G1 F5400 X95.497 Y136.226 E512.54349
G0 F15000 X95.497 Y136.792
G1 F5400 X93.62 Y134.915 E512.63178
G0 F15000 X93.177 Y135.038
G1 F5400 X95.355 Y137.215 E512.7342
G0 F15000 X94.849 Y137.276
G1 F5400 X92.661 Y135.087 E512.83714
G0 F15000 X92.025 Y135.017
G1 F5400 X94.283 Y137.276 E512.94337
G0 F15000 X93.718 Y137.276
G1 F5400 X89.875 Y133.432 E513.12416
G0 F15000 X89.816 Y133.939
G1 F5400 X93.152 Y137.276 E513.2811
G0 F15000 X92.586 Y137.276
G1 F5400 X89.816 Y134.505 E513.41141
G0 F15000 X89.816 Y135.071
G1 F5400 X92.021 Y137.276 E513.51513
G0 F15000 X91.455 Y137.276
G1 F5400 X89.817 Y135.637 E513.5922
G0 F15000 X89.817 Y136.203
G1 F5400 X90.889 Y137.276 E513.64265
G0 F15000 X90.324 Y137.276
G1 F5400 X89.817 Y136.769 E513.66649
G1 F2400 E512.86649
G0 F15000 X89.703 Y137.596
G0 X89.456 Y131.988
G0 X90.383 Y132.193
G0 X90.02 Y131.88
G1 F2400 E513.66649
G1 F5400 X89.831 Y131.692 E513.67536
G0 F15000 X90.176 Y131.471
G1 F5400 X89.816 Y131.111 E513.69229
G0 F15000 X90.368 Y131.097
G1 F5400 X89.816 Y130.545 E513.71826
G0 F15000 X89.816 Y129.98
G1 F5400 X90.592 Y130.755 E513.75474
G0 F15000 X90.867 Y130.465
G1 F5400 X89.816 Y129.414 E513.80417
G0 F15000 X89.816 Y128.848
G1 F5400 X91.19 Y130.222 E513.8688
G0 F15000 X91.548 Y130.014
G1 F5400 X89.816 Y128.283 E513.95024
G0 F15000 X89.816 Y127.717
G1 F5400 X91.974 Y129.875 E514.05175
G0 F15000 X92.447 Y129.782
G1 F5400 X89.816 Y127.151 E514.1755
G0 F15000 X89.816 Y126.586
G1 F5400 X93.029 Y129.799 E514.32663
G0 F15000 X93.856 Y130.06
G1 F5400 X89.816 Y126.02 E514.51666
G1 F2400 E513.71666
G0 F15000 X89.356 Y126.02
G0 X89.417 Y137.071
G0 X89.594 Y137.441
G0 X89.828 Y137.612
G0 X90.126 Y137.675
G0 X95.307 Y137.675
G0 X95.602 Y137.544
G0 X95.822 Y137.295
G0 X95.895 Y136.966
G0 X96.125 Y131.891
G0 X97.092 Y131.651
G0 X97.219 Y102.999
G0 X126.095 Y102.999
G0 X126.1 Y104.643
G0 X126.456 Y104.622
G0 X129.373 Y104.327
G0 X130.935 Y104.898
G1 F2400 E514.51666
G1 F5400 X131.542 Y104.733 E514.53758
G1 X131.805 Y104.614 E514.54719
G1 X132.234 Y104.321 E514.56446
G1 X132.6 Y103.952 E514.58175
G1 X132.767 Y103.707 E514.59161
G1 F4909.1 X133.071 Y103.14 E514.61515
G1 F4294.2 X133.112 Y103.085 E514.61802
G1 F4252 X133.161 Y102.462 E514.64442
G1 F4557 X133.123 Y101.933 E514.66532
G1 F5035 X132.88 Y101.372 E514.68713
G1 F5400 X132.628 Y100.956 E514.70331
G1 X132.269 Y100.573 E514.72077
G1 X131.831 Y100.264 E514.73859
G1 F5000 X131.277 Y99.987 E514.76084
G1 F4444.4 X130.652 Y99.909 E514.7863
G1 F4153.8 X130.006 Y99.989 E514.81444
G1 F4186 X129.963 Y100.02 E514.81671
G1 F4810.7 X129.477 Y100.263 E514.837
G1 F5400 X129.057 Y100.555 E514.85401
G1 X128.708 Y100.928 E514.871
G1 X128.429 Y101.375 E514.88853
G1 X128.321 Y101.643 E514.89814
G1 F4853.9 X128.141 Y102.239 E514.92118
G1 F4390.2 X128.152 Y102.495 E514.93166
G1 F4778.8 X128.231 Y102.844 E514.94511
G1 F5346.5 X128.274 Y103.133 E514.95492
G1 F5400 X128.538 Y103.697 E514.97564
G1 X128.874 Y104.137 E514.99405
G1 X129.258 Y104.465 E515.01085
G1 X129.493 Y104.608 E515.02
G1 X130.12 Y104.863 E515.04251
G1 X130.935 Y104.898 E515.06964
G1 F2400 E514.26964
G0 F15000 X130.905 Y104.622
G0 X130.659 Y130.133
G0 X130.935 Y134.897
G1 F2400 E515.06964
G1 F5400 X131.693 Y134.689 E515.09578
G1 X132.233 Y134.326 E515.11742
G1 X132.623 Y133.923 E515.13608
G1 X132.767 Y133.707 E515.14471
G1 F4909.1 X133.071 Y133.14 E515.16825
G1 F4294.2 X133.112 Y133.085 E515.17112
G1 F4252 X133.161 Y132.462 E515.19752
G1 F4557 X133.123 Y131.933 E515.21842
G1 F5035 X132.879 Y131.371 E515.24027
G1 F5400 X132.627 Y130.959 E515.25634
G1 X132.265 Y130.573 E515.27394
G1 X131.827 Y130.263 E515.29179
G1 X131.29 Y130.054 E515.31095
G1 X130.661 Y129.948 E515.33217
G1 X130.006 Y130.058 E515.35426
G1 X129.523 Y130.241 E515.37144
G1 X129.035 Y130.577 E515.39114
G1 X128.707 Y130.921 E515.40695
G1 X128.347 Y131.52 E515.4302
G1 F5373.1 X128.227 Y132.05 E515.44836
G1 F4864.9 X128.135 Y132.33 E515.45924
G1 F4557 X128.195 Y133.075 E515.4887
G1 F5011.6 X128.556 Y133.725 E515.51535
G1 F5400 X128.848 Y134.11 E515.53142
G1 X129.376 Y134.567 E515.55464
G1 X129.979 Y134.803 E515.57618
G1 X130.249 Y134.864 E515.58539
G1 X130.935 Y134.897 E515.60823
G1 F2400 E514.80823
G0 F15000 X130.897 Y134.641
G0 X130.041 Y134.637
G0 X130.041 Y137.636
G0 X127.932 Y137.695
G0 X128.142 Y137.476
G1 F2400 E515.60823
G1 F5400 X127.911 Y137.425 E515.6161
G1 X127.734 Y137.297 E515.62336
G1 X127.617 Y137.036 E515.63288
G1 X127.617 Y133.895 E515.73735
G1 F4909.1 X127.655 Y133.285 E515.75971
G1 F4302.8 X127.678 Y133.142 E515.76575
G1 F4277.2 X127.654 Y132.391 E515.7973
G1 F4675.3 X127.602 Y132.188 E515.80535
G1 F5023.3 X127.424 Y131.852 E515.81895
G1 F5268.3 X127.12 Y131.591 E515.83261
G1 F5400 X126.616 Y131.463 E515.8499
G1 X126.616 Y103.409 E516.78298
G1 X127.116 Y103.281 E516.80015
G1 X127.337 Y103.109 E516.80946
G1 X127.515 Y102.859 E516.81967
G1 F4832.2 X127.659 Y102.502 E516.83398
G1 F4390.2 X127.658 Y102.186 E516.84691
G1 F4853.9 X127.614 Y101.596 E516.8688
G1 F5400 X127.616 Y99.921 E516.92451
G1 X127.664 Y99.694 E516.93223
G1 X127.779 Y99.531 E516.93886
G1 X128.009 Y99.396 E516.94773
G1 X129.364 Y99.396 E516.9928
G1 F4810.7 X129.857 Y99.444 E517.01129
G1 F4186 X129.961 Y99.462 E517.01582
G1 F4268.8 X130.652 Y99.435 E517.04492
G1 F4285.7 X131.343 Y99.462 E517.0739
G1 F4210.5 X131.451 Y99.443 E517.07857
G1 F4821.4 X131.944 Y99.396 E517.09702
G1 F5400 X133.289 Y99.396 E517.14176
G1 X133.445 Y99.466 E517.14744
G1 X133.598 Y99.604 E517.1543
G1 X133.696 Y99.863 E517.16351
G1 X133.696 Y101.282 E517.2107
G1 F4716.2 X133.638 Y101.886 E517.23381
G1 F4285.7 X133.651 Y102.385 E517.25473
G1 F4252 X133.634 Y103.13 E517.28621
G1 F4294.2 X133.656 Y103.266 E517.29197
G1 F4909.1 X133.696 Y103.876 E517.31434
G1 F5400 X133.696 Y131.282 E518.22586
G1 F4716.2 X133.638 Y131.886 E518.24897
G1 F4285.7 X133.651 Y132.385 E518.26989
G1 F4252 X133.634 Y133.13 E518.30137
G1 F4294.2 X133.656 Y133.266 E518.30713
G1 F4909.1 X133.696 Y133.876 E518.32949
G1 F5400 X133.696 Y136.946 E518.4316
G1 X133.639 Y137.198 E518.4402
G1 X133.482 Y137.378 E518.44814
G1 X133.262 Y137.476 E518.45615
G1 X128.142 Y137.476 E518.62644
G0 F15000 X127.817 Y136.868
G1 F5400 X128.225 Y137.276 E518.64563
G0 F15000 X128.79 Y137.276
G1 F5400 X127.817 Y136.302 E518.69142
G0 F15000 X127.817 Y135.736
G1 F5400 X129.356 Y137.276 E518.76384
G0 F15000 X129.922 Y137.276
G1 F5400 X127.817 Y135.171 E518.86285
G0 F15000 X127.817 Y134.605
G1 F5400 X130.487 Y137.276 E518.98846
G0 F15000 X131.053 Y137.276
G1 F5400 X127.817 Y134.039 E519.1407
G0 F15000 X127.864 Y133.521
G1 F5400 X131.619 Y137.276 E519.31732
G0 F15000 X132.184 Y137.276
G1 F5400 X129.893 Y134.984 E519.42511
G0 F15000 X130.556 Y135.081
G1 F5400 X132.75 Y137.276 E519.52833
G0 F15000 X133.286 Y137.246
G1 F5400 X131.099 Y135.059 E519.6312
G0 F15000 X131.543 Y134.937
G1 F5400 X133.496 Y136.89 E519.72306
G0 F15000 X133.496 Y136.325
G1 F5400 X131.94 Y134.769 E519.79625
G0 F15000 X132.276 Y134.539
G1 F5400 X133.496 Y135.759 E519.85364
G0 F15000 X133.496 Y135.193
G1 F5400 X132.571 Y134.268 E519.89715
G0 F15000 X132.832 Y133.964
G1 F5400 X133.496 Y134.627 E519.92835
G0 F15000 X133.496 Y134.062
G1 F5400 X133.056 Y133.621 E519.94907
G0 F15000 X133.271 Y133.271
G1 F5400 X133.438 Y133.438 E519.95693
G0 F15000 X133.956 Y133.438
G0 X133.956 Y131.725
G0 X133.422 Y131.725
G1 F5400 X133.147 Y131.45 E519.96986
G0 F15000 X133.496 Y131.233
G1 F5400 X126.816 Y124.553 E520.28407
G0 F15000 X126.816 Y123.988
G1 F5400 X133.496 Y130.668 E520.59828
G0 F15000 X133.496 Y130.102
G1 F5400 X126.816 Y123.422 E520.91249
G0 F15000 X126.816 Y122.856
G1 F5400 X133.496 Y129.536 E521.22669
G0 F15000 X133.496 Y128.971
G1 F5400 X126.816 Y122.291 E521.5409
G0 F15000 X126.816 Y121.725
G1 F5400 X133.496 Y128.405 E521.85511
G0 F15000 X133.496 Y127.839
G1 F5400 X126.816 Y121.159 E522.16931
G0 F15000 X126.816 Y120.594
G1 F5400 X133.496 Y127.274 E522.48352
G0 F15000 X133.496 Y126.708
G1 F5400 X126.816 Y120.028 E522.79773
G0 F15000 X126.816 Y119.462
G1 F5400 X133.496 Y126.142 E523.11193
G0 F15000 X133.496 Y125.577
G1 F5400 X126.816 Y118.896 E523.42616
G0 F15000 X126.816 Y118.331
G1 F5400 X133.496 Y125.011 E523.74037
G0 F15000 X133.496 Y124.445
G1 F5400 X126.816 Y117.765 E524.05458
G0 F15000 X126.816 Y117.199
G1 F5400 X133.496 Y123.879 E524.36878
G0 F15000 X133.496 Y123.314
G1 F5400 X126.816 Y116.634 E524.68299
G0 F15000 X126.816 Y116.068
G1 F5400 X133.496 Y122.748 E524.9972
G0 F15000 X133.496 Y122.182
G1 F5400 X126.816 Y115.502 E525.3114
G0 F15000 X126.816 Y114.937
G1 F5400 X133.496 Y121.617 E525.62561
G0 F15000 X133.496 Y121.051
G1 F5400 X126.816 Y114.371 E525.93982
G0 F15000 X126.816 Y113.805
G1 F5400 X133.496 Y120.485 E526.25402
G0 F15000 X133.496 Y119.92
G1 F5400 X126.816 Y113.24 E526.56823
G0 F15000 X126.816 Y112.674
G1 F5400 X133.496 Y119.354 E526.88244
G0 F15000 X133.496 Y118.788
G1 F5400 X126.816 Y112.108 E527.19664
G0 F15000 X126.816 Y111.543
G1 F5400 X133.496 Y118.223 E527.51085
G0 F15000 X133.496 Y117.657
G1 F5400 X126.816 Y110.977 E527.82506
G0 F15000 X126.816 Y110.411
G1 F5400 X133.496 Y117.091 E528.13926
G0 F15000 X133.496 Y116.526
G1 F5400 X126.816 Y109.846 E528.45347
G0 F15000 X126.816 Y109.28
G1 F5400 X133.496 Y115.96 E528.76768
G0 F15000 X133.496 Y115.394
G1 F5400 X126.816 Y108.714 E529.08188
G0 F15000 X126.816 Y108.148
G1 F5400 X133.496 Y114.828 E529.39609
G0 F15000 X133.496 Y114.263
G1 F5400 X126.816 Y107.583 E529.7103
G0 F15000 X126.816 Y107.017
G1 F5400 X133.496 Y113.697 E530.0245
G0 F15000 X133.496 Y113.131
G1 F5400 X126.816 Y106.451 E530.33871
G0 F15000 X126.816 Y105.886
G1 F5400 X133.496 Y112.566 E530.65292
G0 F15000 X133.496 Y112
G1 F5400 X126.816 Y105.32 E530.96712
G0 F15000 X126.816 Y104.754
G1 F5400 X133.496 Y111.434 E531.28133
G0 F15000 X133.496 Y110.869
G1 F5400 X126.816 Y104.189 E531.59554
G0 F15000 X126.816 Y103.623
G1 F5400 X133.496 Y110.303 E531.90974
G0 F15000 X133.496 Y109.737
G1 F5400 X127.217 Y103.458 E532.20509
G0 F15000 X127.515 Y103.191
G1 F5400 X133.496 Y109.172 E532.48642
G0 F15000 X133.496 Y108.606
G1 F5400 X129.868 Y104.978 E532.65707
G0 F15000 X130.538 Y105.082
G1 F5400 X133.496 Y108.04 E532.7962
G0 F15000 X133.496 Y107.475
G1 F5400 X131.083 Y105.062 E532.9097
G0 F15000 X131.531 Y104.944
G1 F5400 X133.496 Y106.909 E533.00213
G0 F15000 X133.496 Y106.343
G1 F5400 X131.926 Y104.773 E533.07598
G0 F15000 X132.263 Y104.544
G1 F5400 X133.496 Y105.778 E533.134
G0 F15000 X133.496 Y105.212
G1 F5400 X132.561 Y104.277 E533.17798
G0 F15000 X132.824 Y103.974
G1 F5400 X133.496 Y104.646 E533.20959
G0 F15000 X133.496 Y104.08
G1 F5400 X133.048 Y103.632 E533.23066
G0 F15000 X133.264 Y103.283
G1 F5400 X133.442 Y103.46 E533.23901
G0 F15000 X133.956 Y103.46
G0 X133.956 Y101.741
G0 X133.42 Y101.741
G1 F5400 X133.169 Y101.491 E533.25079
G0 F15000 X133.496 Y101.252
G1 F5400 X131.858 Y99.614 E533.32784
G0 F15000 X131.509 Y99.831
G1 F5400 X131.39 Y99.712 E533.33343
G0 F15000 X131.39 Y99.136
G0 X132.406 Y99.136
G0 X132.406 Y99.597
G1 F5400 X133.496 Y100.686 E533.38468
G0 F15000 X133.496 Y100.121
G1 F5400 X132.972 Y99.597 E533.40933
G1 F2400 E532.60933
G0 F15000 X133.68 Y99.327
G0 X133.4 Y99.222
G0 X130.003 Y99.236
G0 X130.164 Y100.195
G0 X129.806 Y99.825
G1 F2400 E533.40933
G1 F5400 X129.63 Y99.648 E533.41763
G0 F15000 X129.461 Y100.045
G1 F5400 X129.012 Y99.596 E533.43875
G0 F15000 X128.446 Y99.596
G1 F5400 X129.118 Y100.268 E533.47036
G0 F15000 X128.809 Y100.525
G1 F5400 X127.949 Y99.665 E533.51081
G0 F15000 X127.815 Y100.097
G1 F5400 X128.538 Y100.819 E533.54479
G0 F15000 X128.325 Y101.172
G1 F5400 X127.815 Y100.662 E533.56878
G0 F15000 X127.814 Y101.227
G1 F5400 X128.143 Y101.555 E533.58424
G0 F15000 X127.848 Y101.826
G1 F5400 X127.987 Y101.966 E533.5908
G0 F15000 X127.74 Y102.85
G1 F5400 X128.09 Y103.199 E533.60724
G1 F2400 E532.80724
G0 F15000 X128.513 Y103.034
G0 X129.373 Y104.327
G0 X126.456 Y104.327
G0 X126.816 Y125.119
G1 F2400 E533.60724
G1 F5400 X131.685 Y129.988 E533.83626
G0 F15000 X130.921 Y129.789
G1 F5400 X126.816 Y125.685 E534.02932
G0 F15000 X126.816 Y126.25
G1 F5400 X130.361 Y129.796 E534.19609
G0 F15000 X129.886 Y129.886
G1 F5400 X126.816 Y126.816 E534.3405
G0 F15000 X126.816 Y127.382
G1 F5400 X129.478 Y130.044 E534.46571
G0 F15000 X129.131 Y130.263
G1 F5400 X126.816 Y127.947 E534.57462
G0 F15000 X126.816 Y128.513
G1 F5400 X128.818 Y130.515 E534.66879
G0 F15000 X128.542 Y130.805
G1 F5400 X126.816 Y129.079 E534.74998
G0 F15000 X126.816 Y129.644
G1 F5400 X128.329 Y131.158 E534.82117
G0 F15000 X128.14 Y131.534
G1 F5400 X126.816 Y130.21 E534.88344
G0 F15000 X126.816 Y130.776
G1 F5400 X128.034 Y131.994 E534.94073
G1 F2400 E534.14073
;MESH:NONMESH
G0 F300 X128.034 Y131.994 Z2
G0 F15000 X128.486 Y132.094
G0 X128.516 Y131.588
G0 X93.736 Y104.451
G0 X92.905 Y104.536
;TIME_ELAPSED:653.936363
;LAYER:9
;TYPE:WALL-INNER
;MESH:Camera mount.stl(1)
G1 F2400 E534.94073
G1 F5400 X92.205 Y104.508 E534.96403
G1 X91.566 Y104.254 E534.9869
G1 X91.124 Y103.878 E535.00621
G1 X90.856 Y103.526 E535.02092
G1 X90.614 Y103.008 E535.03994
G1 X90.543 Y102.303 E535.0635
G1 X90.688 Y101.651 E535.08572
G1 X90.984 Y101.162 E535.10473
G1 X91.289 Y100.835 E535.1196
G1 X91.667 Y100.579 E535.13479
G1 X92.089 Y100.41 E535.14991
G1 X92.657 Y100.315 E535.16906
G1 X93.221 Y100.411 E535.18809
G1 X93.642 Y100.577 E535.20314
G1 X94.02 Y100.837 E535.2184
G1 X94.325 Y101.157 E535.2331
G1 X94.564 Y101.55 E535.2484
G1 X94.711 Y101.984 E535.26364
G1 X94.756 Y102.436 E535.27875
G1 X94.698 Y102.999 E535.29758
G1 X94.411 Y103.628 E535.32057
G1 X94.014 Y104.04 E535.3396
G1 X93.549 Y104.36 E535.35837
G1 X92.905 Y104.536 E535.38058
G1 F2400 E534.58058
G0 F15000 X92.654 Y130.133
G0 X92.884 Y134.54
G1 F2400 E535.38058
G1 F5400 X92.204 Y134.507 E535.40322
G1 X91.566 Y134.254 E535.42605
G1 X91.124 Y133.878 E535.44535
G1 X90.856 Y133.526 E535.46007
G1 X90.614 Y133.008 E535.47908
G1 X90.543 Y132.303 E535.50265
G1 X90.688 Y131.651 E535.52486
G1 X90.984 Y131.162 E535.54388
G1 X91.286 Y130.838 E535.55861
G1 X91.671 Y130.577 E535.57408
G1 X92.092 Y130.41 E535.58914
G1 X92.655 Y130.315 E535.60813
G1 X93.22 Y130.411 E535.62719
G1 X93.642 Y130.577 E535.64228
G1 X94.02 Y130.837 E535.65754
G1 X94.329 Y131.162 E535.67245
G1 X94.558 Y131.545 E535.68729
G1 X94.711 Y131.981 E535.70266
G1 X94.756 Y132.436 E535.71787
G1 X94.698 Y132.997 E535.73663
G1 X94.411 Y133.629 E535.75971
G1 X94.018 Y134.038 E535.77858
G1 X93.563 Y134.351 E535.79695
G1 X92.884 Y134.54 E535.82039
G1 F2400 E535.02039
G0 F15000 X93.626 Y134.526
G0 X95.878 Y134.53
G0 X95.087 Y137.836
G1 F2400 E535.82039
G1 F5400 X95.262 Y137.836 E535.82621
G1 X95.509 Y137.783 E535.83461
G1 X95.701 Y137.675 E535.84194
G1 X95.96 Y137.381 E535.85497
G1 X96.056 Y137.094 E535.86504
G1 X96.059 Y132.369 E536.02219
G1 X96.095 Y132.222 E536.02722
G1 X96.236 Y132.007 E536.03578
G1 X96.358 Y131.914 E536.04088
G1 X96.656 Y131.836 E536.05112
G1 X97.456 Y131.836 E536.07773
G1 X97.056 Y131.436 E536.09655
G1 X97.056 Y103.436 E537.02783
G1 X97.393 Y103.035 E537.04525
G1 X96.656 Y103.036 E537.06976
G1 X96.359 Y102.958 E537.07998
G1 X96.212 Y102.841 E537.08623
G1 X96.108 Y102.682 E537.09255
G1 X96.059 Y102.502 E537.09875
G1 X96.056 Y99.828 E537.18769
G1 X95.921 Y99.421 E537.20195
G1 X95.778 Y99.259 E537.20914
G1 X95.469 Y99.082 E537.22098
G1 X95.256 Y99.036 E537.22823
G1 X90.048 Y99.036 E537.40145
G1 X89.638 Y99.171 E537.41581
G1 X89.349 Y99.49 E537.43012
G1 X89.256 Y99.776 E537.44012
G1 X89.256 Y137.041 E538.67956
G1 X89.299 Y137.242 E538.6864
G1 X89.471 Y137.55 E538.69813
G1 X89.762 Y137.762 E538.71011
G1 X89.985 Y137.836 E538.71792
G1 X95.087 Y137.836 E538.88762
G1 F2400 E538.08762
G0 F15000 X95.77 Y137.451
G0 X96.208 Y137.125
G0 X96.219 Y131.999
G0 X127.095 Y131.999
G0 X127.283 Y137.025
G0 X127.682 Y137.584
G0 X127.994 Y137.836
G1 F2400 E538.88762
G1 F5400 X133.261 Y137.836 E539.0628
G1 X133.506 Y137.784 E539.07113
G1 X133.702 Y137.671 E539.07865
G1 X133.938 Y137.415 E539.09023
G1 X134.056 Y137.046 E539.10312
G1 X134.056 Y99.828 E540.34099
G1 X133.921 Y99.421 E540.35526
G1 X133.778 Y99.259 E540.36244
G1 X133.469 Y99.082 E540.37429
G1 X133.256 Y99.036 E540.38153
G1 X128.047 Y99.036 E540.55479
G1 X127.639 Y99.171 E540.56908
G1 X127.349 Y99.49 E540.58342
G1 X127.256 Y99.776 E540.59342
G1 X127.255 Y102.478 E540.68329
G1 X127.204 Y102.683 E540.69032
G1 X127.094 Y102.848 E540.69691
G1 X126.953 Y102.958 E540.70286
G1 X126.656 Y103.036 E540.71307
G1 X125.856 Y103.036 E540.73968
G1 X126.256 Y103.436 E540.7585
G1 X126.256 Y131.436 E541.68978
G1 X125.919 Y131.837 E541.7072
G1 X126.656 Y131.836 E541.73172
G1 X126.954 Y131.914 E541.74196
G1 X127.138 Y132.078 E541.75016
G1 X127.256 Y132.315 E541.75896
G1 X127.256 Y137.041 E541.91615
G1 X127.298 Y137.242 E541.92298
G1 X127.472 Y137.55 E541.93475
G1 X127.749 Y137.754 E541.94619
G1 X127.994 Y137.836 E541.95478
G1 F2400 E541.15478
G0 F15000 X127.682 Y137.584
G0 X128.02 Y137.675
G0 X130.884 Y137.636
G0 X130.905 Y134.721
G0 X130.884 Y134.54
G1 F2400 E541.95478
G1 F5400 X130.204 Y134.507 E541.97743
G1 X129.566 Y134.254 E542.00025
G1 X129.124 Y133.878 E542.01955
G1 X128.856 Y133.526 E542.03427
G1 X128.615 Y133.009 E542.05324
G1 X128.541 Y132.314 E542.07649
G1 X128.682 Y131.675 E542.09825
G1 X128.981 Y131.165 E542.11791
G1 X129.285 Y130.839 E542.13274
G1 X129.668 Y130.574 E542.14823
G1 X130.092 Y130.41 E542.16335
G1 X130.659 Y130.315 E542.18247
G1 X131.216 Y130.41 E542.20127
G1 X131.64 Y130.574 E542.21639
G1 X132.019 Y130.836 E542.23171
G1 X132.325 Y131.157 E542.24646
G1 X132.564 Y131.55 E542.26176
G1 X132.711 Y131.984 E542.277
G1 X132.756 Y132.436 E542.29211
G1 X132.698 Y132.997 E542.31087
G1 X132.411 Y133.629 E542.33395
G1 X132.018 Y134.038 E542.35282
G1 X131.563 Y134.351 E542.37119
G1 X130.884 Y134.54 E542.39463
G1 F2400 E541.59463
G0 F15000 X131.92 Y133.925
G0 X132.285 Y133.538
G0 X132.551 Y132.96
G0 X132.609 Y132.437
G0 X132.564 Y132.018
G0 X132.428 Y131.618
G0 X132.21 Y131.257
G0 X131.975 Y131.009
G0 X130.659 Y130.133
G0 X130.785 Y104.717
G0 X130.889 Y104.541
G1 F2400 E542.39463
G1 F5400 X130.202 Y104.507 E542.41751
G1 X129.566 Y104.254 E542.44027
G1 X129.122 Y103.877 E542.45964
G1 X128.844 Y103.499 E542.47525
G1 X128.613 Y103.006 E542.49336
G1 X128.543 Y102.303 E542.51686
G1 X128.688 Y101.651 E542.53907
G1 X128.984 Y101.162 E542.55808
G1 X129.285 Y100.839 E542.57277
G1 X129.668 Y100.574 E542.58826
G1 X130.095 Y100.409 E542.60348
G1 X130.657 Y100.315 E542.62244
G1 X131.216 Y100.41 E542.6413
G1 X131.64 Y100.574 E542.65642
G1 X132.019 Y100.836 E542.67174
G1 X132.325 Y101.157 E542.68649
G1 X132.564 Y101.55 E542.70179
G1 X132.711 Y101.984 E542.71703
G1 X132.756 Y102.436 E542.73214
G1 X132.698 Y102.997 E542.7509
G1 X132.41 Y103.629 E542.774
G1 X132.017 Y104.038 E542.79286
G1 X131.549 Y104.36 E542.81176
G1 X130.889 Y104.541 E542.83452
G0 F15000 X130.845 Y104.138
;TYPE:WALL-OUTER
G1 F5400 X130.291 Y104.108 E542.85297
G1 X129.774 Y103.906 E542.87143
G1 X129.404 Y103.586 E542.8877
G1 X129.19 Y103.297 E542.89966
G1 X129.008 Y102.9 E542.91419
G1 X128.945 Y102.339 E542.93297
G1 X129.063 Y101.803 E542.95122
G1 X129.317 Y101.391 E542.96732
G1 X129.533 Y101.159 E542.97786
G1 X129.879 Y100.921 E542.99183
G1 X130.218 Y100.794 E543.00387
G1 X130.657 Y100.72 E543.01868
G1 X131.129 Y100.805 E543.03463
G1 X131.47 Y100.943 E543.04686
G1 X131.774 Y101.158 E543.05925
G1 X131.994 Y101.39 E543.06988
G1 X132.206 Y101.739 E543.08346
G1 X132.319 Y102.089 E543.0957
G1 X132.356 Y102.436 E543.1073
G1 X132.31 Y102.871 E543.12185
G1 X132.075 Y103.4 E543.1411
G1 X131.738 Y103.745 E543.15714
G1 X131.379 Y103.992 E543.17164
G1 X130.845 Y104.138 E543.19005
G1 F2400 E542.39005
G0 F15000 X130.829 Y104.449
G0 X130.785 Y104.717
G0 X130.659 Y130.133
G0 X130.859 Y134.134
G1 F2400 E543.19005
G1 F5400 X130.29 Y134.111 E543.20899
G1 X129.774 Y133.906 E543.22746
G1 X129.404 Y133.586 E543.24373
G1 X129.212 Y133.334 E543.25427
G1 X129.004 Y132.9 E543.27027
G1 X128.945 Y132.339 E543.28903
G1 X129.063 Y131.803 E543.30729
G1 X129.317 Y131.391 E543.32339
G1 X129.533 Y131.159 E543.33393
G1 X129.879 Y130.921 E543.3479
G1 X130.218 Y130.794 E543.35994
G1 X130.66 Y130.721 E543.37484
G1 X131.129 Y130.805 E543.39068
G1 X131.47 Y130.943 E543.40292
G1 X131.774 Y131.158 E543.4153
G1 X131.994 Y131.39 E543.42594
G1 X132.206 Y131.739 E543.43952
G1 X132.319 Y132.089 E543.45175
G1 X132.356 Y132.436 E543.46336
G1 X132.31 Y132.871 E543.47791
G1 X132.075 Y133.4 E543.49716
G1 X131.738 Y133.745 E543.5132
G1 X131.371 Y133.992 E543.52792
G1 X130.859 Y134.134 E543.54559
G1 F2400 E542.74559
G0 F15000 X130.942 Y134.435
G0 X130.236 Y134.359
G0 X128.701 Y133.62
G0 X127.087 Y133.62
G0 X111.433 Y132.185
G1 F2400 E543.54559
G1 F4285.7 X125.743 Y132.184 E544.14529
G1 F4518.8 X126.74 Y132.241 E544.18498
G1 F5070.4 X126.856 Y132.395 E544.19181
G1 F5400 X126.856 Y137.083 E544.34773
G1 X126.916 Y137.366 E544.35735
G1 X127.023 Y137.608 E544.36615
G1 X127.171 Y137.818 E544.3747
G1 X127.371 Y137.997 E544.38363
G1 X127.583 Y138.12 E544.39178
G1 X127.929 Y138.236 E544.40392
G1 X133.303 Y138.236 E544.58266
G1 X133.651 Y138.162 E544.59449
G1 X133.938 Y137.997 E544.6055
G1 X134.128 Y137.827 E544.61398
G1 X134.286 Y137.618 E544.62269
G1 X134.392 Y137.373 E544.63157
G1 X134.456 Y137.09 E544.64122
G1 X134.456 Y99.786 E545.88196
G1 X134.396 Y99.506 E545.89148
G1 X134.261 Y99.202 E545.90255
G1 X134.048 Y98.961 E545.91324
G1 X133.835 Y98.807 E545.92199
G1 X133.593 Y98.7 E545.93079
G1 X133.298 Y98.636 E545.94083
G1 X128.005 Y98.636 E546.11687
G1 X127.722 Y98.696 E546.12649
G1 X127.419 Y98.831 E546.13753
G1 X127.181 Y99.044 E546.14815
G1 X126.989 Y99.305 E546.15893
G1 X126.856 Y99.712 E546.17317
G1 X126.856 Y102.501 E546.26593
G1 F5082.4 X126.735 Y102.632 E546.27223
G1 F4547.4 X125.656 Y102.686 E546.3149
G1 F4302.8 X97.569 Y102.688 E547.4873
G1 F4518.8 X96.577 Y102.631 E547.52679
G1 F5070.4 X96.456 Y102.499 E547.53313
G1 F5400 X96.456 Y99.786 E547.62337
G1 X96.396 Y99.506 E547.63289
G1 X96.261 Y99.202 E547.64395
G1 X96.048 Y98.961 E547.65465
G1 X95.835 Y98.807 E547.66339
G1 X95.593 Y98.7 E547.67219
G1 X95.298 Y98.636 E547.68223
G1 X90.006 Y98.636 E547.85825
G1 X89.726 Y98.696 E547.86777
G1 X89.418 Y98.831 E547.87896
G1 X89.181 Y99.044 E547.88955
G1 X88.989 Y99.305 E547.90033
G1 X88.856 Y99.712 E547.91457
G1 X88.856 Y137.083 E549.15754
G1 X88.916 Y137.366 E549.16716
G1 X89.023 Y137.608 E549.17596
G1 X89.171 Y137.818 E549.1845
G1 X89.367 Y137.993 E549.19324
G1 X89.596 Y138.128 E549.20209
G1 X89.921 Y138.236 E549.21348
G1 X95.303 Y138.236 E549.39248
G1 X95.652 Y138.162 E549.40435
G1 X95.937 Y138.001 E549.41523
G1 X96.13 Y137.825 E549.42392
G1 X96.32 Y137.567 E549.43458
G1 X96.456 Y137.159 E549.44888
G1 X96.457 Y132.413 E549.60674
G1 F5082.4 X96.58 Y132.24 E549.61424
G1 F4547.4 X97.656 Y132.186 E549.65679
G1 F4311.4 X111.433 Y132.185 E550.23072
G0 F15000 X111.441 Y131.686
G1 F4320 X97.656 Y131.686 E550.80383
G1 F4800 X97.456 Y131.436 E550.81581
G1 F5400 X97.456 Y103.436 E551.74709
G1 F4778.8 X97.612 Y103.187 E551.75814
G1 F4302.8 X125.656 Y103.186 E552.92873
G1 F4800 X125.856 Y103.436 E552.94071
G1 F5400 X125.856 Y131.436 E553.872
G1 F4778.8 X125.7 Y131.685 E553.88304
G1 F4294.2 X111.441 Y131.686 E554.47942
G1 F2400 E553.67942
G0 F15000 X111.441 Y131.947
G0 X96.219 Y131.999
G0 X95.878 Y134.44
G0 X94.133 Y134.178
G0 X92.859 Y134.134
G1 F2400 E554.47942
G1 F5400 X92.29 Y134.111 E554.49836
G1 X91.774 Y133.906 E554.51683
G1 X91.404 Y133.586 E554.5331
G1 X91.212 Y133.334 E554.54363
G1 X91.004 Y132.9 E554.55964
G1 X90.945 Y132.338 E554.57843
G1 X91.063 Y131.803 E554.59666
G1 X91.317 Y131.391 E554.61275
G1 X91.567 Y131.13 E554.62478
G1 X91.839 Y130.946 E554.6357
G1 X92.218 Y130.794 E554.64928
G1 X92.654 Y130.721 E554.66398
G1 X93.13 Y130.805 E554.68006
G1 X93.434 Y130.925 E554.69093
G1 X93.774 Y131.158 E554.70464
G1 X93.994 Y131.39 E554.71527
G1 X94.197 Y131.717 E554.72807
G1 X94.319 Y132.089 E554.74109
G1 X94.356 Y132.436 E554.7527
G1 X94.31 Y132.871 E554.76725
G1 X94.075 Y133.4 E554.7865
G1 X93.738 Y133.745 E554.80254
G1 X93.371 Y133.992 E554.81726
G1 X92.859 Y134.134 E554.83493
G1 F2400 E554.03493
G0 F15000 X92.942 Y134.435
G0 X93.484 Y134.221
G0 X93.92 Y133.925
G0 X94.285 Y133.538
G0 X94.551 Y132.96
G0 X94.609 Y132.437
G0 X94.564 Y132.018
G0 X94.428 Y131.618
G0 X94.21 Y131.257
G0 X93.975 Y131.009
G0 X92.654 Y130.133
G0 X92.932 Y104.717
G0 X92.839 Y104.136
G1 F2400 E554.83493
G1 F5400 X92.288 Y104.11 E554.85328
G1 X91.774 Y103.906 E554.87167
G1 X91.404 Y103.586 E554.88794
G1 X91.212 Y103.334 E554.89848
G1 X91.004 Y102.9 E554.91448
G1 X90.945 Y102.338 E554.93328
G1 X91.063 Y101.803 E554.9515
G1 X91.317 Y101.391 E554.9676
G1 X91.567 Y101.13 E554.97962
G1 X91.839 Y100.946 E554.99054
G1 X92.218 Y100.794 E555.00412
G1 X92.657 Y100.72 E555.01893
G1 X93.13 Y100.805 E555.03491
G1 X93.434 Y100.925 E555.04578
G1 X93.774 Y101.158 E555.05949
G1 X93.994 Y101.39 E555.07013
G1 X94.206 Y101.739 E555.08371
G1 X94.31 Y102.047 E555.09452
G1 X94.356 Y102.454 E555.10814
G1 X94.305 Y102.892 E555.12281
G1 X94.075 Y103.4 E555.14136
G1 X93.738 Y103.745 E555.1574
G1 X93.378 Y103.992 E555.17192
G1 X92.839 Y104.136 E555.19048
G1 F2400 E554.39048
G0 F15000 X92.823 Y104.448
G0 X92.932 Y104.717
G0 X95.861 Y132.347
G0 X95.087 Y137.476
;TYPE:SKIN
G1 F2400 E555.19048
G1 F5400 X90.046 Y137.476 E555.35814
G1 X89.742 Y137.304 E555.36976
G1 X89.616 Y137.006 E555.38052
G1 X89.616 Y133.893 E555.48406
G1 F4909.1 X89.655 Y133.279 E555.50657
G1 F4302.8 X89.678 Y133.138 E555.51253
G1 F4268.8 X89.66 Y132.181 E555.5528
G1 F4864.9 X89.617 Y131.595 E555.57449
G1 F5400 X89.616 Y103.893 E556.49587
G1 F4909.1 X89.655 Y103.279 E556.51838
G1 F4302.8 X89.678 Y103.138 E556.52434
G1 F4268.8 X89.66 Y102.181 E556.56461
G1 F4864.9 X89.617 Y101.595 E556.5863
G1 F5400 X89.616 Y99.831 E556.64497
G1 X89.67 Y99.662 E556.65088
G1 X89.837 Y99.479 E556.65912
G1 X90.092 Y99.396 E556.66803
G1 X91.357 Y99.396 E556.71011
G1 F4821.4 X91.847 Y99.443 E556.72845
G1 F4202.3 X91.957 Y99.462 E556.73322
G1 F4260.4 X92.73 Y99.436 E556.76582
G1 F4268.8 X93.346 Y99.462 E556.79176
G1 F4218.8 X93.461 Y99.442 E556.79673
G1 F4843 X93.951 Y99.396 E556.81498
G1 F5400 X95.312 Y99.396 E556.86025
G1 X95.607 Y99.611 E556.87239
G1 X95.696 Y99.87 E556.8815
G1 X95.699 Y101.284 E556.92853
G1 F4695.7 X95.64 Y101.886 E556.95167
G1 F4252 X95.653 Y102.517 E556.97833
G1 F4821.4 X95.794 Y102.851 E556.99183
G1 F5400 X95.941 Y103.085 E557.00102
G1 X96.177 Y103.267 E557.01094
G1 X96.696 Y103.414 E557.02888
G1 X96.696 Y131.462 E557.96176
G1 X96.173 Y131.601 E557.97976
G1 X95.957 Y131.781 E557.98911
G1 F5320.2 X95.743 Y132.116 E558.00253
G1 F4821.4 X95.658 Y132.352 E558.01187
G1 F4277.2 X95.636 Y133.131 E558.0446
G1 F4285.7 X95.658 Y133.266 E558.05033
G1 F4898 X95.698 Y133.877 E558.07278
G1 F5400 X95.696 Y137.035 E558.17782
G1 X95.639 Y137.202 E558.18369
G1 X95.48 Y137.386 E558.19177
G1 X95.226 Y137.476 E558.20074
G1 X95.087 Y137.476 E558.20536
G1 F2400 E557.40536
G0 F15000 X95.761 Y137.461
G0 X95.87 Y137.142
G0 X95.878 Y134.646
G0 X94.133 Y134.178
G0 X92.935 Y134.897
G1 F2400 E558.20536
G1 F5400 X93.693 Y134.689 E558.2315
G1 X94.265 Y134.3 E558.25451
G1 X94.623 Y133.924 E558.27178
G1 X94.767 Y133.708 E558.28041
G1 F4898 X95.072 Y133.14 E558.30405
G1 F4285.7 X95.113 Y133.086 E558.30689
G1 F4243.6 X95.162 Y132.408 E558.33566
G1 F4778.8 X95.088 Y132.073 E558.34856
G1 F5320.2 X95.065 Y131.907 E558.35422
G1 F5400 X94.874 Y131.368 E558.37324
G1 X94.628 Y130.96 E558.38908
G1 X94.274 Y130.578 E558.4064
G1 X93.83 Y130.267 E558.42443
G1 X93.329 Y130.065 E558.4424
G1 X92.653 Y129.948 E558.46522
G1 X92.011 Y130.054 E558.48686
G1 X91.517 Y130.246 E558.50449
G1 X91.07 Y130.547 E558.52241
G1 X90.705 Y130.931 E558.54003
G1 X90.428 Y131.38 E558.55758
G1 X90.322 Y131.642 E558.56698
G1 F4768.2 X90.135 Y132.257 E558.59119
G1 F4462.8 X90.195 Y133.071 E558.62404
G1 F5011.6 X90.556 Y133.725 E558.65081
G1 F5400 X90.848 Y134.11 E558.66688
G1 X91.376 Y134.567 E558.69011
G1 X91.979 Y134.803 E558.71165
G1 X92.249 Y134.864 E558.72085
G1 X92.935 Y134.897 E558.7437
G1 F2400 E557.9437
G0 F15000 X92.897 Y134.641
G0 X93.92 Y133.925
G0 X94.285 Y133.538
G0 X94.551 Y132.96
G0 X94.609 Y132.437
G0 X94.564 Y132.018
G0 X94.428 Y131.618
G0 X94.21 Y131.257
G0 X93.975 Y131.009
G0 X92.654 Y130.133
G0 X92.932 Y104.717
G0 X92.941 Y104.896
G1 F2400 E558.7437
G1 F5400 X93.546 Y104.733 E558.76454
G1 X93.801 Y104.618 E558.77384
G1 X94.261 Y104.299 E558.79246
G1 X94.712 Y103.827 E558.81417
G1 X95.034 Y103.124 E558.83989
G1 F5373.1 X95.075 Y102.858 E558.84889
G1 F4736.8 X95.166 Y102.46 E558.86437
G1 F4202.3 X95.122 Y101.913 E558.88782
G1 F4695.7 X94.88 Y101.376 E558.91035
G1 F5400 X94.624 Y100.952 E558.92682
G1 X94.242 Y100.551 E558.94524
G1 X93.83 Y100.267 E558.96189
G1 F5000 X93.281 Y99.987 E558.98402
G1 F4444.4 X92.652 Y99.909 E559.00964
G1 F4153.8 X92.002 Y99.989 E559.03795
G1 F4202.3 X91.957 Y100.022 E559.04034
G1 F4821.4 X91.479 Y100.267 E559.06035
G1 F5400 X91.07 Y100.547 E559.07683
G1 X90.705 Y100.931 E559.09446
G1 X90.428 Y101.38 E559.112
G1 X90.322 Y101.642 E559.1214
G1 F4768.2 X90.135 Y102.257 E559.14561
G1 F4462.8 X90.195 Y103.071 E559.17846
G1 F5011.6 X90.556 Y103.725 E559.20523
G1 F5400 X90.848 Y104.11 E559.22131
G1 X91.376 Y104.567 E559.24453
G1 X91.974 Y104.803 E559.26591
G1 X92.25 Y104.864 E559.27532
G1 X92.941 Y104.896 E559.29832
G1 F2400 E558.49832
G0 F15000 X92.923 Y104.637
G0 X91.645 Y104.123
G0 X91.24 Y103.78
G0 X90.985 Y103.444
G0 X90.763 Y102.965
G0 X90.694 Y102.332
G0 X91.168 Y100.7
G0 X91.168 Y99.236
G0 X90.474 Y99.596
G1 F2400 E559.29832
G1 F5400 X89.817 Y100.254 E559.32925
G0 F15000 X89.817 Y100.819
G1 F5400 X91.04 Y99.596 E559.38678
G0 F15000 X91.565 Y99.636
G1 F5400 X89.817 Y101.384 E559.469
G0 F15000 X90.106 Y101.661
G1 F5400 X89.863 Y101.904 E559.48043
G0 F15000 X89.356 Y101.904
G0 X89.456 Y103.148
G0 X90.438 Y103.058
G0 X90.095 Y103.369
G1 F5400 X89.853 Y103.612 E559.49183
G0 F15000 X90.315 Y103.716
G1 F5400 X89.817 Y104.213 E559.51523
G0 F15000 X89.817 Y104.779
G1 F5400 X90.549 Y104.047 E559.54966
G0 F15000 X90.814 Y104.348
G1 F5400 X89.817 Y105.345 E559.59656
G0 F15000 X89.817 Y105.91
G1 F5400 X91.118 Y104.609 E559.65776
G0 F15000 X91.473 Y104.819
G1 F5400 X89.817 Y106.476 E559.73567
G0 F15000 X89.817 Y107.042
G1 F5400 X91.879 Y104.98 E559.83266
G0 F15000 X92.357 Y105.068
G1 F5400 X89.817 Y107.608 E559.95214
G0 F15000 X89.817 Y108.173
G1 F5400 X92.897 Y105.093 E560.09701
G0 F15000 X93.657 Y104.899
G1 F5400 X89.817 Y108.739 E560.27763
G0 F15000 X89.817 Y109.305
G1 F5400 X95.853 Y103.269 E560.56155
G0 F15000 X95.616 Y102.94
G1 F5400 X95.104 Y103.452 E560.58563
G0 F15000 X94.689 Y103.262
G0 X94.891 Y102.899
G0 X95.89 Y102.629
G0 X96.2 Y103.486
G1 F5400 X89.817 Y109.87 E560.88589
G0 F15000 X89.817 Y110.436
G1 F5400 X96.496 Y103.757 E561.20005
G0 F15000 X96.496 Y104.322
G1 F5400 X89.817 Y111.002 E561.51423
G0 F15000 X89.817 Y111.567
G1 F5400 X96.496 Y104.888 E561.82839
G0 F15000 X96.496 Y105.454
G1 F5400 X89.817 Y112.133 E562.14255
G0 F15000 X89.817 Y112.699
G1 F5400 X96.496 Y106.019 E562.45674
G0 F15000 X96.496 Y106.585
G1 F5400 X89.817 Y113.264 E562.7709
G0 F15000 X89.817 Y113.83
G1 F5400 X96.496 Y107.151 E563.08505
G0 F15000 X96.496 Y107.716
G1 F5400 X89.817 Y114.396 E563.39924
G0 F15000 X89.817 Y114.961
G1 F5400 X96.496 Y108.282 E563.7134
G0 F15000 X96.496 Y108.848
G1 F5400 X89.817 Y115.527 E564.02756
G0 F15000 X89.817 Y116.093
G1 F5400 X96.496 Y109.413 E564.34174
G0 F15000 X96.496 Y109.979
G1 F5400 X89.817 Y116.658 E564.6559
G0 F15000 X89.817 Y117.224
G1 F5400 X96.496 Y110.545 E564.97006
G0 F15000 X96.496 Y111.111
G1 F5400 X89.817 Y117.79 E565.28422
G0 F15000 X89.817 Y118.356
G1 F5400 X96.496 Y111.676 E565.5984
G0 F15000 X96.496 Y112.242
G1 F5400 X89.817 Y118.921 E565.91256
G0 F15000 X89.817 Y119.487
G1 F5400 X96.496 Y112.808 E566.22672
G0 F15000 X96.496 Y113.373
G1 F5400 X89.817 Y120.053 E566.54091
G0 F15000 X89.817 Y120.618
G1 F5400 X96.496 Y113.939 E566.85507
G0 F15000 X96.496 Y114.505
G1 F5400 X89.817 Y121.184 E567.16922
G0 F15000 X89.817 Y121.75
G1 F5400 X96.496 Y115.07 E567.48341
G0 F15000 X96.496 Y115.636
G1 F5400 X89.817 Y122.315 E567.79757
G0 F15000 X89.817 Y122.881
G1 F5400 X96.496 Y116.202 E568.11173
G0 F15000 X96.496 Y116.767
G1 F5400 X89.817 Y123.447 E568.42591
G0 F15000 X89.817 Y124.012
G1 F5400 X96.496 Y117.333 E568.74007
G0 F15000 X96.496 Y117.899
G1 F5400 X89.817 Y124.578 E569.05423
G0 F15000 X89.817 Y125.144
G1 F5400 X96.496 Y118.464 E569.36841
G0 F15000 X96.496 Y119.03
G1 F5400 X89.817 Y125.709 E569.68257
G0 F15000 X89.817 Y126.275
G1 F5400 X96.496 Y119.596 E569.99673
G0 F15000 X96.496 Y120.161
G1 F5400 X89.817 Y126.841 E570.31092
G0 F15000 X89.817 Y127.406
G1 F5400 X96.496 Y120.727 E570.62508
G0 F15000 X96.496 Y121.293
G1 F5400 X89.817 Y127.972 E570.93924
G0 F15000 X89.817 Y128.538
G1 F5400 X96.496 Y121.859 E571.25339
G0 F15000 X96.496 Y122.424
G1 F5400 X89.817 Y129.104 E571.56758
G0 F15000 X89.817 Y129.669
G1 F5400 X96.496 Y122.99 E571.88174
G0 F15000 X96.496 Y123.556
G1 F5400 X89.817 Y130.235 E572.1959
G0 F15000 X89.817 Y130.801
G1 F5400 X96.496 Y124.121 E572.51008
G0 F15000 X96.496 Y124.687
G1 F5400 X89.817 Y131.366 E572.82424
G0 F15000 X90.119 Y131.63
G1 F5400 X89.861 Y131.888 E572.83638
G0 F15000 X89.356 Y131.888
G0 X89.456 Y133.137
G0 X90.438 Y133.058
G0 X90.088 Y133.358
G1 F5400 X89.856 Y133.59 E572.84729
G0 F15000 X90.307 Y133.704
G1 F5400 X89.816 Y134.195 E572.87038
G0 F15000 X89.816 Y134.761
G1 F5400 X90.541 Y134.036 E572.90449
G0 F15000 X90.804 Y134.339
G1 F5400 X89.816 Y135.327 E572.95096
G0 F15000 X89.816 Y135.892
G1 F5400 X91.108 Y134.601 E573.01171
G0 F15000 X91.46 Y134.814
G1 F5400 X89.816 Y136.458 E573.08903
G0 F15000 X89.828 Y137.012
G1 F5400 X91.867 Y134.973 E573.18494
G0 F15000 X92.338 Y135.067
G1 F5400 X90.13 Y137.276 E573.28882
G0 F15000 X90.696 Y137.276
G1 F5400 X92.872 Y135.099 E573.3912
G0 F15000 X93.623 Y134.914
G1 F5400 X91.261 Y137.276 E573.5023
G0 F15000 X91.827 Y137.276
G1 F5400 X95.466 Y133.637 E573.67347
G0 F15000 X95.281 Y133.256
G1 F5400 X95.381 Y133.156 E573.67817
G0 F15000 X95.96 Y133.157
G0 X95.959 Y134.172
G0 X95.498 Y134.171
G1 F5400 X92.393 Y137.276 E573.82422
G0 F15000 X92.958 Y137.276
G1 F5400 X95.498 Y134.736 E573.9437
G0 F15000 X95.497 Y135.303
G1 F5400 X93.524 Y137.276 E574.0365
G0 F15000 X94.09 Y137.276
G1 F5400 X95.497 Y135.868 E574.1027
G0 F15000 X95.496 Y136.435
G1 F5400 X94.655 Y137.276 E574.14226
G0 F15000 X95.229 Y137.268
G1 F5400 X95.496 Y137.001 E574.15482
G1 F2400 E573.35482
G0 F15000 X95.75 Y137.473
G0 X95.861 Y132.347
G0 X94.936 Y132.436
G0 X95.309 Y132.097
G1 F2400 E574.15482
G1 F5400 X96.496 Y130.91 E574.21065
G0 F15000 X96.496 Y130.344
G1 F5400 X95.186 Y131.654 E574.27227
G0 F15000 X95.032 Y131.242
G1 F5400 X96.496 Y129.778 E574.34113
G0 F15000 X96.496 Y129.212
G1 F5400 X94.819 Y130.889 E574.42002
G0 F15000 X94.557 Y130.586
G1 F5400 X96.496 Y128.647 E574.51122
G0 F15000 X96.496 Y128.081
G1 F5400 X94.258 Y130.319 E574.61649
G0 F15000 X93.923 Y130.089
G1 F5400 X96.496 Y127.515 E574.73754
G0 F15000 X96.496 Y126.95
G1 F5400 X93.52 Y129.926 E574.87752
G0 F15000 X93.065 Y129.815
G1 F5400 X96.496 Y126.384 E575.0389
G0 F15000 X96.496 Y125.818
G1 F5400 X92.551 Y129.763 E575.22446
G0 F15000 X91.851 Y129.898
G1 F5400 X96.496 Y125.253 E575.44295
G1 F2400 E574.64295
G0 F15000 X96.956 Y125.253
G0 X96.856 Y103.436
G0 X94.875 Y103.046
G0 X95.238 Y101.62
G1 F2400 E575.44295
G1 F5400 X95.483 Y101.376 E575.45445
G0 F15000 X95.039 Y101.253
G1 F5400 X95.498 Y100.795 E575.47602
G0 F15000 X95.496 Y100.231
G1 F5400 X94.827 Y100.901 E575.50751
G0 F15000 X94.566 Y100.595
G1 F5400 X95.435 Y99.726 E575.54838
G0 F15000 X95 Y99.596
G1 F5400 X94.269 Y100.326 E575.58274
G0 F15000 X93.933 Y100.097
G1 F5400 X94.434 Y99.596 E575.60631
G0 F15000 X93.85 Y99.614
G1 F5400 X93.583 Y99.881 E575.61887
G1 F2400 E574.81887
G0 F15000 X93.39 Y100.368
G0 X94.21 Y101.257
G0 X94.386 Y101.549
G0 X94.875 Y103.046
G0 X96.856 Y103.436
G0 X128.054 Y137.476
G1 F2400 E575.61887
G1 F5400 X127.907 Y137.425 E575.62404
G1 X127.745 Y137.304 E575.63077
G1 X127.616 Y137.081 E575.63934
G1 X127.617 Y133.895 E575.7453
G1 F4909.1 X127.655 Y133.285 E575.76767
G1 F4302.8 X127.678 Y133.142 E575.77371
G1 F4277.2 X127.654 Y132.391 E575.80526
G1 F4675.3 X127.602 Y132.188 E575.81331
G1 F5023.3 X127.424 Y131.852 E575.82691
G1 F5268.3 X127.12 Y131.591 E575.84057
G1 F5400 X126.616 Y131.463 E575.85786
G1 X126.616 Y103.409 E576.79094
G1 X127.116 Y103.281 E576.80811
G1 X127.337 Y103.109 E576.81742
G1 X127.515 Y102.859 E576.82763
G1 F4832.2 X127.659 Y102.502 E576.84194
G1 F4390.2 X127.658 Y102.186 E576.85487
G1 F4853.9 X127.614 Y101.596 E576.87676
G1 F5400 X127.616 Y99.832 E576.93543
G1 X127.67 Y99.662 E576.94136
G1 X127.837 Y99.479 E576.9496
G1 X128.092 Y99.396 E576.95852
G1 X129.364 Y99.396 E577.00083
G1 F4810.7 X129.857 Y99.444 E577.01932
G1 F4186 X129.961 Y99.462 E577.02385
G1 F4268.8 X130.652 Y99.435 E577.05294
G1 F4285.7 X131.343 Y99.462 E577.08192
G1 F4210.5 X131.451 Y99.443 E577.0866
G1 F4821.4 X131.944 Y99.396 E577.10505
G1 F5400 X133.312 Y99.396 E577.15055
G1 X133.603 Y99.606 E577.16249
G1 X133.696 Y99.878 E577.17205
G1 X133.696 Y101.282 E577.21874
G1 F4716.2 X133.638 Y101.886 E577.24185
G1 F4285.7 X133.651 Y102.385 E577.26277
G1 F4252 X133.634 Y103.13 E577.29425
G1 F4294.2 X133.656 Y103.266 E577.30001
G1 F4909.1 X133.696 Y103.876 E577.32238
G1 F5400 X133.696 Y131.282 E578.2339
G1 F4716.2 X133.638 Y131.886 E578.25701
G1 F4285.7 X133.651 Y132.385 E578.27793
G1 F4252 X133.634 Y133.13 E578.30941
G1 F4294.2 X133.656 Y133.266 E578.31517
G1 F4909.1 X133.696 Y133.876 E578.33754
G1 F5400 X133.696 Y136.995 E578.44127
G1 X133.619 Y137.229 E578.44947
G1 X133.484 Y137.378 E578.45615
G1 X133.226 Y137.475 E578.46532
G1 X128.054 Y137.476 E578.63734
G1 F2400 E577.83734
G0 F15000 X127.682 Y137.584
G0 X130.897 Y137.636
G0 X130.905 Y134.721
G0 X130.935 Y134.897
G1 F2400 E578.63734
G1 F5400 X131.693 Y134.689 E578.66349
G1 X132.233 Y134.326 E578.68513
G1 X132.623 Y133.923 E578.70378
G1 X132.767 Y133.707 E578.71241
G1 F4909.1 X133.071 Y133.14 E578.73595
G1 F4294.2 X133.112 Y133.085 E578.73882
G1 F4252 X133.161 Y132.462 E578.76522
G1 F4557 X133.123 Y131.933 E578.78612
G1 F5035 X132.879 Y131.371 E578.80798
G1 F5400 X132.627 Y130.959 E578.82404
G1 X132.265 Y130.573 E578.84164
G1 X131.827 Y130.263 E578.85949
G1 X131.29 Y130.054 E578.87865
G1 X130.661 Y129.948 E578.89987
G1 X130.006 Y130.058 E578.92196
G1 X129.523 Y130.241 E578.93914
G1 X129.035 Y130.577 E578.95885
G1 X128.707 Y130.921 E578.97466
G1 X128.347 Y131.52 E578.9979
G1 F5373.1 X128.227 Y132.05 E579.01606
G1 F4864.9 X128.135 Y132.33 E579.02694
G1 F4557 X128.195 Y133.075 E579.0564
G1 F5011.6 X128.556 Y133.725 E579.08305
G1 F5400 X128.848 Y134.11 E579.09912
G1 X129.376 Y134.567 E579.12235
G1 X129.979 Y134.803 E579.14388
G1 X130.249 Y134.864 E579.15309
G1 X130.935 Y134.897 E579.17593
G1 F2400 E578.37593
G0 F15000 X130.897 Y134.641
G0 X131.92 Y133.925
G0 X132.285 Y133.538
G0 X132.551 Y132.96
G0 X132.609 Y132.437
G0 X132.564 Y132.018
G0 X132.428 Y131.618
G0 X132.21 Y131.257
G0 X131.975 Y131.009
G0 X130.659 Y130.133
G0 X130.785 Y104.717
G0 X130.935 Y104.898
G1 F2400 E579.17593
G1 F5400 X131.542 Y104.733 E579.19685
G1 X131.805 Y104.614 E579.20646
G1 X132.234 Y104.321 E579.22373
G1 X132.6 Y103.952 E579.24102
G1 X132.767 Y103.707 E579.25088
G1 F4909.1 X133.071 Y103.14 E579.27442
G1 F4294.2 X133.112 Y103.085 E579.27729
G1 F4252 X133.161 Y102.462 E579.30369
G1 F4557 X133.123 Y101.933 E579.32459
G1 F5035 X132.88 Y101.372 E579.3464
G1 F5400 X132.628 Y100.956 E579.36257
G1 X132.269 Y100.573 E579.38003
G1 X131.831 Y100.264 E579.39786
G1 F5000 X131.277 Y99.987 E579.42011
G1 F4444.4 X130.652 Y99.909 E579.44556
G1 F4153.8 X130.006 Y99.989 E579.47371
G1 F4186 X129.963 Y100.02 E579.47598
G1 F4810.7 X129.477 Y100.263 E579.49627
G1 F5400 X129.057 Y100.555 E579.51328
G1 X128.708 Y100.928 E579.53027
G1 X128.429 Y101.375 E579.5478
G1 X128.321 Y101.643 E579.55741
G1 F4853.9 X128.141 Y102.239 E579.58045
G1 F4390.2 X128.152 Y102.495 E579.59093
G1 F4778.8 X128.231 Y102.844 E579.60438
G1 F5346.5 X128.274 Y103.133 E579.61419
G1 F5400 X128.538 Y103.697 E579.63491
G1 X128.874 Y104.137 E579.65332
G1 X129.258 Y104.465 E579.67012
G1 X129.493 Y104.608 E579.67927
G1 X130.12 Y104.863 E579.70178
G1 X130.935 Y104.898 E579.72891
G1 F2400 E578.92891
G0 F15000 X130.905 Y104.622
G0 X129.645 Y104.123
G0 X129.24 Y103.78
G0 X128.985 Y103.444
G0 X128.763 Y102.965
G0 X128.694 Y102.332
G0 X129.165 Y100.703
G0 X129.165 Y99.236
G0 X128.375 Y99.596
G1 F2400 E579.72891
G1 F5400 X127.816 Y100.155 E579.7552
G0 F15000 X127.815 Y100.722
G1 F5400 X128.941 Y99.596 E579.80817
G0 F15000 X129.483 Y99.619
G1 F5400 X127.815 Y101.288 E579.88665
G0 F15000 X128.16 Y101.508
G1 F5400 X127.848 Y101.821 E579.90135
G0 F15000 X128.003 Y102.796
G1 F5400 X126.816 Y103.984 E579.9572
G0 F15000 X126.816 Y104.549
G1 F5400 X128.11 Y103.255 E580.01807
G0 F15000 X128.29 Y103.641
G1 F5400 X126.816 Y105.115 E580.0874
G0 F15000 X126.816 Y105.681
G1 F5400 X128.508 Y103.989 E580.16699
G0 F15000 X128.76 Y104.302
G1 F5400 X126.816 Y106.246 E580.25843
G0 F15000 X126.816 Y106.812
G1 F5400 X129.065 Y104.563 E580.36421
G0 F15000 X129.409 Y104.785
G1 F5400 X126.816 Y107.378 E580.48618
G0 F15000 X126.816 Y107.943
G1 F5400 X129.807 Y104.952 E580.62687
G0 F15000 X130.256 Y105.069
G1 F5400 X126.816 Y108.509 E580.78868
G0 F15000 X126.816 Y109.075
G1 F5400 X130.803 Y105.088 E580.97621
G0 F15000 X131.507 Y104.949
G1 F5400 X126.816 Y109.64 E581.19686
G0 F15000 X126.816 Y110.206
G1 F5400 X133.455 Y103.567 E581.50914
G0 F15000 X133.496 Y104.092
G1 F5400 X126.816 Y110.772 E581.82335
G0 F15000 X126.816 Y111.337
G1 F5400 X133.496 Y104.657 E582.13755
G0 F15000 X133.496 Y105.223
G1 F5400 X126.816 Y111.903 E582.45176
G0 F15000 X126.816 Y112.469
G1 F5400 X133.496 Y105.789 E582.76597
G0 F15000 X133.496 Y106.355
G1 F5400 X126.816 Y113.035 E583.08017
G0 F15000 X126.816 Y113.6
G1 F5400 X133.496 Y106.92 E583.39438
G0 F15000 X133.496 Y107.486
G1 F5400 X126.816 Y114.166 E583.70859
G0 F15000 X126.816 Y114.732
G1 F5400 X133.496 Y108.052 E584.02279
G0 F15000 X133.496 Y108.617
G1 F5400 X126.816 Y115.297 E584.337
G0 F15000 X126.816 Y115.863
G1 F5400 X133.496 Y109.183 E584.65121
G0 F15000 X133.496 Y109.749
G1 F5400 X126.816 Y116.429 E584.96541
G0 F15000 X126.816 Y116.994
G1 F5400 X133.496 Y110.314 E585.27962
G0 F15000 X133.496 Y110.88
G1 F5400 X126.816 Y117.56 E585.59383
G0 F15000 X126.816 Y118.126
G1 F5400 X133.496 Y111.446 E585.90803
G0 F15000 X133.496 Y112.011
G1 F5400 X126.816 Y118.691 E586.22224
G0 F15000 X126.816 Y119.257
G1 F5400 X133.496 Y112.577 E586.53645
G0 F15000 X133.496 Y113.143
G1 F5400 X126.816 Y119.823 E586.85065
G0 F15000 X126.816 Y120.388
G1 F5400 X133.496 Y113.708 E587.16486
G0 F15000 X133.496 Y114.274
G1 F5400 X126.816 Y120.954 E587.47907
G0 F15000 X126.816 Y121.52
G1 F5400 X133.496 Y114.84 E587.79327
G0 F15000 X133.496 Y115.405
G1 F5400 X126.816 Y122.086 E588.10751
G0 F15000 X126.816 Y122.651
G1 F5400 X133.496 Y115.971 E588.42171
G0 F15000 X133.496 Y116.537
G1 F5400 X126.816 Y123.217 E588.73592
G0 F15000 X126.816 Y123.783
G1 F5400 X133.496 Y117.103 E589.05013
G0 F15000 X133.496 Y117.668
G1 F5400 X126.816 Y124.348 E589.36433
G0 F15000 X126.816 Y124.914
G1 F5400 X133.496 Y118.234 E589.67854
G0 F15000 X133.496 Y118.8
G1 F5400 X126.816 Y125.48 E589.99275
G0 F15000 X126.816 Y126.045
G1 F5400 X133.496 Y119.365 E590.30695
G0 F15000 X133.496 Y119.931
G1 F5400 X126.816 Y126.611 E590.62116
G0 F15000 X126.816 Y127.177
G1 F5400 X133.496 Y120.497 E590.93537
G0 F15000 X133.496 Y121.062
G1 F5400 X126.816 Y127.742 E591.24957
G0 F15000 X126.816 Y128.308
G1 F5400 X133.496 Y121.628 E591.56378
G0 F15000 X133.496 Y122.194
G1 F5400 X126.816 Y128.874 E591.87799
G0 F15000 X126.816 Y129.439
G1 F5400 X133.496 Y122.759 E592.19219
G0 F15000 X133.496 Y123.325
G1 F5400 X126.816 Y130.005 E592.5064
G0 F15000 X126.816 Y130.571
G1 F5400 X133.496 Y123.891 E592.82061
G0 F15000 X133.496 Y124.456
G1 F5400 X126.816 Y131.136 E593.13481
G0 F15000 X127.129 Y131.389
G1 F5400 X133.496 Y125.022 E593.4343
G0 F15000 X133.496 Y125.588
G1 F5400 X127.462 Y131.622 E593.71812
G0 F15000 X127.697 Y131.952
G1 F5400 X128.145 Y131.504 E593.73919
G0 F15000 X128.594 Y131.603
G0 X128.534 Y133.073
G0 X128.048 Y133.299
G1 F5400 X127.871 Y133.476 E593.74752
G0 F15000 X128.268 Y133.645
G1 F5400 X127.817 Y134.096 E593.76873
G0 F15000 X127.817 Y134.661
G1 F5400 X128.498 Y133.98 E593.80076
G0 F15000 X128.75 Y134.294
G1 F5400 X127.817 Y135.227 E593.84465
G0 F15000 X127.817 Y135.793
G1 F5400 X129.055 Y134.555 E593.90288
G0 F15000 X129.389 Y134.787
G1 F5400 X127.817 Y136.358 E593.9768
G0 F15000 X127.817 Y136.924
G1 F5400 X129.796 Y134.945 E594.06988
G0 F15000 X130.244 Y135.062
G1 F5400 X128.051 Y137.256 E594.17306
G0 F15000 X128.596 Y137.276
G1 F5400 X130.779 Y135.093 E594.27574
G0 F15000 X131.486 Y134.952
G1 F5400 X129.162 Y137.276 E594.38505
G0 F15000 X129.727 Y137.276
G1 F5400 X133.452 Y133.551 E594.56027
G0 F15000 X133.495 Y134.074
G1 F5400 X130.293 Y137.276 E594.71088
G0 F15000 X130.859 Y137.276
G1 F5400 X133.495 Y134.639 E594.83489
G0 F15000 X133.495 Y135.205
G1 F5400 X131.425 Y137.276 E594.93228
G0 F15000 X131.991 Y137.276
G1 F5400 X133.495 Y135.771 E595.00305
G0 F15000 X133.495 Y136.337
G1 F5400 X132.556 Y137.276 E595.04722
G0 F15000 X133.122 Y137.276
G1 F5400 X133.495 Y136.902 E595.06479
G1 F2400 E594.26479
G0 F15000 X133.898 Y137.218
G0 X133.856 Y131.704
G0 X132.887 Y131.939
G0 X133.198 Y131.543
G1 F2400 E595.06479
G1 F5400 X133.496 Y131.245 E595.0788
G0 F15000 X132.997 Y131.178
G1 F5400 X133.496 Y130.679 E595.10227
G0 F15000 X133.496 Y130.113
G1 F5400 X132.782 Y130.827 E595.13586
G0 F15000 X132.507 Y130.537
G1 F5400 X133.496 Y129.548 E595.18238
G0 F15000 X133.496 Y128.982
G1 F5400 X132.199 Y130.279 E595.24338
G0 F15000 X131.857 Y130.055
G1 F5400 X133.496 Y128.416 E595.32048
G0 F15000 X133.496 Y127.851
G1 F5400 X131.449 Y129.898 E595.41676
G0 F15000 X130.981 Y129.8
G1 F5400 X133.496 Y127.285 E595.53506
G0 F15000 X133.496 Y126.719
G1 F5400 X130.43 Y129.785 E595.67928
G0 F15000 X129.686 Y129.963
G1 F5400 X133.496 Y126.154 E595.85846
G1 F2400 E595.05846
G0 F15000 X133.956 Y126.154
G0 X133.856 Y101.717
G0 X132.887 Y101.939
G0 X133.204 Y101.555
G1 F2400 E595.85846
G1 F5400 X133.496 Y101.263 E595.8722
G0 F15000 X133.004 Y101.19
G1 F5400 X133.496 Y100.698 E595.89534
G0 F15000 X133.496 Y100.132
G1 F5400 X132.791 Y100.837 E595.9285
G0 F15000 X132.519 Y100.544
G1 F5400 X133.383 Y99.679 E595.96916
G0 F15000 X132.901 Y99.596
G1 F5400 X132.211 Y100.286 E596.00162
G0 F15000 X131.874 Y100.057
G1 F5400 X132.335 Y99.596 E596.0233
G0 F15000 X131.728 Y99.637
G1 F5400 X131.525 Y99.841 E596.03288
G1 F2400 E595.23288
;MESH:NONMESH
G0 F300 X131.525 Y99.841 Z2.2
G0 F15000 X131.329 Y100.346
G0 X130.136 Y100.557
G0 X129.743 Y100.713
G0 X129.394 Y100.95
G0 X129.104 Y101.257
G0 X128.386 Y102.739
G0 X127.432 Y102.501
G0 X126.116 Y103.022
;TIME_ELAPSED:723.956762
;LAYER:10
;note -- min layer time used
;TYPE:WALL-INNER
;MESH:Camera mount.stl(1)
G1 F2400 E596.03288
G1 F1529.1 X126.047 Y102.982 E596.03534
G1 X126.047 Y103.062 E596.03782
G1 X126.116 Y103.022 E596.04028
G1 F2400 E595.24028
G0 F15000 X126.137 Y102.957
G0 X126.095 Y131.875
G0 X111.441 Y131.947
G0 X111.441 Y131.686
;TYPE:WALL-OUTER
G1 F2400 E596.04028
G1 F1137.6 X97.656 Y131.686 E596.6134
G1 F1049.5 X97.449 Y131.643 E596.62293
G1 F1043.7 X97.407 Y131.48 E596.63055
G1 F1133.1 X97.406 Y103.436 E597.80115
G1 F1049.5 X97.449 Y103.229 E597.81068
G1 F1043.7 X97.612 Y103.187 E597.81831
G1 F1133.1 X125.656 Y103.186 E598.98891
G1 F1137.6 X125.906 Y103.436 E599.0036
G1 F1133.1 X125.905 Y131.48 E600.1742
G1 F1045.6 X125.863 Y131.643 E600.18182
G1 F1041.8 X125.7 Y131.685 E600.18946
G1 F1130.8 X111.441 Y131.686 E600.78584
G0 F15000 X111.433 Y132.185
G1 F1128.6 X125.743 Y132.184 E601.38554
G1 F1041.8 X126.07 Y132.143 E601.4005
G1 F970.7 X126.363 Y132.143 E601.41477
G1 X126.363 Y131.85 E601.42905
G1 F1045.6 X126.405 Y131.523 E601.44396
G1 F1133.1 X126.406 Y103.436 E602.61636
G1 F1264 X126.456 Y103.022 E602.63196
G1 F1422 X126.456 Y102.636 E602.6448
G1 X126.07 Y102.636 E602.65764
G1 F1264 X125.656 Y102.686 E602.67324
G1 F1133.1 X97.569 Y102.688 E603.84563
G1 F1043.7 X97.242 Y102.729 E603.86057
G1 F972.3 X96.949 Y102.729 E603.87482
G1 X96.949 Y103.022 E603.88907
G1 F1049.5 X96.906 Y103.436 E603.90783
G1 F1133.1 X96.908 Y131.523 E605.08022
G1 F1043.7 X96.949 Y131.85 E605.09516
G1 F972.3 X96.949 Y132.143 E605.10941
G1 X97.242 Y132.143 E605.12366
G1 F1049.5 X97.656 Y132.186 E605.14242
G1 F1135.4 X111.433 Y132.185 E605.71635
G1 F2400 E604.91635
;MESH:NONMESH
G0 F300 X111.433 Y132.185 Z2.4
G0 F15000 X111.433 Y131.927
G0 X126.095 Y131.875
G0 X126.137 Y102.957
G0 X126.116 Y103.022
;TIME_ELAPSED:738.392134
;LAYER:11
;note -- min layer time used
;TYPE:WALL-INNER
;MESH:Camera mount.stl(1)
G1 F2400 E605.71635
G1 F1545.8 X126.047 Y102.982 E605.71882
G1 X126.047 Y103.062 E605.72129
G1 X126.116 Y103.022 E605.72376
G1 F2400 E604.92376
G0 F15000 X126.137 Y102.957
G0 X126.095 Y131.875
G0 X111.441 Y131.947
G0 X111.441 Y131.686
;TYPE:WALL-OUTER
G1 F2400 E605.72376
G1 F1150 X97.656 Y131.686 E606.29687
G1 F1060.9 X97.449 Y131.643 E606.3064
G1 F1055.1 X97.407 Y131.48 E606.31403
G1 F1145.5 X97.406 Y103.436 E607.48462
G1 F1060.9 X97.449 Y103.229 E607.49415
G1 F1055.1 X97.612 Y103.187 E607.50178
G1 F1145.5 X125.656 Y103.186 E608.67238
G1 F1150 X125.906 Y103.436 E608.68708
G1 F1145.5 X125.905 Y131.48 E609.85767
G1 F1057 X125.863 Y131.643 E609.86529
G1 F1053.1 X125.7 Y131.685 E609.87293
G1 F1143.2 X111.441 Y131.686 E610.46931
G0 F15000 X111.433 Y132.185
G1 F1140.9 X125.743 Y132.184 E611.06901
G1 F1053.1 X126.07 Y132.143 E611.08397
G1 F981.3 X126.363 Y132.143 E611.09825
G1 X126.363 Y131.85 E611.11252
G1 F1057 X126.405 Y131.523 E611.12744
G1 F1145.5 X126.406 Y103.436 E612.29983
G1 F1277.8 X126.456 Y103.022 E612.31543
G1 F1437.5 X126.456 Y102.636 E612.32827
G1 X126.07 Y102.636 E612.34111
G1 F1277.8 X125.656 Y102.686 E612.35671
G1 F1145.5 X97.569 Y102.688 E613.52911
G1 F1055.1 X97.242 Y102.729 E613.54404
G1 F982.9 X96.949 Y102.729 E613.55829
G1 X96.949 Y103.022 E613.57255
G1 F1060.9 X96.906 Y103.436 E613.5913
G1 F1145.5 X96.908 Y131.523 E614.7637
G1 F1055.1 X96.949 Y131.85 E614.77863
G1 F982.9 X96.949 Y132.143 E614.79288
G1 X97.242 Y132.143 E614.80714
G1 F1060.9 X97.656 Y132.186 E614.82589
G1 F1147.7 X111.433 Y132.185 E615.39982
G1 F2400 E614.59982
;MESH:NONMESH
G0 F300 X111.433 Y132.185 Z2.6
G0 F15000 X111.433 Y131.927
G0 X126.095 Y131.875
G0 X126.137 Y102.957
G0 X126.116 Y103.022
;TIME_ELAPSED:752.698217
;LAYER:12
;note -- min layer time used
;TYPE:WALL-INNER
;MESH:Camera mount.stl(1)
G1 F2400 E615.39982
G1 F1545.8 X126.047 Y102.982 E615.40229
G1 X126.047 Y103.062 E615.40476
G1 X126.116 Y103.022 E615.40723
G1 F2400 E614.60723
G0 F15000 X126.137 Y102.957
G0 X126.095 Y131.875
G0 X111.441 Y131.947
G0 X111.441 Y131.686
;TYPE:WALL-OUTER
G1 F2400 E615.40723
G1 F1150 X97.656 Y131.686 E615.98034
G1 F1060.9 X97.449 Y131.643 E615.98987
G1 F1055.1 X97.407 Y131.48 E615.9975
G1 F1145.5 X97.406 Y103.436 E617.1681
G1 F1060.9 X97.449 Y103.229 E617.17762
G1 F1055.1 X97.612 Y103.187 E617.18525
G1 F1145.5 X125.656 Y103.186 E618.35585
G1 F1150 X125.906 Y103.436 E618.37055
G1 F1145.5 X125.905 Y131.48 E619.54115
G1 F1057 X125.863 Y131.643 E619.54876
G1 F1053.1 X125.7 Y131.685 E619.5564
G1 F1143.2 X111.441 Y131.686 E620.15278
G0 F15000 X111.433 Y132.185
G1 F1140.9 X125.743 Y132.184 E620.75248
G1 F1053.1 X126.07 Y132.143 E620.76744
G1 F981.3 X126.363 Y132.143 E620.78172
G1 X126.363 Y131.85 E620.796
G1 F1057 X126.405 Y131.523 E620.81091
G1 F1145.5 X126.406 Y103.436 E621.9833
G1 F1277.8 X126.456 Y103.022 E621.99891
G1 F1437.5 X126.456 Y102.636 E622.01174
G1 X126.07 Y102.636 E622.02458
G1 F1277.8 X125.656 Y102.686 E622.04019
G1 F1145.5 X97.569 Y102.688 E623.21258
G1 F1055.1 X97.242 Y102.729 E623.22751
G1 F982.9 X96.949 Y102.729 E623.24177
G1 X96.949 Y103.022 E623.25602
G1 F1060.9 X96.906 Y103.436 E623.27478
G1 F1145.5 X96.908 Y131.523 E624.44717
G1 F1055.1 X96.949 Y131.85 E624.4621
G1 F982.9 X96.949 Y132.143 E624.47636
G1 X97.242 Y132.143 E624.49061
G1 F1060.9 X97.656 Y132.186 E624.50937
G1 F1147.7 X111.433 Y132.185 E625.08329
G1 F2400 E624.28329
;MESH:NONMESH
G0 F300 X111.433 Y132.185 Z2.8
G0 F15000 X111.433 Y131.927
G0 X126.095 Y131.875
G0 X126.137 Y102.957
G0 X126.116 Y103.022
;TIME_ELAPSED:767.004300
;LAYER:13
;note -- min layer time used
;TYPE:WALL-INNER
;MESH:Camera mount.stl(1)
G1 F2400 E625.08329
G1 F1545.8 X126.047 Y102.982 E625.08576
G1 X126.047 Y103.062 E625.08823
G1 X126.116 Y103.022 E625.0907
G1 F2400 E624.2907
G0 F15000 X126.137 Y102.957
G0 X126.095 Y131.875
G0 X111.441 Y131.947
G0 X111.441 Y131.686
;TYPE:WALL-OUTER
G1 F2400 E625.0907
G1 F1150 X97.656 Y131.686 E625.66382
G1 F1060.9 X97.449 Y131.643 E625.67334
G1 F1055.1 X97.407 Y131.48 E625.68097
G1 F1145.5 X97.406 Y103.436 E626.85157
G1 F1060.9 X97.449 Y103.229 E626.8611
G1 F1055.1 X97.612 Y103.187 E626.86873
G1 F1145.5 X125.656 Y103.186 E628.03932
G1 F1150 X125.906 Y103.436 E628.05402
G1 F1145.5 X125.905 Y131.48 E629.22462
G1 F1057 X125.863 Y131.643 E629.23223
G1 F1053.1 X125.7 Y131.685 E629.23988
G1 F1143.2 X111.441 Y131.686 E629.83625
G0 F15000 X111.433 Y132.185
G1 F1140.9 X125.743 Y132.184 E630.43595
G1 F1053.1 X126.07 Y132.143 E630.45092
G1 F981.3 X126.363 Y132.143 E630.46519
G1 X126.363 Y131.85 E630.47947
G1 F1057 X126.405 Y131.523 E630.49438
G1 F1145.5 X126.406 Y103.436 E631.66677
G1 F1277.8 X126.456 Y103.022 E631.68238
G1 F1437.5 X126.456 Y102.636 E631.69522
G1 X126.07 Y102.636 E631.70805
G1 F1277.8 X125.656 Y102.686 E631.72366
G1 F1145.5 X97.569 Y102.688 E632.89605
G1 F1055.1 X97.242 Y102.729 E632.91099
G1 F982.9 X96.949 Y102.729 E632.92524
G1 X96.949 Y103.022 E632.93949
G1 F1060.9 X96.906 Y103.436 E632.95825
G1 F1145.5 X96.908 Y131.523 E634.13064
G1 F1055.1 X96.949 Y131.85 E634.14558
G1 F982.9 X96.949 Y132.143 E634.15983
G1 X97.242 Y132.143 E634.17408
G1 F1060.9 X97.656 Y132.186 E634.19284
G1 F1147.7 X111.433 Y132.185 E634.76677
G1 F2400 E633.96677
;MESH:NONMESH
G0 F300 X111.433 Y132.185 Z3
G0 F15000 X111.433 Y131.927
G0 X126.095 Y131.875
G0 X126.137 Y102.957
G0 X126.116 Y103.022
;TIME_ELAPSED:781.310383
;LAYER:14
;note -- min layer time used
;TYPE:WALL-INNER
;MESH:Camera mount.stl(1)
G1 F2400 E634.76677
G1 F1545.8 X126.047 Y102.982 E634.76923
G1 X126.047 Y103.062 E634.77171
G1 X126.116 Y103.022 E634.77417
G1 F2400 E633.97417
G0 F15000 X126.137 Y102.957
G0 X126.095 Y131.875
G0 X111.441 Y131.947
G0 X111.441 Y131.686
;TYPE:WALL-OUTER
G1 F2400 E634.77417
G1 F1150 X97.656 Y131.686 E635.34729
G1 F1060.9 X97.449 Y131.643 E635.35682
G1 F1055.1 X97.407 Y131.48 E635.36444
G1 F1145.5 X97.406 Y103.436 E636.53504
G1 F1060.9 X97.449 Y103.229 E636.54457
G1 F1055.1 X97.612 Y103.187 E636.5522
G1 F1145.5 X125.656 Y103.186 E637.7228
G1 F1150 X125.906 Y103.436 E637.73749
G1 F1145.5 X125.905 Y131.48 E638.90809
G1 F1057 X125.863 Y131.643 E638.91571
G1 F1053.1 X125.7 Y131.685 E638.92335
G1 F1143.2 X111.441 Y131.686 E639.51973
G0 F15000 X111.433 Y132.185
G1 F1140.9 X125.743 Y132.184 E640.11943
G1 F1053.1 X126.07 Y132.143 E640.13439
G1 F981.3 X126.363 Y132.143 E640.14866
G1 X126.363 Y131.85 E640.16294
G1 F1057 X126.405 Y131.523 E640.17785
G1 F1145.5 X126.406 Y103.436 E641.35025
G1 F1277.8 X126.456 Y103.022 E641.36585
G1 F1437.5 X126.456 Y102.636 E641.37869
G1 X126.07 Y102.636 E641.39153
G1 F1277.8 X125.656 Y102.686 E641.40713
G1 F1145.5 X97.569 Y102.688 E642.57952
G1 F1055.1 X97.242 Y102.729 E642.59446
G1 F982.9 X96.949 Y102.729 E642.60871
G1 X96.949 Y103.022 E642.62296
G1 F1060.9 X96.906 Y103.436 E642.64172
G1 F1145.5 X96.908 Y131.523 E643.81411
G1 F1055.1 X96.949 Y131.85 E643.82905
G1 F982.9 X96.949 Y132.143 E643.8433
G1 X97.242 Y132.143 E643.85755
G1 F1060.9 X97.656 Y132.186 E643.87631
G1 F1147.7 X111.433 Y132.185 E644.45024
G1 F2400 E643.65024
;MESH:NONMESH
G0 F300 X111.433 Y132.185 Z3.2
G0 F15000 X111.433 Y131.927
G0 X126.095 Y131.875
G0 X126.137 Y102.957
G0 X126.116 Y103.022
;TIME_ELAPSED:795.616467
;LAYER:15
;note -- min layer time used
;TYPE:WALL-INNER
;MESH:Camera mount.stl(1)
G1 F2400 E644.45024
G1 F1545.8 X126.047 Y102.982 E644.4527
G1 X126.047 Y103.062 E644.45518
G1 X126.116 Y103.022 E644.45765
G1 F2400 E643.65765
G0 F15000 X126.137 Y102.957
G0 X126.095 Y131.875
G0 X111.441 Y131.947
G0 X111.441 Y131.686
;TYPE:WALL-OUTER
G1 F2400 E644.45765
G1 F1150 X97.656 Y131.686 E645.03076
G1 F1060.9 X97.449 Y131.643 E645.04029
G1 F1055.1 X97.407 Y131.48 E645.04792
G1 F1145.5 X97.406 Y103.436 E646.21851
G1 F1060.9 X97.449 Y103.229 E646.22804
G1 F1055.1 X97.612 Y103.187 E646.23567
G1 F1145.5 X125.656 Y103.186 E647.40627
G1 F1150 X125.906 Y103.436 E647.42097
G1 F1145.5 X125.905 Y131.48 E648.59156
G1 F1057 X125.863 Y131.643 E648.59918
G1 F1053.1 X125.7 Y131.685 E648.60682
G1 F1143.2 X111.441 Y131.686 E649.2032
G0 F15000 X111.433 Y132.185
G1 F1140.9 X125.743 Y132.184 E649.8029
G1 F1053.1 X126.07 Y132.143 E649.81786
G1 F981.3 X126.363 Y132.143 E649.83214
G1 X126.363 Y131.85 E649.84641
G1 F1057 X126.405 Y131.523 E649.86133
G1 F1145.5 X126.406 Y103.436 E651.03372
G1 F1277.8 X126.456 Y103.022 E651.04932
G1 F1437.5 X126.456 Y102.636 E651.06216
G1 X126.07 Y102.636 E651.075
G1 F1277.8 X125.656 Y102.686 E651.0906
G1 F1145.5 X97.569 Y102.688 E652.263
G1 F1055.1 X97.242 Y102.729 E652.27793
G1 F982.9 X96.949 Y102.729 E652.29218
G1 X96.949 Y103.022 E652.30644
G1 F1060.9 X96.906 Y103.436 E652.32519
G1 F1145.5 X96.908 Y131.523 E653.49759
G1 F1055.1 X96.949 Y131.85 E653.51252
G1 F982.9 X96.949 Y132.143 E653.52677
G1 X97.242 Y132.143 E653.54103
G1 F1060.9 X97.656 Y132.186 E653.55978
G1 F1147.7 X111.433 Y132.185 E654.13371
G1 F2400 E653.33371
;MESH:NONMESH
G0 F300 X111.433 Y132.185 Z3.4
G0 F15000 X111.433 Y131.927
G0 X126.095 Y131.875
G0 X126.137 Y102.957
G0 X126.116 Y103.022
;TIME_ELAPSED:809.922550
;LAYER:16
;note -- min layer time used
;TYPE:WALL-INNER
;MESH:Camera mount.stl(1)
G1 F2400 E654.13371
G1 F1545.8 X126.047 Y102.982 E654.13618
G1 X126.047 Y103.062 E654.13865
G1 X126.116 Y103.022 E654.14112
G1 F2400 E653.34112
G0 F15000 X126.137 Y102.957
G0 X126.095 Y131.875
G0 X111.441 Y131.947
G0 X111.441 Y131.686
;TYPE:WALL-OUTER
G1 F2400 E654.14112
G1 F1150 X97.656 Y131.686 E654.71423
G1 F1060.9 X97.449 Y131.643 E654.72376
G1 F1055.1 X97.407 Y131.48 E654.73139
G1 F1145.5 X97.406 Y103.436 E655.90199
G1 F1060.9 X97.449 Y103.229 E655.91151
G1 F1055.1 X97.612 Y103.187 E655.91914
G1 F1145.5 X125.656 Y103.186 E657.08974
G1 F1150 X125.906 Y103.436 E657.10444
G1 F1145.5 X125.905 Y131.48 E658.27504
G1 F1057 X125.863 Y131.643 E658.28265
G1 F1053.1 X125.7 Y131.685 E658.29029
G1 F1143.2 X111.441 Y131.686 E658.88667
G0 F15000 X111.433 Y132.185
G1 F1140.9 X125.743 Y132.184 E659.48637
G1 F1053.1 X126.07 Y132.143 E659.50133
G1 F981.3 X126.363 Y132.143 E659.51561
G1 X126.363 Y131.85 E659.52989
G1 F1057 X126.405 Y131.523 E659.5448
G1 F1145.5 X126.406 Y103.436 E660.71719
G1 F1277.8 X126.456 Y103.022 E660.7328
G1 F1437.5 X126.456 Y102.636 E660.74563
G1 X126.07 Y102.636 E660.75847
G1 F1277.8 X125.656 Y102.686 E660.77408
G1 F1145.5 X97.569 Y102.688 E661.94647
G1 F1055.1 X97.242 Y102.729 E661.9614
G1 F982.9 X96.949 Y102.729 E661.97566
G1 X96.949 Y103.022 E661.98991
G1 F1060.9 X96.906 Y103.436 E662.00867
G1 F1145.5 X96.908 Y131.523 E663.18106
G1 F1055.1 X96.949 Y131.85 E663.19599
G1 F982.9 X96.949 Y132.143 E663.21025
G1 X97.242 Y132.143 E663.2245
G1 F1060.9 X97.656 Y132.186 E663.24326
G1 F1147.7 X111.433 Y132.185 E663.81718
G1 F2400 E663.01718
;MESH:NONMESH
G0 F300 X111.433 Y132.185 Z3.6
G0 F15000 X111.433 Y131.927
G0 X126.095 Y131.875
G0 X126.137 Y102.957
G0 X126.116 Y103.022
;TIME_ELAPSED:824.228633
;LAYER:17
;note -- min layer time used
;TYPE:WALL-INNER
;MESH:Camera mount.stl(1)
G1 F2400 E663.81718
G1 F1545.8 X126.047 Y102.982 E663.81965
G1 X126.047 Y103.062 E663.82212
G1 X126.116 Y103.022 E663.82459
G1 F2400 E663.02459
G0 F15000 X126.137 Y102.957
G0 X126.095 Y131.875
G0 X111.441 Y131.947
G0 X111.441 Y131.686
;TYPE:WALL-OUTER
G1 F2400 E663.82459
G1 F1150 X97.656 Y131.686 E664.39771
G1 F1060.9 X97.449 Y131.643 E664.40723
G1 F1055.1 X97.407 Y131.48 E664.41486
G1 F1145.5 X97.406 Y103.436 E665.58546
G1 F1060.9 X97.449 Y103.229 E665.59499
G1 F1055.1 X97.612 Y103.187 E665.60261
G1 F1145.5 X125.656 Y103.186 E666.77321
G1 F1150 X125.906 Y103.436 E666.78791
G1 F1145.5 X125.905 Y131.48 E667.95851
G1 F1057 X125.863 Y131.643 E667.96612
G1 F1053.1 X125.7 Y131.685 E667.97377
G1 F1143.2 X111.441 Y131.686 E668.57014
G0 F15000 X111.433 Y132.185
G1 F1140.9 X125.743 Y132.184 E669.16984
G1 F1053.1 X126.07 Y132.143 E669.1848
G1 F981.3 X126.363 Y132.143 E669.19908
G1 X126.363 Y131.85 E669.21336
G1 F1057 X126.405 Y131.523 E669.22827
G1 F1145.5 X126.406 Y103.436 E670.40066
G1 F1277.8 X126.456 Y103.022 E670.41627
G1 F1437.5 X126.456 Y102.636 E670.42911
G1 X126.07 Y102.636 E670.44194
G1 F1277.8 X125.656 Y102.686 E670.45755
G1 F1145.5 X97.569 Y102.688 E671.62994
G1 F1055.1 X97.242 Y102.729 E671.64488
G1 F982.9 X96.949 Y102.729 E671.65913
G1 X96.949 Y103.022 E671.67338
G1 F1060.9 X96.906 Y103.436 E671.69214
G1 F1145.5 X96.908 Y131.523 E672.86453
G1 F1055.1 X96.949 Y131.85 E672.87947
G1 F982.9 X96.949 Y132.143 E672.89372
G1 X97.242 Y132.143 E672.90797
G1 F1060.9 X97.656 Y132.186 E672.92673
G1 F1147.7 X111.433 Y132.185 E673.50066
G1 F2400 E672.70066
;MESH:NONMESH
G0 F300 X111.433 Y132.185 Z3.8
G0 F15000 X111.433 Y131.927
G0 X126.095 Y131.875
G0 X126.137 Y102.957
G0 X126.116 Y103.022
;TIME_ELAPSED:838.534716
;LAYER:18
;note -- min layer time used
;TYPE:WALL-INNER
;MESH:Camera mount.stl(1)
G1 F2400 E673.50066
G1 F1545.8 X126.047 Y102.982 E673.50312
G1 X126.047 Y103.062 E673.5056
G1 X126.116 Y103.022 E673.50806
G1 F2400 E672.70806
G0 F15000 X126.137 Y102.957
G0 X126.095 Y131.875
G0 X111.441 Y131.947
G0 X111.441 Y131.686
;TYPE:WALL-OUTER
G1 F2400 E673.50806
G1 F1150 X97.656 Y131.686 E674.08118
G1 F1060.9 X97.449 Y131.643 E674.09071
G1 F1055.1 X97.407 Y131.48 E674.09833
G1 F1145.5 X97.406 Y103.436 E675.26893
G1 F1060.9 X97.449 Y103.229 E675.27846
G1 F1055.1 X97.612 Y103.187 E675.28609
G1 F1145.5 X125.656 Y103.186 E676.45669
G1 F1150 X125.906 Y103.436 E676.47138
G1 F1145.5 X125.905 Y131.48 E677.64198
G1 F1057 X125.863 Y131.643 E677.6496
G1 F1053.1 X125.7 Y131.685 E677.65724
G1 F1143.2 X111.441 Y131.686 E678.25362
G0 F15000 X111.433 Y132.185
G1 F1140.9 X125.743 Y132.184 E678.85332
G1 F1053.1 X126.07 Y132.143 E678.86828
G1 F981.3 X126.363 Y132.143 E678.88255
G1 X126.363 Y131.85 E678.89683
G1 F1057 X126.405 Y131.523 E678.91174
G1 F1145.5 X126.406 Y103.436 E680.08414
G1 F1277.8 X126.456 Y103.022 E680.09974
G1 F1437.5 X126.456 Y102.636 E680.11258
G1 X126.07 Y102.636 E680.12542
G1 F1277.8 X125.656 Y102.686 E680.14102
G1 F1145.5 X97.569 Y102.688 E681.31341
G1 F1055.1 X97.242 Y102.729 E681.32835
G1 F982.9 X96.949 Y102.729 E681.3426
G1 X96.949 Y103.022 E681.35685
G1 F1060.9 X96.906 Y103.436 E681.37561
G1 F1145.5 X96.908 Y131.523 E682.548
G1 F1055.1 X96.949 Y131.85 E682.56294
G1 F982.9 X96.949 Y132.143 E682.57719
G1 X97.242 Y132.143 E682.59144
G1 F1060.9 X97.656 Y132.186 E682.6102
G1 F1147.7 X111.433 Y132.185 E683.18413
G1 F2400 E682.38413
;MESH:NONMESH
G0 F300 X111.433 Y132.185 Z4
G0 F15000 X111.433 Y131.927
G0 X126.095 Y131.875
G0 X126.137 Y102.957
G0 X126.116 Y103.022
;TIME_ELAPSED:852.840800
;LAYER:19
;note -- min layer time used
;TYPE:WALL-INNER
;MESH:Camera mount.stl(1)
G1 F2400 E683.18413
G1 F1545.8 X126.047 Y102.982 E683.18659
G1 X126.047 Y103.062 E683.18907
G1 X126.116 Y103.022 E683.19154
G1 F2400 E682.39154
G0 F15000 X126.137 Y102.957
G0 X126.095 Y131.875
G0 X111.441 Y131.947
G0 X111.441 Y131.686
;TYPE:WALL-OUTER
G1 F2400 E683.19154
G1 F1150 X97.656 Y131.686 E683.76465
G1 F1060.9 X97.449 Y131.643 E683.77418
G1 F1055.1 X97.407 Y131.48 E683.78181
G1 F1145.5 X97.406 Y103.436 E684.9524
G1 F1060.9 X97.449 Y103.229 E684.96193
G1 F1055.1 X97.612 Y103.187 E684.96956
G1 F1145.5 X125.656 Y103.186 E686.14016
G1 F1150 X125.906 Y103.436 E686.15486
G1 F1145.5 X125.905 Y131.48 E687.32545
G1 F1057 X125.863 Y131.643 E687.33307
G1 F1053.1 X125.7 Y131.685 E687.34071
G1 F1143.2 X111.441 Y131.686 E687.93709
G0 F15000 X111.433 Y132.185
G1 F1140.9 X125.743 Y132.184 E688.53679
G1 F1053.1 X126.07 Y132.143 E688.55175
G1 F981.3 X126.363 Y132.143 E688.56603
G1 X126.363 Y131.85 E688.5803
G1 F1057 X126.405 Y131.523 E688.59522
G1 F1145.5 X126.406 Y103.436 E689.76761
G1 F1277.8 X126.456 Y103.022 E689.78321
G1 F1437.5 X126.456 Y102.636 E689.79605
G1 X126.07 Y102.636 E689.80889
G1 F1277.8 X125.656 Y102.686 E689.82449
G1 F1145.5 X97.569 Y102.688 E690.99689
G1 F1055.1 X97.242 Y102.729 E691.01182
G1 F982.9 X96.949 Y102.729 E691.02607
G1 X96.949 Y103.022 E691.04032
G1 F1060.9 X96.906 Y103.436 E691.05908
G1 F1145.5 X96.908 Y131.523 E692.23148
G1 F1055.1 X96.949 Y131.85 E692.24641
G1 F982.9 X96.949 Y132.143 E692.26066
G1 X97.242 Y132.143 E692.27492
G1 F1060.9 X97.656 Y132.186 E692.29367
G1 F1147.7 X111.433 Y132.185 E692.8676
G1 F2400 E692.0676
;MESH:NONMESH
G0 F300 X111.433 Y132.185 Z4.2
G0 F15000 X111.433 Y131.927
G0 X126.095 Y131.875
G0 X126.137 Y102.957
G0 X126.116 Y103.022
;TIME_ELAPSED:867.146883
;LAYER:20
;note -- min layer time used
;TYPE:WALL-INNER
;MESH:Camera mount.stl(1)
G1 F2400 E692.8676
G1 F1545.8 X126.047 Y102.982 E692.87007
G1 X126.047 Y103.062 E692.87254
G1 X126.116 Y103.022 E692.87501
G1 F2400 E692.07501
G0 F15000 X126.137 Y102.957
G0 X126.095 Y131.875
G0 X111.441 Y131.947
G0 X111.441 Y131.686
;TYPE:WALL-OUTER
G1 F2400 E692.87501
G1 F1150 X97.656 Y131.686 E693.44812
G1 F1060.9 X97.449 Y131.643 E693.45765
G1 F1055.1 X97.407 Y131.48 E693.46528
G1 F1145.5 X97.406 Y103.436 E694.63588
G1 F1060.9 X97.449 Y103.229 E694.6454
G1 F1055.1 X97.612 Y103.187 E694.65303
G1 F1145.5 X125.656 Y103.186 E695.82363
G1 F1150 X125.906 Y103.436 E695.83833
G1 F1145.5 X125.905 Y131.48 E697.00893
G1 F1057 X125.863 Y131.643 E697.01654
G1 F1053.1 X125.7 Y131.685 E697.02418
G1 F1143.2 X111.441 Y131.686 E697.62056
G0 F15000 X111.433 Y132.185
G1 F1140.9 X125.743 Y132.184 E698.22026
G1 F1053.1 X126.07 Y132.143 E698.23522
G1 F981.3 X126.363 Y132.143 E698.2495
G1 X126.363 Y131.85 E698.26378
G1 F1057 X126.405 Y131.523 E698.27869
G1 F1145.5 X126.406 Y103.436 E699.45108
G1 F1277.8 X126.456 Y103.022 E699.46668
G1 F1437.5 X126.456 Y102.636 E699.47952
G1 X126.07 Y102.636 E699.49236
G1 F1277.8 X125.656 Y102.686 E699.50797
G1 F1145.5 X97.569 Y102.688 E700.68036
G1 F1055.1 X97.242 Y102.729 E700.69529
G1 F982.9 X96.949 Y102.729 E700.70954
G1 X96.949 Y103.022 E700.7238
G1 F1060.9 X96.906 Y103.436 E700.74256
G1 F1145.5 X96.908 Y131.523 E701.91495
G1 F1055.1 X96.949 Y131.85 E701.92988
G1 F982.9 X96.949 Y132.143 E701.94414
G1 X97.242 Y132.143 E701.95839
G1 F1060.9 X97.656 Y132.186 E701.97715
G1 F1147.7 X111.433 Y132.185 E702.55107
G1 F2400 E701.75107
;MESH:NONMESH
G0 F300 X111.433 Y132.185 Z4.4
G0 F15000 X111.433 Y131.927
G0 X126.095 Y131.875
G0 X126.137 Y102.957
G0 X126.116 Y103.022
;TIME_ELAPSED:881.452966
;LAYER:21
;note -- min layer time used
;TYPE:WALL-INNER
;MESH:Camera mount.stl(1)
G1 F2400 E702.55107
G1 F1545.8 X126.047 Y102.982 E702.55354
G1 X126.047 Y103.062 E702.55601
G1 X126.116 Y103.022 E702.55848
G1 F2400 E701.75848
G0 F15000 X126.137 Y102.957
G0 X126.095 Y131.875
G0 X111.441 Y131.947
G0 X111.441 Y131.686
;TYPE:WALL-OUTER
G1 F2400 E702.55848
G1 F1150 X97.656 Y131.686 E703.13159
G1 F1060.9 X97.449 Y131.643 E703.14112
G1 F1055.1 X97.407 Y131.48 E703.14875
G1 F1145.5 X97.406 Y103.436 E704.31935
G1 F1060.9 X97.449 Y103.229 E704.32888
G1 F1055.1 X97.612 Y103.187 E704.3365
G1 F1145.5 X125.656 Y103.186 E705.5071
G1 F1150 X125.906 Y103.436 E705.5218
G1 F1145.5 X125.905 Y131.48 E706.6924
G1 F1057 X125.863 Y131.643 E706.70001
G1 F1053.1 X125.7 Y131.685 E706.70766
G1 F1143.2 X111.441 Y131.686 E707.30403
G0 F15000 X111.433 Y132.185
G1 F1140.9 X125.743 Y132.184 E707.90373
G1 F1053.1 X126.07 Y132.143 E707.91869
G1 F981.3 X126.363 Y132.143 E707.93297
G1 X126.363 Y131.85 E707.94725
G1 F1057 X126.405 Y131.523 E707.96216
G1 F1145.5 X126.406 Y103.436 E709.13455
G1 F1277.8 X126.456 Y103.022 E709.15016
G1 F1437.5 X126.456 Y102.636 E709.163
G1 X126.07 Y102.636 E709.17583
G1 F1277.8 X125.656 Y102.686 E709.19144
G1 F1145.5 X97.569 Y102.688 E710.36383
G1 F1055.1 X97.242 Y102.729 E710.37876
G1 F982.9 X96.949 Y102.729 E710.39302
G1 X96.949 Y103.022 E710.40727
G1 F1060.9 X96.906 Y103.436 E710.42603
G1 F1145.5 X96.908 Y131.523 E711.59842
G1 F1055.1 X96.949 Y131.85 E711.61336
G1 F982.9 X96.949 Y132.143 E711.62761
G1 X97.242 Y132.143 E711.64186
G1 F1060.9 X97.656 Y132.186 E711.66062
G1 F1147.7 X111.433 Y132.185 E712.23454
G1 F2400 E711.43454
;MESH:NONMESH
G0 F300 X111.433 Y132.185 Z4.6
G0 F15000 X111.433 Y131.927
G0 X126.095 Y131.875
G0 X126.137 Y102.957
G0 X126.116 Y103.022
;TIME_ELAPSED:895.759049
;LAYER:22
;note -- min layer time used
;TYPE:WALL-INNER
;MESH:Camera mount.stl(1)
G1 F2400 E712.23454
G1 F1545.8 X126.047 Y102.982 E712.23701
G1 X126.047 Y103.062 E712.23949
G1 X126.116 Y103.022 E712.24195
G1 F2400 E711.44195
G0 F15000 X126.137 Y102.957
G0 X126.095 Y131.875
G0 X111.441 Y131.947
G0 X111.441 Y131.686
;TYPE:WALL-OUTER
G1 F2400 E712.24195
G1 F1150 X97.656 Y131.686 E712.81507
G1 F1060.9 X97.449 Y131.643 E712.8246
G1 F1055.1 X97.407 Y131.48 E712.83222
G1 F1145.5 X97.406 Y103.436 E714.00282
G1 F1060.9 X97.449 Y103.229 E714.01235
G1 F1055.1 X97.612 Y103.187 E714.01998
G1 F1145.5 X125.656 Y103.186 E715.19057
G1 F1150 X125.906 Y103.436 E715.20527
G1 F1145.5 X125.905 Y131.48 E716.37587
G1 F1057 X125.863 Y131.643 E716.38349
G1 F1053.1 X125.7 Y131.685 E716.39113
G1 F1143.2 X111.441 Y131.686 E716.9875
G0 F15000 X111.433 Y132.185
G1 F1140.9 X125.743 Y132.184 E717.58721
G1 F1053.1 X126.07 Y132.143 E717.60217
G1 F981.3 X126.363 Y132.143 E717.61644
G1 X126.363 Y131.85 E717.63072
G1 F1057 X126.405 Y131.523 E717.64563
G1 F1145.5 X126.406 Y103.436 E718.81803
G1 F1277.8 X126.456 Y103.022 E718.83363
G1 F1437.5 X126.456 Y102.636 E718.84647
G1 X126.07 Y102.636 E718.85931
G1 F1277.8 X125.656 Y102.686 E718.87491
G1 F1145.5 X97.569 Y102.688 E720.0473
G1 F1055.1 X97.242 Y102.729 E720.06224
G1 F982.9 X96.949 Y102.729 E720.07649
G1 X96.949 Y103.022 E720.09074
G1 F1060.9 X96.906 Y103.436 E720.1095
G1 F1145.5 X96.908 Y131.523 E721.28189
G1 F1055.1 X96.949 Y131.85 E721.29683
G1 F982.9 X96.949 Y132.143 E721.31108
G1 X97.242 Y132.143 E721.32533
G1 F1060.9 X97.656 Y132.186 E721.34409
G1 F1147.7 X111.433 Y132.185 E721.91802
G1 F2400 E721.11802
;MESH:NONMESH
G0 F300 X111.433 Y132.185 Z4.8
G0 F15000 X111.433 Y131.927
G0 X126.095 Y131.875
G0 X126.137 Y102.957
G0 X126.116 Y103.022
;TIME_ELAPSED:910.065133
;LAYER:23
;note -- min layer time used
;TYPE:WALL-INNER
;MESH:Camera mount.stl(1)
G1 F2400 E721.91802
G1 F1545.8 X126.047 Y102.982 E721.92048
G1 X126.047 Y103.062 E721.92296
G1 X126.116 Y103.022 E721.92543
G1 F2400 E721.12543
G0 F15000 X126.137 Y102.957
G0 X126.095 Y131.875
G0 X111.441 Y131.947
G0 X111.441 Y131.686
;TYPE:WALL-OUTER
G1 F2400 E721.92543
G1 F1150 X97.656 Y131.686 E722.49854
G1 F1060.9 X97.449 Y131.643 E722.50807
G1 F1055.1 X97.407 Y131.48 E722.5157
G1 F1145.5 X97.406 Y103.436 E723.68629
G1 F1060.9 X97.449 Y103.229 E723.69582
G1 F1055.1 X97.612 Y103.187 E723.70345
G1 F1145.5 X125.656 Y103.186 E724.87405
G1 F1150 X125.906 Y103.436 E724.88875
G1 F1145.5 X125.905 Y131.48 E726.05934
G1 F1057 X125.863 Y131.643 E726.06696
G1 F1053.1 X125.7 Y131.685 E726.0746
G1 F1143.2 X111.441 Y131.686 E726.67098
G0 F15000 X111.433 Y132.185
G1 F1140.9 X125.743 Y132.184 E727.27068
G1 F1053.1 X126.07 Y132.143 E727.28564
G1 F981.3 X126.363 Y132.143 E727.29992
G1 X126.363 Y131.85 E727.31419
G1 F1057 X126.405 Y131.523 E727.32911
G1 F1145.5 X126.406 Y103.436 E728.5015
G1 F1277.8 X126.456 Y103.022 E728.5171
G1 F1437.5 X126.456 Y102.636 E728.52994
G1 X126.07 Y102.636 E728.54278
G1 F1277.8 X125.656 Y102.686 E728.55838
G1 F1145.5 X97.569 Y102.688 E729.73078
G1 F1055.1 X97.242 Y102.729 E729.74571
G1 F982.9 X96.949 Y102.729 E729.75996
G1 X96.949 Y103.022 E729.77421
G1 F1060.9 X96.906 Y103.436 E729.79297
G1 F1145.5 X96.908 Y131.523 E730.96537
G1 F1055.1 X96.949 Y131.85 E730.9803
G1 F982.9 X96.949 Y132.143 E730.99455
G1 X97.242 Y132.143 E731.0088
G1 F1060.9 X97.656 Y132.186 E731.02756
G1 F1147.7 X111.433 Y132.185 E731.60149
G1 F2400 E730.80149
;MESH:NONMESH
G0 F300 X111.433 Y132.185 Z5
G0 F15000 X111.433 Y131.927
G0 X126.095 Y131.875
G0 X126.137 Y102.957
G0 X126.116 Y103.022
;TIME_ELAPSED:924.371216
;LAYER:24
;note -- min layer time used
;TYPE:WALL-INNER
;MESH:Camera mount.stl(1)
G1 F2400 E731.60149
G1 F1545.8 X126.047 Y102.982 E731.60396
G1 X126.047 Y103.062 E731.60643
G1 X126.116 Y103.022 E731.6089
G1 F2400 E730.8089
G0 F15000 X126.137 Y102.957
G0 X126.095 Y131.875
G0 X111.441 Y131.947
G0 X111.441 Y131.686
;TYPE:WALL-OUTER
G1 F2400 E731.6089
G1 F1150 X97.656 Y131.686 E732.18201
G1 F1060.9 X97.449 Y131.643 E732.19154
G1 F1055.1 X97.407 Y131.48 E732.19917
G1 F1145.5 X97.406 Y103.436 E733.36977
G1 F1060.9 X97.449 Y103.229 E733.37929
G1 F1055.1 X97.612 Y103.187 E733.38692
G1 F1145.5 X125.656 Y103.186 E734.55752
G1 F1150 X125.906 Y103.436 E734.57222
G1 F1145.5 X125.905 Y131.48 E735.74282
G1 F1057 X125.863 Y131.643 E735.75043
G1 F1053.1 X125.7 Y131.685 E735.75807
G1 F1143.2 X111.441 Y131.686 E736.35445
G0 F15000 X111.433 Y132.185
G1 F1140.9 X125.743 Y132.184 E736.95415
G1 F1053.1 X126.07 Y132.143 E736.96911
G1 F981.3 X126.363 Y132.143 E736.98339
G1 X126.363 Y131.85 E736.99767
G1 F1057 X126.405 Y131.523 E737.01258
G1 F1145.5 X126.406 Y103.436 E738.18497
G1 F1277.8 X126.456 Y103.022 E738.20057
G1 F1437.5 X126.456 Y102.636 E738.21341
G1 X126.07 Y102.636 E738.22625
G1 F1277.8 X125.656 Y102.686 E738.24185
G1 F1145.5 X97.569 Y102.688 E739.41425
G1 F1055.1 X97.242 Y102.729 E739.42918
G1 F982.9 X96.949 Y102.729 E739.44343
G1 X96.949 Y103.022 E739.45769
G1 F1060.9 X96.906 Y103.436 E739.47645
G1 F1145.5 X96.908 Y131.523 E740.64884
G1 F1055.1 X96.949 Y131.85 E740.66377
G1 F982.9 X96.949 Y132.143 E740.67802
G1 X97.242 Y132.143 E740.69228
G1 F1060.9 X97.656 Y132.186 E740.71104
G1 F1147.7 X111.433 Y132.185 E741.28496
G1 F2400 E740.48496
;MESH:NONMESH
G0 F300 X111.433 Y132.185 Z5.2
G0 F15000 X111.433 Y131.927
G0 X126.095 Y131.875
G0 X126.137 Y102.957
G0 X126.116 Y103.022
;TIME_ELAPSED:938.677299
;LAYER:25
;note -- min layer time used
;TYPE:WALL-INNER
;MESH:Camera mount.stl(1)
G1 F2400 E741.28496
G1 F1545.8 X126.047 Y102.982 E741.28743
G1 X126.047 Y103.062 E741.2899
G1 X126.116 Y103.022 E741.29237
G1 F2400 E740.49237
G0 F15000 X126.137 Y102.957
G0 X126.095 Y131.875
G0 X111.441 Y131.947
G0 X111.441 Y131.686
;TYPE:WALL-OUTER
G1 F2400 E741.29237
G1 F1150 X97.656 Y131.686 E741.86548
G1 F1060.9 X97.449 Y131.643 E741.87501
G1 F1055.1 X97.407 Y131.48 E741.88264
G1 F1145.5 X97.406 Y103.436 E743.05324
G1 F1060.9 X97.449 Y103.229 E743.06277
G1 F1055.1 X97.612 Y103.187 E743.07039
G1 F1145.5 X125.656 Y103.186 E744.24099
G1 F1150 X125.906 Y103.436 E744.25569
G1 F1145.5 X125.905 Y131.48 E745.42629
G1 F1057 X125.863 Y131.643 E745.4339
G1 F1053.1 X125.7 Y131.685 E745.44154
G1 F1143.2 X111.441 Y131.686 E746.03792
G0 F15000 X111.433 Y132.185
G1 F1140.9 X125.743 Y132.184 E746.63762
G1 F1053.1 X126.07 Y132.143 E746.65258
G1 F981.3 X126.363 Y132.143 E746.66686
G1 X126.363 Y131.85 E746.68114
G1 F1057 X126.405 Y131.523 E746.69605
G1 F1145.5 X126.406 Y103.436 E747.86844
G1 F1277.8 X126.456 Y103.022 E747.88405
G1 F1437.5 X126.456 Y102.636 E747.89689
G1 X126.07 Y102.636 E747.90972
G1 F1277.8 X125.656 Y102.686 E747.92533
G1 F1145.5 X97.569 Y102.688 E749.09772
G1 F1055.1 X97.242 Y102.729 E749.11265
G1 F982.9 X96.949 Y102.729 E749.12691
G1 X96.949 Y103.022 E749.14116
G1 F1060.9 X96.906 Y103.436 E749.15992
G1 F1145.5 X96.908 Y131.523 E750.33231
G1 F1055.1 X96.949 Y131.85 E750.34724
G1 F982.9 X96.949 Y132.143 E750.3615
G1 X97.242 Y132.143 E750.37575
G1 F1060.9 X97.656 Y132.186 E750.39451
G1 F1147.7 X111.433 Y132.185 E750.96843
G1 F2400 E750.16843
;MESH:NONMESH
G0 F300 X111.433 Y132.185 Z5.4
G0 F15000 X111.433 Y131.927
G0 X126.095 Y131.875
G0 X126.137 Y102.957
G0 X126.116 Y103.022
;TIME_ELAPSED:952.983382
;LAYER:26
;note -- min layer time used
;TYPE:WALL-INNER
;MESH:Camera mount.stl(1)
G1 F2400 E750.96843
G1 F1545.8 X126.047 Y102.982 E750.9709
G1 X126.047 Y103.062 E750.97338
G1 X126.116 Y103.022 E750.97584
G1 F2400 E750.17584
G0 F15000 X126.137 Y102.957
G0 X126.095 Y131.875
G0 X111.441 Y131.947
G0 X111.441 Y131.686
;TYPE:WALL-OUTER
G1 F2400 E750.97584
G1 F1150 X97.656 Y131.686 E751.54896
G1 F1060.9 X97.449 Y131.643 E751.55849
G1 F1055.1 X97.407 Y131.48 E751.56611
G1 F1145.5 X97.406 Y103.436 E752.73671
G1 F1060.9 X97.449 Y103.229 E752.74624
G1 F1055.1 X97.612 Y103.187 E752.75387
G1 F1145.5 X125.656 Y103.186 E753.92446
G1 F1150 X125.906 Y103.436 E753.93916
G1 F1145.5 X125.905 Y131.48 E755.10976
G1 F1057 X125.863 Y131.643 E755.11738
G1 F1053.1 X125.7 Y131.685 E755.12502
G1 F1143.2 X111.441 Y131.686 E755.72139
G0 F15000 X111.433 Y132.185
G1 F1140.9 X125.743 Y132.184 E756.32109
G1 F1053.1 X126.07 Y132.143 E756.33606
G1 F981.3 X126.363 Y132.143 E756.35033
G1 X126.363 Y131.85 E756.36461
G1 F1057 X126.405 Y131.523 E756.37952
G1 F1145.5 X126.406 Y103.436 E757.55192
G1 F1277.8 X126.456 Y103.022 E757.56752
G1 F1437.5 X126.456 Y102.636 E757.58036
G1 X126.07 Y102.636 E757.5932
G1 F1277.8 X125.656 Y102.686 E757.6088
G1 F1145.5 X97.569 Y102.688 E758.78119
G1 F1055.1 X97.242 Y102.729 E758.79613
G1 F982.9 X96.949 Y102.729 E758.81038
G1 X96.949 Y103.022 E758.82463
G1 F1060.9 X96.906 Y103.436 E758.84339
G1 F1145.5 X96.908 Y131.523 E760.01578
G1 F1055.1 X96.949 Y131.85 E760.03072
G1 F982.9 X96.949 Y132.143 E760.04497
G1 X97.242 Y132.143 E760.05922
G1 F1060.9 X97.656 Y132.186 E760.07798
G1 F1147.7 X111.433 Y132.185 E760.65191
G1 F2400 E759.85191
;MESH:NONMESH
G0 F300 X111.433 Y132.185 Z5.6
G0 F15000 X111.433 Y131.927
G0 X126.095 Y131.875
G0 X126.137 Y102.957
G0 X126.116 Y103.022
;TIME_ELAPSED:967.289466
;LAYER:27
;note -- min layer time used
;TYPE:WALL-INNER
;MESH:Camera mount.stl(1)
G1 F2400 E760.65191
G1 F1545.8 X126.047 Y102.982 E760.65437
G1 X126.047 Y103.062 E760.65685
G1 X126.116 Y103.022 E760.65932
G1 F2400 E759.85932
G0 F15000 X126.137 Y102.957
G0 X126.095 Y131.875
G0 X111.441 Y131.947
G0 X111.441 Y131.686
;TYPE:WALL-OUTER
G1 F2400 E760.65932
G1 F1150 X97.656 Y131.686 E761.23243
G1 F1060.9 X97.449 Y131.643 E761.24196
G1 F1055.1 X97.407 Y131.48 E761.24959
G1 F1145.5 X97.406 Y103.436 E762.42018
G1 F1060.9 X97.449 Y103.229 E762.42971
G1 F1055.1 X97.612 Y103.187 E762.43734
G1 F1145.5 X125.656 Y103.186 E763.60794
G1 F1150 X125.906 Y103.436 E763.62264
G1 F1145.5 X125.905 Y131.48 E764.79323
G1 F1057 X125.863 Y131.643 E764.80085
G1 F1053.1 X125.7 Y131.685 E764.80849
G1 F1143.2 X111.441 Y131.686 E765.40487
G0 F15000 X111.433 Y132.185
G1 F1140.9 X125.743 Y132.184 E766.00457
G1 F1053.1 X126.07 Y132.143 E766.01953
G1 F981.3 X126.363 Y132.143 E766.03381
G1 X126.363 Y131.85 E766.04808
G1 F1057 X126.405 Y131.523 E766.063
G1 F1145.5 X126.406 Y103.436 E767.23539
G1 F1277.8 X126.456 Y103.022 E767.25099
G1 F1437.5 X126.456 Y102.636 E767.26383
G1 X126.07 Y102.636 E767.27667
G1 F1277.8 X125.656 Y102.686 E767.29227
G1 F1145.5 X97.569 Y102.688 E768.46466
G1 F1055.1 X97.242 Y102.729 E768.4796
G1 F982.9 X96.949 Y102.729 E768.49385
G1 X96.949 Y103.022 E768.5081
G1 F1060.9 X96.906 Y103.436 E768.52686
G1 F1145.5 X96.908 Y131.523 E769.69926
G1 F1055.1 X96.949 Y131.85 E769.71419
G1 F982.9 X96.949 Y132.143 E769.72844
G1 X97.242 Y132.143 E769.74269
G1 F1060.9 X97.656 Y132.186 E769.76145
G1 F1147.7 X111.433 Y132.185 E770.33538
G1 F2400 E769.53538
;MESH:NONMESH
G0 F300 X111.433 Y132.185 Z5.8
G0 F15000 X111.433 Y131.927
G0 X126.095 Y131.875
G0 X126.137 Y102.957
G0 X126.116 Y103.022
;TIME_ELAPSED:981.595549
;LAYER:28
;note -- min layer time used
;TYPE:WALL-INNER
;MESH:Camera mount.stl(1)
G1 F2400 E770.33538
G1 F1545.8 X126.047 Y102.982 E770.33785
G1 X126.047 Y103.062 E770.34032
G1 X126.116 Y103.022 E770.34279
G1 F2400 E769.54279
G0 F15000 X126.137 Y102.957
G0 X126.095 Y131.875
G0 X111.441 Y131.947
G0 X111.441 Y131.686
;TYPE:WALL-OUTER
G1 F2400 E770.34279
G1 F1150 X97.656 Y131.686 E770.9159
G1 F1060.9 X97.449 Y131.643 E770.92543
G1 F1055.1 X97.407 Y131.48 E770.93306
G1 F1145.5 X97.406 Y103.436 E772.10366
G1 F1060.9 X97.449 Y103.229 E772.11318
G1 F1055.1 X97.612 Y103.187 E772.12081
G1 F1145.5 X125.656 Y103.186 E773.29141
G1 F1150 X125.906 Y103.436 E773.30611
G1 F1145.5 X125.905 Y131.48 E774.47671
G1 F1057 X125.863 Y131.643 E774.48432
G1 F1053.1 X125.7 Y131.685 E774.49196
G1 F1143.2 X111.441 Y131.686 E775.08834
G0 F15000 X111.433 Y132.185
G1 F1140.9 X125.743 Y132.184 E775.68804
G1 F1053.1 X126.07 Y132.143 E775.703
G1 F981.3 X126.363 Y132.143 E775.71728
G1 X126.363 Y131.85 E775.73156
G1 F1057 X126.405 Y131.523 E775.74647
G1 F1145.5 X126.406 Y103.436 E776.91886
G1 F1277.8 X126.456 Y103.022 E776.93446
G1 F1437.5 X126.456 Y102.636 E776.9473
G1 X126.07 Y102.636 E776.96014
G1 F1277.8 X125.656 Y102.686 E776.97574
G1 F1145.5 X97.569 Y102.688 E778.14814
G1 F1055.1 X97.242 Y102.729 E778.16307
G1 F982.9 X96.949 Y102.729 E778.17732
G1 X96.949 Y103.022 E778.19158
G1 F1060.9 X96.906 Y103.436 E778.21033
G1 F1145.5 X96.908 Y131.523 E779.38273
G1 F1055.1 X96.949 Y131.85 E779.39766
G1 F982.9 X96.949 Y132.143 E779.41191
G1 X97.242 Y132.143 E779.42617
G1 F1060.9 X97.656 Y132.186 E779.44493
G1 F1147.7 X111.433 Y132.185 E780.01885
G1 F2400 E779.21885
;MESH:NONMESH
G0 F300 X111.433 Y132.185 Z6
G0 F15000 X111.433 Y131.927
G0 X126.095 Y131.875
G0 X126.137 Y102.957
G0 X126.116 Y103.022
;TIME_ELAPSED:995.901632
;LAYER:29
;note -- min layer time used
;TYPE:WALL-INNER
;MESH:Camera mount.stl(1)
G1 F2400 E780.01885
G1 F1545.8 X126.047 Y102.982 E780.02132
G1 X126.047 Y103.062 E780.02379
G1 X126.116 Y103.022 E780.02626
G1 F2400 E779.22626
G0 F15000 X126.137 Y102.957
G0 X126.095 Y131.875
G0 X111.441 Y131.947
G0 X111.441 Y131.686
;TYPE:WALL-OUTER
G1 F2400 E780.02626
G1 F1150 X97.656 Y131.686 E780.59937
G1 F1060.9 X97.449 Y131.643 E780.6089
G1 F1055.1 X97.407 Y131.48 E780.61653
G1 F1145.5 X97.406 Y103.436 E781.78713
G1 F1060.9 X97.449 Y103.229 E781.79666
G1 F1055.1 X97.612 Y103.187 E781.80428
G1 F1145.5 X125.656 Y103.186 E782.97488
G1 F1150 X125.906 Y103.436 E782.98958
G1 F1145.5 X125.905 Y131.48 E784.16018
G1 F1057 X125.863 Y131.643 E784.16779
G1 F1053.1 X125.7 Y131.685 E784.17543
G1 F1143.2 X111.441 Y131.686 E784.77181
G0 F15000 X111.433 Y132.185
G1 F1140.9 X125.743 Y132.184 E785.37151
G1 F1053.1 X126.07 Y132.143 E785.38647
G1 F981.3 X126.363 Y132.143 E785.40075
G1 X126.363 Y131.85 E785.41503
G1 F1057 X126.405 Y131.523 E785.42994
G1 F1145.5 X126.406 Y103.436 E786.60233
G1 F1277.8 X126.456 Y103.022 E786.61794
G1 F1437.5 X126.456 Y102.636 E786.63078
G1 X126.07 Y102.636 E786.64361
G1 F1277.8 X125.656 Y102.686 E786.65922
G1 F1145.5 X97.569 Y102.688 E787.83161
G1 F1055.1 X97.242 Y102.729 E787.84654
G1 F982.9 X96.949 Y102.729 E787.8608
G1 X96.949 Y103.022 E787.87505
G1 F1060.9 X96.906 Y103.436 E787.89381
G1 F1145.5 X96.908 Y131.523 E789.0662
G1 F1055.1 X96.949 Y131.85 E789.08113
G1 F982.9 X96.949 Y132.143 E789.09539
G1 X97.242 Y132.143 E789.10964
G1 F1060.9 X97.656 Y132.186 E789.1284
G1 F1147.7 X111.433 Y132.185 E789.70232
G1 F2400 E788.90232
;MESH:NONMESH
G0 F300 X111.433 Y132.185 Z6.2
G0 F15000 X111.433 Y131.927
G0 X126.095 Y131.875
G0 X126.137 Y102.957
G0 X126.116 Y103.022
;TIME_ELAPSED:1010.207715
;LAYER:30
;note -- min layer time used
;TYPE:WALL-INNER
;MESH:Camera mount.stl(1)
G1 F2400 E789.70232
G1 F1545.8 X126.047 Y102.982 E789.70479
G1 X126.047 Y103.062 E789.70727
G1 X126.116 Y103.022 E789.70973
G1 F2400 E788.90973
G0 F15000 X126.137 Y102.957
G0 X126.095 Y131.875
G0 X111.441 Y131.947
G0 X111.441 Y131.686
;TYPE:WALL-OUTER
G1 F2400 E789.70973
G1 F1150 X97.656 Y131.686 E790.28285
G1 F1060.9 X97.449 Y131.643 E790.29237
G1 F1055.1 X97.407 Y131.48 E790.3
G1 F1145.5 X97.406 Y103.436 E791.4706
G1 F1060.9 X97.449 Y103.229 E791.48013
G1 F1055.1 X97.612 Y103.187 E791.48776
G1 F1145.5 X125.656 Y103.186 E792.65835
G1 F1150 X125.906 Y103.436 E792.67305
G1 F1145.5 X125.905 Y131.48 E793.84365
G1 F1057 X125.863 Y131.643 E793.85127
G1 F1053.1 X125.7 Y131.685 E793.85891
G1 F1143.2 X111.441 Y131.686 E794.45528
G0 F15000 X111.433 Y132.185
G1 F1140.9 X125.743 Y132.184 E795.05498
G1 F1053.1 X126.07 Y132.143 E795.06995
G1 F981.3 X126.363 Y132.143 E795.08422
G1 X126.363 Y131.85 E795.0985
G1 F1057 X126.405 Y131.523 E795.11341
G1 F1145.5 X126.406 Y103.436 E796.28581
G1 F1277.8 X126.456 Y103.022 E796.30141
G1 F1437.5 X126.456 Y102.636 E796.31425
G1 X126.07 Y102.636 E796.32709
G1 F1277.8 X125.656 Y102.686 E796.34269
G1 F1145.5 X97.569 Y102.688 E797.51508
G1 F1055.1 X97.242 Y102.729 E797.53002
G1 F982.9 X96.949 Y102.729 E797.54427
G1 X96.949 Y103.022 E797.55852
G1 F1060.9 X96.906 Y103.436 E797.57728
G1 F1145.5 X96.908 Y131.523 E798.74967
G1 F1055.1 X96.949 Y131.85 E798.76461
G1 F982.9 X96.949 Y132.143 E798.77886
G1 X97.242 Y132.143 E798.79311
G1 F1060.9 X97.656 Y132.186 E798.81187
G1 F1147.7 X111.433 Y132.185 E799.3858
G1 F2400 E798.5858
;MESH:NONMESH
G0 F300 X111.433 Y132.185 Z6.4
G0 F15000 X111.433 Y131.927
G0 X126.095 Y131.875
G0 X126.137 Y102.957
G0 X126.116 Y103.022
;TIME_ELAPSED:1024.513799
;LAYER:31
;note -- min layer time used
;TYPE:WALL-INNER
;MESH:Camera mount.stl(1)
G1 F2400 E799.3858
G1 F1545.8 X126.047 Y102.982 E799.38826
G1 X126.047 Y103.062 E799.39074
G1 X126.116 Y103.022 E799.39321
G1 F2400 E798.59321
G0 F15000 X126.137 Y102.957
G0 X126.095 Y131.875
G0 X111.441 Y131.947
G0 X111.441 Y131.686
;TYPE:WALL-OUTER
G1 F2400 E799.39321
G1 F1150 X97.656 Y131.686 E799.96632
G1 F1060.9 X97.449 Y131.643 E799.97585
G1 F1055.1 X97.407 Y131.48 E799.98348
G1 F1145.5 X97.406 Y103.436 E801.15407
G1 F1060.9 X97.449 Y103.229 E801.1636
G1 F1055.1 X97.612 Y103.187 E801.17123
G1 F1145.5 X125.656 Y103.186 E802.34183
G1 F1150 X125.906 Y103.436 E802.35653
G1 F1145.5 X125.905 Y131.48 E803.52712
G1 F1057 X125.863 Y131.643 E803.53474
G1 F1053.1 X125.7 Y131.685 E803.54238
G1 F1143.2 X111.441 Y131.686 E804.13876
G0 F15000 X111.433 Y132.185
G1 F1140.9 X125.743 Y132.184 E804.73846
G1 F1053.1 X126.07 Y132.143 E804.75342
G1 F981.3 X126.363 Y132.143 E804.7677
G1 X126.363 Y131.85 E804.78197
G1 F1057 X126.405 Y131.523 E804.79689
G1 F1145.5 X126.406 Y103.436 E805.96928
G1 F1277.8 X126.456 Y103.022 E805.98488
G1 F1437.5 X126.456 Y102.636 E805.99772
G1 X126.07 Y102.636 E806.01056
G1 F1277.8 X125.656 Y102.686 E806.02616
G1 F1145.5 X97.569 Y102.688 E807.19855
G1 F1055.1 X97.242 Y102.729 E807.21349
G1 F982.9 X96.949 Y102.729 E807.22774
G1 X96.949 Y103.022 E807.24199
G1 F1060.9 X96.906 Y103.436 E807.26075
G1 F1145.5 X96.908 Y131.523 E808.43314
G1 F1055.1 X96.949 Y131.85 E808.44808
G1 F982.9 X96.949 Y132.143 E808.46233
G1 X97.242 Y132.143 E808.47658
G1 F1060.9 X97.656 Y132.186 E808.49534
G1 F1147.7 X111.433 Y132.185 E809.06927
G1 F2400 E808.26927
;MESH:NONMESH
G0 F300 X111.433 Y132.185 Z6.6
G0 F15000 X111.433 Y131.927
G0 X126.095 Y131.875
G0 X126.137 Y102.957
G0 X126.116 Y103.022
;TIME_ELAPSED:1038.819882
;LAYER:32
;note -- min layer time used
;TYPE:WALL-INNER
;MESH:Camera mount.stl(1)
G1 F2400 E809.06927
G1 F1545.8 X126.047 Y102.982 E809.07174
G1 X126.047 Y103.062 E809.07421
G1 X126.116 Y103.022 E809.07668
G1 F2400 E808.27668
G0 F15000 X126.137 Y102.957
G0 X126.095 Y131.875
G0 X111.441 Y131.947
G0 X111.441 Y131.686
;TYPE:WALL-OUTER
G1 F2400 E809.07668
G1 F1150 X97.656 Y131.686 E809.64979
G1 F1060.9 X97.449 Y131.643 E809.65932
G1 F1055.1 X97.407 Y131.48 E809.66695
G1 F1145.5 X97.406 Y103.436 E810.83755
G1 F1060.9 X97.449 Y103.229 E810.84707
G1 F1055.1 X97.612 Y103.187 E810.8547
G1 F1145.5 X125.656 Y103.186 E812.0253
G1 F1150 X125.906 Y103.436 E812.04
G1 F1145.5 X125.905 Y131.48 E813.2106
G1 F1057 X125.863 Y131.643 E813.21821
G1 F1053.1 X125.7 Y131.685 E813.22585
G1 F1143.2 X111.441 Y131.686 E813.82223
G0 F15000 X111.433 Y132.185
G1 F1140.9 X125.743 Y132.184 E814.42193
G1 F1053.1 X126.07 Y132.143 E814.43689
G1 F981.3 X126.363 Y132.143 E814.45117
G1 X126.363 Y131.85 E814.46544
G1 F1057 X126.405 Y131.523 E814.48036
G1 F1145.5 X126.406 Y103.436 E815.65275
G1 F1277.8 X126.456 Y103.022 E815.66835
G1 F1437.5 X126.456 Y102.636 E815.68119
G1 X126.07 Y102.636 E815.69403
G1 F1277.8 X125.656 Y102.686 E815.70963
G1 F1145.5 X97.569 Y102.688 E816.88203
G1 F1055.1 X97.242 Y102.729 E816.89696
G1 F982.9 X96.949 Y102.729 E816.91121
G1 X96.949 Y103.022 E816.92547
G1 F1060.9 X96.906 Y103.436 E816.94422
G1 F1145.5 X96.908 Y131.523 E818.11662
G1 F1055.1 X96.949 Y131.85 E818.13155
G1 F982.9 X96.949 Y132.143 E818.1458
G1 X97.242 Y132.143 E818.16006
G1 F1060.9 X97.656 Y132.186 E818.17882
G1 F1147.7 X111.433 Y132.185 E818.75274
G1 F2400 E817.95274
;MESH:NONMESH
G0 F300 X111.433 Y132.185 Z6.8
G0 F15000 X111.433 Y131.927
G0 X126.095 Y131.875
G0 X126.137 Y102.957
G0 X126.116 Y103.022
;TIME_ELAPSED:1053.125965
;LAYER:33
;note -- min layer time used
;TYPE:WALL-INNER
;MESH:Camera mount.stl(1)
G1 F2400 E818.75274
G1 F1545.8 X126.047 Y102.982 E818.75521
G1 X126.047 Y103.062 E818.75768
G1 X126.116 Y103.022 E818.76015
G1 F2400 E817.96015
G0 F15000 X126.137 Y102.957
G0 X126.095 Y131.875
G0 X111.441 Y131.947
G0 X111.441 Y131.686
;TYPE:WALL-OUTER
G1 F2400 E818.76015
G1 F1150 X97.656 Y131.686 E819.33326
G1 F1060.9 X97.449 Y131.643 E819.34279
G1 F1055.1 X97.407 Y131.48 E819.35042
G1 F1145.5 X97.406 Y103.436 E820.52102
G1 F1060.9 X97.449 Y103.229 E820.53055
G1 F1055.1 X97.612 Y103.187 E820.53817
G1 F1145.5 X125.656 Y103.186 E821.70877
G1 F1150 X125.906 Y103.436 E821.72347
G1 F1145.5 X125.905 Y131.48 E822.89407
G1 F1057 X125.863 Y131.643 E822.90168
G1 F1053.1 X125.7 Y131.685 E822.90932
G1 F1143.2 X111.441 Y131.686 E823.5057
G0 F15000 X111.433 Y132.185
G1 F1140.9 X125.743 Y132.184 E824.1054
G1 F1053.1 X126.07 Y132.143 E824.12036
G1 F981.3 X126.363 Y132.143 E824.13464
G1 X126.363 Y131.85 E824.14892
G1 F1057 X126.405 Y131.523 E824.16383
G1 F1145.5 X126.406 Y103.436 E825.33622
G1 F1277.8 X126.456 Y103.022 E825.35183
G1 F1437.5 X126.456 Y102.636 E825.36466
G1 X126.07 Y102.636 E825.3775
G1 F1277.8 X125.656 Y102.686 E825.39311
G1 F1145.5 X97.569 Y102.688 E826.5655
G1 F1055.1 X97.242 Y102.729 E826.58043
G1 F982.9 X96.949 Y102.729 E826.59469
G1 X96.949 Y103.022 E826.60894
G1 F1060.9 X96.906 Y103.436 E826.6277
G1 F1145.5 X96.908 Y131.523 E827.80009
G1 F1055.1 X96.949 Y131.85 E827.81502
G1 F982.9 X96.949 Y132.143 E827.82928
G1 X97.242 Y132.143 E827.84353
G1 F1060.9 X97.656 Y132.186 E827.86229
G1 F1147.7 X111.433 Y132.185 E828.43621
G1 F2400 E827.63621
;MESH:NONMESH
G0 F300 X111.433 Y132.185 Z7
G0 F15000 X111.433 Y131.927
G0 X126.095 Y131.875
G0 X126.137 Y102.957
G0 X126.116 Y103.022
;TIME_ELAPSED:1067.432048
;LAYER:34
;note -- min layer time used
;TYPE:WALL-INNER
;MESH:Camera mount.stl(1)
G1 F2400 E828.43621
G1 F1545.8 X126.047 Y102.982 E828.43868
G1 X126.047 Y103.062 E828.44116
G1 X126.116 Y103.022 E828.44362
G1 F2400 E827.64362
G0 F15000 X126.137 Y102.957
G0 X126.095 Y131.875
G0 X111.441 Y131.947
G0 X111.441 Y131.686
;TYPE:WALL-OUTER
G1 F2400 E828.44362
G1 F1150 X97.656 Y131.686 E829.01674
G1 F1060.9 X97.449 Y131.643 E829.02626
G1 F1055.1 X97.407 Y131.48 E829.03389
G1 F1145.5 X97.406 Y103.436 E830.20449
G1 F1060.9 X97.449 Y103.229 E830.21402
G1 F1055.1 X97.612 Y103.187 E830.22165
G1 F1145.5 X125.656 Y103.186 E831.39224
G1 F1150 X125.906 Y103.436 E831.40694
G1 F1145.5 X125.905 Y131.48 E832.57754
G1 F1057 X125.863 Y131.643 E832.58515
G1 F1053.1 X125.7 Y131.685 E832.5928
G1 F1143.2 X111.441 Y131.686 E833.18917
G0 F15000 X111.433 Y132.185
G1 F1140.9 X125.743 Y132.184 E833.78887
G1 F1053.1 X126.07 Y132.143 E833.80384
G1 F981.3 X126.363 Y132.143 E833.81811
G1 X126.363 Y131.85 E833.83239
G1 F1057 X126.405 Y131.523 E833.8473
G1 F1145.5 X126.406 Y103.436 E835.0197
G1 F1277.8 X126.456 Y103.022 E835.0353
G1 F1437.5 X126.456 Y102.636 E835.04814
G1 X126.07 Y102.636 E835.06098
G1 F1277.8 X125.656 Y102.686 E835.07658
G1 F1145.5 X97.569 Y102.688 E836.24897
G1 F1055.1 X97.242 Y102.729 E836.26391
G1 F982.9 X96.949 Y102.729 E836.27816
G1 X96.949 Y103.022 E836.29241
G1 F1060.9 X96.906 Y103.436 E836.31117
G1 F1145.5 X96.908 Y131.523 E837.48356
G1 F1055.1 X96.949 Y131.85 E837.4985
G1 F982.9 X96.949 Y132.143 E837.51275
G1 X97.242 Y132.143 E837.527
G1 F1060.9 X97.656 Y132.186 E837.54576
G1 F1147.7 X111.433 Y132.185 E838.11969
G1 F2400 E837.31969
;MESH:NONMESH
G0 F300 X111.433 Y132.185 Z7.2
G0 F15000 X111.433 Y131.927
G0 X126.095 Y131.875
G0 X126.137 Y102.957
G0 X126.116 Y103.022
;TIME_ELAPSED:1081.738132
;LAYER:35
;note -- min layer time used
;TYPE:WALL-INNER
;MESH:Camera mount.stl(1)
G1 F2400 E838.11969
G1 F1545.8 X126.047 Y102.982 E838.12215
G1 X126.047 Y103.062 E838.12463
G1 X126.116 Y103.022 E838.1271
G1 F2400 E837.3271
G0 F15000 X126.137 Y102.957
G0 X126.095 Y131.875
G0 X111.441 Y131.947
G0 X111.441 Y131.686
;TYPE:WALL-OUTER
G1 F2400 E838.1271
G1 F1150 X97.656 Y131.686 E838.70021
G1 F1060.9 X97.449 Y131.643 E838.70974
G1 F1055.1 X97.407 Y131.48 E838.71736
G1 F1145.5 X97.406 Y103.436 E839.88796
G1 F1060.9 X97.449 Y103.229 E839.89749
G1 F1055.1 X97.612 Y103.187 E839.90512
G1 F1145.5 X125.656 Y103.186 E841.07572
G1 F1150 X125.906 Y103.436 E841.09042
G1 F1145.5 X125.905 Y131.48 E842.26101
G1 F1057 X125.863 Y131.643 E842.26863
G1 F1053.1 X125.7 Y131.685 E842.27627
G1 F1143.2 X111.441 Y131.686 E842.87265
G0 F15000 X111.433 Y132.185
G1 F1140.9 X125.743 Y132.184 E843.47235
G1 F1053.1 X126.07 Y132.143 E843.48731
G1 F981.3 X126.363 Y132.143 E843.50159
G1 X126.363 Y131.85 E843.51586
G1 F1057 X126.405 Y131.523 E843.53078
G1 F1145.5 X126.406 Y103.436 E844.70317
G1 F1277.8 X126.456 Y103.022 E844.71877
G1 F1437.5 X126.456 Y102.636 E844.73161
G1 X126.07 Y102.636 E844.74445
G1 F1277.8 X125.656 Y102.686 E844.76005
G1 F1145.5 X97.569 Y102.688 E845.93244
G1 F1055.1 X97.242 Y102.729 E845.94738
G1 F982.9 X96.949 Y102.729 E845.96163
G1 X96.949 Y103.022 E845.97588
G1 F1060.9 X96.906 Y103.436 E845.99464
G1 F1145.5 X96.908 Y131.523 E847.16703
G1 F1055.1 X96.949 Y131.85 E847.18197
G1 F982.9 X96.949 Y132.143 E847.19622
G1 X97.242 Y132.143 E847.21047
G1 F1060.9 X97.656 Y132.186 E847.22923
G1 F1147.7 X111.433 Y132.185 E847.80316
G1 F2400 E847.00316
;MESH:NONMESH
G0 F300 X111.433 Y132.185 Z7.4
G0 F15000 X111.433 Y131.927
G0 X126.095 Y131.875
G0 X126.137 Y102.957
G0 X126.116 Y103.022
;TIME_ELAPSED:1096.044215
;LAYER:36
;note -- min layer time used
;TYPE:WALL-INNER
;MESH:Camera mount.stl(1)
G1 F2400 E847.80316
G1 F1545.8 X126.047 Y102.982 E847.80563
G1 X126.047 Y103.062 E847.8081
G1 X126.116 Y103.022 E847.81057
G1 F2400 E847.01057
G0 F15000 X126.137 Y102.957
G0 X126.095 Y131.875
G0 X111.441 Y131.947
G0 X111.441 Y131.686
;TYPE:WALL-OUTER
G1 F2400 E847.81057
G1 F1150 X97.656 Y131.686 E848.38368
G1 F1060.9 X97.449 Y131.643 E848.39321
G1 F1055.1 X97.407 Y131.48 E848.40084
G1 F1145.5 X97.406 Y103.436 E849.57144
G1 F1060.9 X97.449 Y103.229 E849.58096
G1 F1055.1 X97.612 Y103.187 E849.58859
G1 F1145.5 X125.656 Y103.186 E850.75919
G1 F1150 X125.906 Y103.436 E850.77389
G1 F1145.5 X125.905 Y131.48 E851.94449
G1 F1057 X125.863 Y131.643 E851.9521
G1 F1053.1 X125.7 Y131.685 E851.95974
G1 F1143.2 X111.441 Y131.686 E852.55612
G0 F15000 X111.433 Y132.185
G1 F1140.9 X125.743 Y132.184 E853.15582
G1 F1053.1 X126.07 Y132.143 E853.17078
G1 F981.3 X126.363 Y132.143 E853.18506
G1 X126.363 Y131.85 E853.19933
G1 F1057 X126.405 Y131.523 E853.21425
G1 F1145.5 X126.406 Y103.436 E854.38664
G1 F1277.8 X126.456 Y103.022 E854.40224
G1 F1437.5 X126.456 Y102.636 E854.41508
G1 X126.07 Y102.636 E854.42792
G1 F1277.8 X125.656 Y102.686 E854.44352
G1 F1145.5 X97.569 Y102.688 E855.61592
G1 F1055.1 X97.242 Y102.729 E855.63085
G1 F982.9 X96.949 Y102.729 E855.6451
G1 X96.949 Y103.022 E855.65936
G1 F1060.9 X96.906 Y103.436 E855.67811
G1 F1145.5 X96.908 Y131.523 E856.85051
G1 F1055.1 X96.949 Y131.85 E856.86544
G1 F982.9 X96.949 Y132.143 E856.87969
G1 X97.242 Y132.143 E856.89395
G1 F1060.9 X97.656 Y132.186 E856.9127
G1 F1147.7 X111.433 Y132.185 E857.48663
G1 F2400 E856.68663
;MESH:NONMESH
G0 F300 X111.433 Y132.185 Z7.6
G0 F15000 X111.433 Y131.927
G0 X126.095 Y131.875
G0 X126.137 Y102.957
G0 X126.116 Y103.022
;TIME_ELAPSED:1110.350298
;LAYER:37
;note -- min layer time used
;TYPE:WALL-INNER
;MESH:Camera mount.stl(1)
G1 F2400 E857.48663
G1 F1545.8 X126.047 Y102.982 E857.4891
G1 X126.047 Y103.062 E857.49157
G1 X126.116 Y103.022 E857.49404
G1 F2400 E856.69404
G0 F15000 X126.137 Y102.957
G0 X126.095 Y131.875
G0 X111.441 Y131.947
G0 X111.441 Y131.686
;TYPE:WALL-OUTER
G1 F2400 E857.49404
G1 F1150 X97.656 Y131.686 E858.06715
G1 F1060.9 X97.449 Y131.643 E858.07668
G1 F1055.1 X97.407 Y131.48 E858.08431
G1 F1145.5 X97.406 Y103.436 E859.25491
G1 F1060.9 X97.449 Y103.229 E859.26444
G1 F1055.1 X97.612 Y103.187 E859.27206
G1 F1145.5 X125.656 Y103.186 E860.44266
G1 F1150 X125.906 Y103.436 E860.45736
G1 F1145.5 X125.905 Y131.48 E861.62796
G1 F1057 X125.863 Y131.643 E861.63557
G1 F1053.1 X125.7 Y131.685 E861.64321
G1 F1143.2 X111.441 Y131.686 E862.23959
G0 F15000 X111.433 Y132.185
G1 F1140.9 X125.743 Y132.184 E862.83929
G1 F1053.1 X126.07 Y132.143 E862.85425
G1 F981.3 X126.363 Y132.143 E862.86853
G1 X126.363 Y131.85 E862.88281
G1 F1057 X126.405 Y131.523 E862.89772
G1 F1145.5 X126.406 Y103.436 E864.07011
G1 F1277.8 X126.456 Y103.022 E864.08572
G1 F1437.5 X126.456 Y102.636 E864.09855
G1 X126.07 Y102.636 E864.11139
G1 F1277.8 X125.656 Y102.686 E864.127
G1 F1145.5 X97.569 Y102.688 E865.29939
G1 F1055.1 X97.242 Y102.729 E865.31432
G1 F982.9 X96.949 Y102.729 E865.32858
G1 X96.949 Y103.022 E865.34283
G1 F1060.9 X96.906 Y103.436 E865.36159
G1 F1145.5 X96.908 Y131.523 E866.53398
G1 F1055.1 X96.949 Y131.85 E866.54891
G1 F982.9 X96.949 Y132.143 E866.56317
G1 X97.242 Y132.143 E866.57742
G1 F1060.9 X97.656 Y132.186 E866.59618
G1 F1147.7 X111.433 Y132.185 E867.1701
G1 F2400 E866.3701
;MESH:NONMESH
G0 F300 X111.433 Y132.185 Z7.8
G0 F15000 X111.433 Y131.927
G0 X126.095 Y131.875
G0 X126.137 Y102.957
G0 X126.116 Y103.022
;TIME_ELAPSED:1124.656381
;LAYER:38
;note -- min layer time used
;TYPE:WALL-INNER
;MESH:Camera mount.stl(1)
G1 F2400 E867.1701
G1 F1545.8 X126.047 Y102.982 E867.17257
G1 X126.047 Y103.062 E867.17505
G1 X126.116 Y103.022 E867.17751
G1 F2400 E866.37751
G0 F15000 X126.137 Y102.957
G0 X126.095 Y131.875
G0 X111.441 Y131.947
G0 X111.441 Y131.686
;TYPE:WALL-OUTER
G1 F2400 E867.17751
G1 F1150 X97.656 Y131.686 E867.75063
G1 F1060.9 X97.449 Y131.643 E867.76015
G1 F1055.1 X97.407 Y131.48 E867.76778
G1 F1145.5 X97.406 Y103.436 E868.93838
G1 F1060.9 X97.449 Y103.229 E868.94791
G1 F1055.1 X97.612 Y103.187 E868.95554
G1 F1145.5 X125.656 Y103.186 E870.12613
G1 F1150 X125.906 Y103.436 E870.14083
G1 F1145.5 X125.905 Y131.48 E871.31143
G1 F1057 X125.863 Y131.643 E871.31904
G1 F1053.1 X125.7 Y131.685 E871.32669
G1 F1143.2 X111.441 Y131.686 E871.92306
G0 F15000 X111.433 Y132.185
G1 F1140.9 X125.743 Y132.184 E872.52276
G1 F1053.1 X126.07 Y132.143 E872.53773
G1 F981.3 X126.363 Y132.143 E872.552
G1 X126.363 Y131.85 E872.56628
G1 F1057 X126.405 Y131.523 E872.58119
G1 F1145.5 X126.406 Y103.436 E873.75359
G1 F1277.8 X126.456 Y103.022 E873.76919
G1 F1437.5 X126.456 Y102.636 E873.78203
G1 X126.07 Y102.636 E873.79487
G1 F1277.8 X125.656 Y102.686 E873.81047
G1 F1145.5 X97.569 Y102.688 E874.98286
G1 F1055.1 X97.242 Y102.729 E874.9978
G1 F982.9 X96.949 Y102.729 E875.01205
G1 X96.949 Y103.022 E875.0263
G1 F1060.9 X96.906 Y103.436 E875.04506
G1 F1145.5 X96.908 Y131.523 E876.21745
G1 F1055.1 X96.949 Y131.85 E876.23239
G1 F982.9 X96.949 Y132.143 E876.24664
G1 X97.242 Y132.143 E876.26089
G1 F1060.9 X97.656 Y132.186 E876.27965
G1 F1147.7 X111.433 Y132.185 E876.85358
G1 F2400 E876.05358
;MESH:NONMESH
G0 F300 X111.433 Y132.185 Z8
G0 F15000 X111.433 Y131.927
G0 X126.095 Y131.875
G0 X126.137 Y102.957
G0 X126.116 Y103.022
;TIME_ELAPSED:1138.962465
;LAYER:39
;note -- min layer time used
;TYPE:WALL-INNER
;MESH:Camera mount.stl(1)
G1 F2400 E876.85358
G1 F1545.8 X126.047 Y102.982 E876.85604
G1 X126.047 Y103.062 E876.85852
G1 X126.116 Y103.022 E876.86098
G1 F2400 E876.06098
G0 F15000 X126.137 Y102.957
G0 X126.095 Y131.875
G0 X111.441 Y131.947
G0 X111.441 Y131.686
;TYPE:WALL-OUTER
G1 F2400 E876.86098
G1 F1150 X97.656 Y131.686 E877.4341
G1 F1060.9 X97.449 Y131.643 E877.44363
G1 F1055.1 X97.407 Y131.48 E877.45125
G1 F1145.5 X97.406 Y103.436 E878.62185
G1 F1060.9 X97.449 Y103.229 E878.63138
G1 F1055.1 X97.612 Y103.187 E878.63901
G1 F1145.5 X125.656 Y103.186 E879.80961
G1 F1150 X125.906 Y103.436 E879.82431
G1 F1145.5 X125.905 Y131.48 E880.9949
G1 F1057 X125.863 Y131.643 E881.00252
G1 F1053.1 X125.7 Y131.685 E881.01016
G1 F1143.2 X111.441 Y131.686 E881.60654
G0 F15000 X111.433 Y132.185
G1 F1140.9 X125.743 Y132.184 E882.20624
G1 F1053.1 X126.07 Y132.143 E882.2212
G1 F981.3 X126.363 Y132.143 E882.23548
G1 X126.363 Y131.85 E882.24975
G1 F1057 X126.405 Y131.523 E882.26466
G1 F1145.5 X126.406 Y103.436 E883.43706
G1 F1277.8 X126.456 Y103.022 E883.45266
G1 F1437.5 X126.456 Y102.636 E883.4655
G1 X126.07 Y102.636 E883.47834
G1 F1277.8 X125.656 Y102.686 E883.49394
G1 F1145.5 X97.569 Y102.688 E884.66633
G1 F1055.1 X97.242 Y102.729 E884.68127
G1 F982.9 X96.949 Y102.729 E884.69552
G1 X96.949 Y103.022 E884.70977
G1 F1060.9 X96.906 Y103.436 E884.72853
G1 F1145.5 X96.908 Y131.523 E885.90092
G1 F1055.1 X96.949 Y131.85 E885.91586
G1 F982.9 X96.949 Y132.143 E885.93011
G1 X97.242 Y132.143 E885.94436
G1 F1060.9 X97.656 Y132.186 E885.96312
G1 F1147.7 X111.433 Y132.185 E886.53705
G1 F2400 E885.73705
;MESH:NONMESH
G0 F300 X111.433 Y132.185 Z8.2
G0 F15000 X111.433 Y131.927
G0 X126.095 Y131.875
G0 X126.137 Y102.957
G0 X126.116 Y103.022
;TIME_ELAPSED:1153.268548
;LAYER:40
;note -- min layer time used
;TYPE:WALL-INNER
;MESH:Camera mount.stl(1)
G1 F2400 E886.53705
G1 F1545.8 X126.047 Y102.982 E886.53952
G1 X126.047 Y103.062 E886.54199
G1 X126.116 Y103.022 E886.54446
G1 F2400 E885.74446
G0 F15000 X126.137 Y102.957
G0 X126.095 Y131.875
G0 X111.441 Y131.947
G0 X111.441 Y131.686
;TYPE:WALL-OUTER
G1 F2400 E886.54446
G1 F1150 X97.656 Y131.686 E887.11757
G1 F1060.9 X97.449 Y131.643 E887.1271
G1 F1055.1 X97.407 Y131.48 E887.13473
G1 F1145.5 X97.406 Y103.436 E888.30532
G1 F1060.9 X97.449 Y103.229 E888.31485
G1 F1055.1 X97.612 Y103.187 E888.32248
G1 F1145.5 X125.656 Y103.186 E889.49308
G1 F1150 X125.906 Y103.436 E889.50778
G1 F1145.5 X125.905 Y131.48 E890.67838
G1 F1057 X125.863 Y131.643 E890.68599
G1 F1053.1 X125.7 Y131.685 E890.69363
G1 F1143.2 X111.441 Y131.686 E891.29001
G0 F15000 X111.433 Y132.185
G1 F1140.9 X125.743 Y132.184 E891.88971
G1 F1053.1 X126.07 Y132.143 E891.90467
G1 F981.3 X126.363 Y132.143 E891.91895
G1 X126.363 Y131.85 E891.93322
G1 F1057 X126.405 Y131.523 E891.94814
G1 F1145.5 X126.406 Y103.436 E893.12053
G1 F1277.8 X126.456 Y103.022 E893.13613
G1 F1437.5 X126.456 Y102.636 E893.14897
G1 X126.07 Y102.636 E893.16181
G1 F1277.8 X125.656 Y102.686 E893.17741
G1 F1145.5 X97.569 Y102.688 E894.34981
G1 F1055.1 X97.242 Y102.729 E894.36474
G1 F982.9 X96.949 Y102.729 E894.37899
G1 X96.949 Y103.022 E894.39325
G1 F1060.9 X96.906 Y103.436 E894.412
G1 F1145.5 X96.908 Y131.523 E895.5844
G1 F1055.1 X96.949 Y131.85 E895.59933
G1 F982.9 X96.949 Y132.143 E895.61358
G1 X97.242 Y132.143 E895.62784
G1 F1060.9 X97.656 Y132.186 E895.64659
G1 F1147.7 X111.433 Y132.185 E896.22052
G1 F2400 E895.42052
;MESH:NONMESH
G0 F300 X111.433 Y132.185 Z8.4
G0 F15000 X111.433 Y131.927
G0 X126.095 Y131.875
G0 X126.137 Y102.957
G0 X126.116 Y103.022
;TIME_ELAPSED:1167.574631
;LAYER:41
;note -- min layer time used
;TYPE:WALL-INNER
;MESH:Camera mount.stl(1)
G1 F2400 E896.22052
G1 F1545.8 X126.047 Y102.982 E896.22299
G1 X126.047 Y103.062 E896.22546
G1 X126.116 Y103.022 E896.22793
G1 F2400 E895.42793
G0 F15000 X126.137 Y102.957
G0 X126.095 Y131.875
G0 X111.441 Y131.947
G0 X111.441 Y131.686
;TYPE:WALL-OUTER
G1 F2400 E896.22793
G1 F1150 X97.656 Y131.686 E896.80104
G1 F1060.9 X97.449 Y131.643 E896.81057
G1 F1055.1 X97.407 Y131.48 E896.8182
G1 F1145.5 X97.406 Y103.436 E897.9888
G1 F1060.9 X97.449 Y103.229 E897.99833
G1 F1055.1 X97.612 Y103.187 E898.00595
G1 F1145.5 X125.656 Y103.186 E899.17655
G1 F1150 X125.906 Y103.436 E899.19125
G1 F1145.5 X125.905 Y131.48 E900.36185
G1 F1057 X125.863 Y131.643 E900.36946
G1 F1053.1 X125.7 Y131.685 E900.3771
G1 F1143.2 X111.441 Y131.686 E900.97348
G0 F15000 X111.433 Y132.185
G1 F1140.9 X125.743 Y132.184 E901.57318
G1 F1053.1 X126.07 Y132.143 E901.58814
G1 F981.3 X126.363 Y132.143 E901.60242
G1 X126.363 Y131.85 E901.6167
G1 F1057 X126.405 Y131.523 E901.63161
G1 F1145.5 X126.406 Y103.436 E902.804
G1 F1277.8 X126.456 Y103.022 E902.81961
G1 F1437.5 X126.456 Y102.636 E902.83244
G1 X126.07 Y102.636 E902.84528
G1 F1277.8 X125.656 Y102.686 E902.86089
G1 F1145.5 X97.569 Y102.688 E904.03328
G1 F1055.1 X97.242 Y102.729 E904.04821
G1 F982.9 X96.949 Y102.729 E904.06247
G1 X96.949 Y103.022 E904.07672
G1 F1060.9 X96.906 Y103.436 E904.09548
G1 F1145.5 X96.908 Y131.523 E905.26787
G1 F1055.1 X96.949 Y131.85 E905.2828
G1 F982.9 X96.949 Y132.143 E905.29706
G1 X97.242 Y132.143 E905.31131
G1 F1060.9 X97.656 Y132.186 E905.33007
G1 F1147.7 X111.433 Y132.185 E905.90399
G1 F2400 E905.10399
;MESH:NONMESH
G0 F300 X111.433 Y132.185 Z8.6
G0 F15000 X111.433 Y131.927
G0 X126.095 Y131.875
G0 X126.137 Y102.957
G0 X126.116 Y103.022
;TIME_ELAPSED:1181.880714
;LAYER:42
;note -- min layer time used
;TYPE:WALL-INNER
;MESH:Camera mount.stl(1)
G1 F2400 E905.90399
G1 F1545.8 X126.047 Y102.982 E905.90646
G1 X126.047 Y103.062 E905.90894
G1 X126.116 Y103.022 E905.9114
G1 F2400 E905.1114
G0 F15000 X126.137 Y102.957
G0 X126.095 Y131.875
G0 X111.441 Y131.947
G0 X111.441 Y131.686
;TYPE:WALL-OUTER
G1 F2400 E905.9114
G1 F1150 X97.656 Y131.686 E906.48452
G1 F1060.9 X97.449 Y131.643 E906.49404
G1 F1055.1 X97.407 Y131.48 E906.50167
G1 F1145.5 X97.406 Y103.436 E907.67227
G1 F1060.9 X97.449 Y103.229 E907.6818
G1 F1055.1 X97.612 Y103.187 E907.68943
G1 F1145.5 X125.656 Y103.186 E908.86002
G1 F1150 X125.906 Y103.436 E908.87472
G1 F1145.5 X125.905 Y131.48 E910.04532
G1 F1057 X125.863 Y131.643 E910.05293
G1 F1053.1 X125.7 Y131.685 E910.06058
G1 F1143.2 X111.441 Y131.686 E910.65695
G0 F15000 X111.433 Y132.185
G1 F1140.9 X125.743 Y132.184 E911.25665
G1 F1053.1 X126.07 Y132.143 E911.27162
G1 F981.3 X126.363 Y132.143 E911.28589
G1 X126.363 Y131.85 E911.30017
G1 F1057 X126.405 Y131.523 E911.31508
G1 F1145.5 X126.406 Y103.436 E912.48747
G1 F1277.8 X126.456 Y103.022 E912.50308
G1 F1437.5 X126.456 Y102.636 E912.51592
G1 X126.07 Y102.636 E912.52876
G1 F1277.8 X125.656 Y102.686 E912.54436
G1 F1145.5 X97.569 Y102.688 E913.71675
G1 F1055.1 X97.242 Y102.729 E913.73169
G1 F982.9 X96.949 Y102.729 E913.74594
G1 X96.949 Y103.022 E913.76019
G1 F1060.9 X96.906 Y103.436 E913.77895
G1 F1145.5 X96.908 Y131.523 E914.95134
G1 F1055.1 X96.949 Y131.85 E914.96628
G1 F982.9 X96.949 Y132.143 E914.98053
G1 X97.242 Y132.143 E914.99478
G1 F1060.9 X97.656 Y132.186 E915.01354
G1 F1147.7 X111.433 Y132.185 E915.58747
G1 F2400 E914.78747
;MESH:NONMESH
G0 F300 X111.433 Y132.185 Z8.8
G0 F15000 X111.433 Y131.927
G0 X126.095 Y131.875
G0 X126.137 Y102.957
G0 X126.116 Y103.022
;TIME_ELAPSED:1196.186798
;LAYER:43
;note -- min layer time used
;TYPE:WALL-INNER
;MESH:Camera mount.stl(1)
G1 F2400 E915.58747
G1 F1545.8 X126.047 Y102.982 E915.58993
G1 X126.047 Y103.062 E915.59241
G1 X126.116 Y103.022 E915.59487
G1 F2400 E914.79487
G0 F15000 X126.137 Y102.957
G0 X126.095 Y131.875
G0 X111.441 Y131.947
G0 X111.441 Y131.686
;TYPE:WALL-OUTER
G1 F2400 E915.59487
G1 F1150 X97.656 Y131.686 E916.16799
G1 F1060.9 X97.449 Y131.643 E916.17752
G1 F1055.1 X97.407 Y131.48 E916.18514
G1 F1145.5 X97.406 Y103.436 E917.35574
G1 F1060.9 X97.449 Y103.229 E917.36527
G1 F1055.1 X97.612 Y103.187 E917.3729
G1 F1145.5 X125.656 Y103.186 E918.5435
G1 F1150 X125.906 Y103.436 E918.5582
G1 F1145.5 X125.905 Y131.48 E919.72879
G1 F1057 X125.863 Y131.643 E919.73641
G1 F1053.1 X125.7 Y131.685 E919.74405
G1 F1143.2 X111.441 Y131.686 E920.34043
G0 F15000 X111.433 Y132.185
G1 F1140.9 X125.743 Y132.184 E920.94013
G1 F1053.1 X126.07 Y132.143 E920.95509
G1 F981.3 X126.363 Y132.143 E920.96936
G1 X126.363 Y131.85 E920.98364
G1 F1057 X126.405 Y131.523 E920.99855
G1 F1145.5 X126.406 Y103.436 E922.17095
G1 F1277.8 X126.456 Y103.022 E922.18655
G1 F1437.5 X126.456 Y102.636 E922.19939
G1 X126.07 Y102.636 E922.21223
G1 F1277.8 X125.656 Y102.686 E922.22783
G1 F1145.5 X97.569 Y102.688 E923.40022
G1 F1055.1 X97.242 Y102.729 E923.41516
G1 F982.9 X96.949 Y102.729 E923.42941
G1 X96.949 Y103.022 E923.44366
G1 F1060.9 X96.906 Y103.436 E923.46242
G1 F1145.5 X96.908 Y131.523 E924.63481
G1 F1055.1 X96.949 Y131.85 E924.64975
G1 F982.9 X96.949 Y132.143 E924.664
G1 X97.242 Y132.143 E924.67825
G1 F1060.9 X97.656 Y132.186 E924.69701
G1 F1147.7 X111.433 Y132.185 E925.27094
G1 F2400 E924.47094
;MESH:NONMESH
G0 F300 X111.433 Y132.185 Z9
G0 F15000 X111.433 Y131.927
G0 X126.095 Y131.875
G0 X126.137 Y102.957
G0 X126.116 Y103.022
;TIME_ELAPSED:1210.492881
;LAYER:44
;note -- min layer time used
;TYPE:WALL-INNER
;MESH:Camera mount.stl(1)
G1 F2400 E925.27094
G1 F1545.8 X126.047 Y102.982 E925.27341
G1 X126.047 Y103.062 E925.27588
G1 X126.116 Y103.022 E925.27835
G1 F2400 E924.47835
G0 F15000 X126.137 Y102.957
G0 X126.095 Y131.875
G0 X111.441 Y131.947
G0 X111.441 Y131.686
;TYPE:WALL-OUTER
G1 F2400 E925.27835
G1 F1150 X97.656 Y131.686 E925.85146
G1 F1060.9 X97.449 Y131.643 E925.86099
G1 F1055.1 X97.407 Y131.48 E925.86862
G1 F1145.5 X97.406 Y103.436 E927.03921
G1 F1060.9 X97.449 Y103.229 E927.04874
G1 F1055.1 X97.612 Y103.187 E927.05637
G1 F1145.5 X125.656 Y103.186 E928.22697
G1 F1150 X125.906 Y103.436 E928.24167
G1 F1145.5 X125.905 Y131.48 E929.41227
G1 F1057 X125.863 Y131.643 E929.41988
G1 F1053.1 X125.7 Y131.685 E929.42752
G1 F1143.2 X111.441 Y131.686 E930.0239
G0 F15000 X111.433 Y132.185
G1 F1140.9 X125.743 Y132.184 E930.6236
G1 F1053.1 X126.07 Y132.143 E930.63856
G1 F981.3 X126.363 Y132.143 E930.65284
G1 X126.363 Y131.85 E930.66711
G1 F1057 X126.405 Y131.523 E930.68203
G1 F1145.5 X126.406 Y103.436 E931.85442
G1 F1277.8 X126.456 Y103.022 E931.87002
G1 F1437.5 X126.456 Y102.636 E931.88286
G1 X126.07 Y102.636 E931.8957
G1 F1277.8 X125.656 Y102.686 E931.9113
G1 F1145.5 X97.569 Y102.688 E933.0837
G1 F1055.1 X97.242 Y102.729 E933.09863
G1 F982.9 X96.949 Y102.729 E933.11288
G1 X96.949 Y103.022 E933.12714
G1 F1060.9 X96.906 Y103.436 E933.14589
G1 F1145.5 X96.908 Y131.523 E934.31829
G1 F1055.1 X96.949 Y131.85 E934.33322
G1 F982.9 X96.949 Y132.143 E934.34747
G1 X97.242 Y132.143 E934.36173
G1 F1060.9 X97.656 Y132.186 E934.38048
G1 F1147.7 X111.433 Y132.185 E934.95441
G1 F2400 E934.15441
;MESH:NONMESH
G0 F300 X111.433 Y132.185 Z9.2
G0 F15000 X111.433 Y131.927
G0 X126.095 Y131.875
G0 X126.137 Y102.957
G0 X126.116 Y103.022
;TIME_ELAPSED:1224.798964
;LAYER:45
;note -- min layer time used
;TYPE:WALL-INNER
;MESH:Camera mount.stl(1)
G1 F2400 E934.95441
G1 F1545.8 X126.047 Y102.982 E934.95688
G1 X126.047 Y103.062 E934.95935
G1 X126.116 Y103.022 E934.96182
G1 F2400 E934.16182
G0 F15000 X126.137 Y102.957
G0 X126.095 Y131.875
G0 X111.441 Y131.947
G0 X111.441 Y131.686
;TYPE:WALL-OUTER
G1 F2400 E934.96182
G1 F1150 X97.656 Y131.686 E935.53493
G1 F1060.9 X97.449 Y131.643 E935.54446
G1 F1055.1 X97.407 Y131.48 E935.55209
G1 F1145.5 X97.406 Y103.436 E936.72269
G1 F1060.9 X97.449 Y103.229 E936.73222
G1 F1055.1 X97.612 Y103.187 E936.73984
G1 F1145.5 X125.656 Y103.186 E937.91044
G1 F1150 X125.906 Y103.436 E937.92514
G1 F1145.5 X125.905 Y131.48 E939.09574
G1 F1057 X125.863 Y131.643 E939.10335
G1 F1053.1 X125.7 Y131.685 E939.11099
G1 F1143.2 X111.441 Y131.686 E939.70737
G0 F15000 X111.433 Y132.185
G1 F1140.9 X125.743 Y132.184 E940.30707
G1 F1053.1 X126.07 Y132.143 E940.32203
G1 F981.3 X126.363 Y132.143 E940.33631
G1 X126.363 Y131.85 E940.35059
G1 F1057 X126.405 Y131.523 E940.3655
G1 F1145.5 X126.406 Y103.436 E941.53789
G1 F1277.8 X126.456 Y103.022 E941.5535
G1 F1437.5 X126.456 Y102.636 E941.56633
G1 X126.07 Y102.636 E941.57917
G1 F1277.8 X125.656 Y102.686 E941.59478
G1 F1145.5 X97.569 Y102.688 E942.76717
G1 F1055.1 X97.242 Y102.729 E942.7821
G1 F982.9 X96.949 Y102.729 E942.79636
G1 X96.949 Y103.022 E942.81061
G1 F1060.9 X96.906 Y103.436 E942.82937
G1 F1145.5 X96.908 Y131.523 E944.00176
G1 F1055.1 X96.949 Y131.85 E944.01669
G1 F982.9 X96.949 Y132.143 E944.03095
G1 X97.242 Y132.143 E944.0452
G1 F1060.9 X97.656 Y132.186 E944.06396
G1 F1147.7 X111.433 Y132.185 E944.63788
G1 F2400 E943.83788
;MESH:NONMESH
G0 F300 X111.433 Y132.185 Z9.4
G0 F15000 X111.433 Y131.927
G0 X126.095 Y131.875
G0 X126.137 Y102.957
G0 X126.116 Y103.022
;TIME_ELAPSED:1239.105047
;LAYER:46
;note -- min layer time used
;TYPE:WALL-INNER
;MESH:Camera mount.stl(1)
G1 F2400 E944.63788
G1 F1545.8 X126.047 Y102.982 E944.64035
G1 X126.047 Y103.062 E944.64282
G1 X126.116 Y103.022 E944.64529
G1 F2400 E943.84529
G0 F15000 X126.137 Y102.957
G0 X126.095 Y131.875
G0 X111.441 Y131.947
G0 X111.441 Y131.686
;TYPE:WALL-OUTER
G1 F2400 E944.64529
G1 F1150 X97.656 Y131.686 E945.21841
G1 F1060.9 X97.449 Y131.643 E945.22793
G1 F1055.1 X97.407 Y131.48 E945.23556
G1 F1145.5 X97.406 Y103.436 E946.40616
G1 F1060.9 X97.449 Y103.229 E946.41569
G1 F1055.1 X97.612 Y103.187 E946.42332
G1 F1145.5 X125.656 Y103.186 E947.59391
G1 F1150 X125.906 Y103.436 E947.60861
G1 F1145.5 X125.905 Y131.48 E948.77921
G1 F1057 X125.863 Y131.643 E948.78682
G1 F1053.1 X125.7 Y131.685 E948.79447
G1 F1143.2 X111.441 Y131.686 E949.39084
G0 F15000 X111.433 Y132.185
G1 F1140.9 X125.743 Y132.184 E949.99054
G1 F1053.1 X126.07 Y132.143 E950.00551
G1 F981.3 X126.363 Y132.143 E950.01978
G1 X126.363 Y131.85 E950.03406
G1 F1057 X126.405 Y131.523 E950.04897
G1 F1145.5 X126.406 Y103.436 E951.22136
G1 F1277.8 X126.456 Y103.022 E951.23697
G1 F1437.5 X126.456 Y102.636 E951.24981
G1 X126.07 Y102.636 E951.26264
G1 F1277.8 X125.656 Y102.686 E951.27825
G1 F1145.5 X97.569 Y102.688 E952.45064
G1 F1055.1 X97.242 Y102.729 E952.46558
G1 F982.9 X96.949 Y102.729 E952.47983
G1 X96.949 Y103.022 E952.49408
G1 F1060.9 X96.906 Y103.436 E952.51284
G1 F1145.5 X96.908 Y131.523 E953.68523
G1 F1055.1 X96.949 Y131.85 E953.70017
G1 F982.9 X96.949 Y132.143 E953.71442
G1 X97.242 Y132.143 E953.72867
G1 F1060.9 X97.656 Y132.186 E953.74743
G1 F1147.7 X111.433 Y132.185 E954.32136
G1 F2400 E953.52136
;MESH:NONMESH
G0 F300 X111.433 Y132.185 Z9.6
G0 F15000 X111.433 Y131.927
G0 X126.095 Y131.875
G0 X126.137 Y102.957
G0 X126.116 Y103.022
;TIME_ELAPSED:1253.411131
;LAYER:47
;note -- min layer time used
;TYPE:WALL-INNER
;MESH:Camera mount.stl(1)
G1 F2400 E954.32136
G1 F1545.8 X126.047 Y102.982 E954.32382
G1 X126.047 Y103.062 E954.3263
G1 X126.116 Y103.022 E954.32876
G1 F2400 E953.52876
G0 F15000 X126.137 Y102.957
G0 X126.095 Y131.875
G0 X111.441 Y131.947
G0 X111.441 Y131.686
;TYPE:WALL-OUTER
G1 F2400 E954.32876
G1 F1150 X97.656 Y131.686 E954.90188
G1 F1060.9 X97.449 Y131.643 E954.91141
G1 F1055.1 X97.407 Y131.48 E954.91903
G1 F1145.5 X97.406 Y103.436 E956.08963
G1 F1060.9 X97.449 Y103.229 E956.09916
G1 F1055.1 X97.612 Y103.187 E956.10679
G1 F1145.5 X125.656 Y103.186 E957.27739
G1 F1150 X125.906 Y103.436 E957.29208
G1 F1145.5 X125.905 Y131.48 E958.46268
G1 F1057 X125.863 Y131.643 E958.4703
G1 F1053.1 X125.7 Y131.685 E958.47794
G1 F1143.2 X111.441 Y131.686 E959.07432
G0 F15000 X111.433 Y132.185
G1 F1140.9 X125.743 Y132.184 E959.67402
G1 F1053.1 X126.07 Y132.143 E959.68898
G1 F981.3 X126.363 Y132.143 E959.70325
G1 X126.363 Y131.85 E959.71753
G1 F1057 X126.405 Y131.523 E959.73244
G1 F1145.5 X126.406 Y103.436 E960.90484
G1 F1277.8 X126.456 Y103.022 E960.92044
G1 F1437.5 X126.456 Y102.636 E960.93328
G1 X126.07 Y102.636 E960.94612
G1 F1277.8 X125.656 Y102.686 E960.96172
G1 F1145.5 X97.569 Y102.688 E962.13411
G1 F1055.1 X97.242 Y102.729 E962.14905
G1 F982.9 X96.949 Y102.729 E962.1633
G1 X96.949 Y103.022 E962.17755
G1 F1060.9 X96.906 Y103.436 E962.19631
G1 F1145.5 X96.908 Y131.523 E963.3687
G1 F1055.1 X96.949 Y131.85 E963.38364
G1 F982.9 X96.949 Y132.143 E963.39789
G1 X97.242 Y132.143 E963.41214
G1 F1060.9 X97.656 Y132.186 E963.4309
G1 F1147.7 X111.433 Y132.185 E964.00483
G1 F2400 E963.20483
;MESH:NONMESH
G0 F300 X111.433 Y132.185 Z9.8
G0 F15000 X111.433 Y131.927
G0 X126.095 Y131.875
G0 X126.137 Y102.957
G0 X126.116 Y103.022
;TIME_ELAPSED:1267.717214
;LAYER:48
;note -- min layer time used
;TYPE:WALL-INNER
;MESH:Camera mount.stl(1)
G1 F2400 E964.00483
G1 F1545.8 X126.047 Y102.982 E964.0073
G1 X126.047 Y103.062 E964.00977
G1 X126.116 Y103.022 E964.01224
G1 F2400 E963.21224
G0 F15000 X126.137 Y102.957
G0 X126.095 Y131.875
G0 X111.441 Y131.947
G0 X111.441 Y131.686
;TYPE:WALL-OUTER
G1 F2400 E964.01224
G1 F1150 X97.656 Y131.686 E964.58535
G1 F1060.9 X97.449 Y131.643 E964.59488
G1 F1055.1 X97.407 Y131.48 E964.60251
G1 F1145.5 X97.406 Y103.436 E965.7731
G1 F1060.9 X97.449 Y103.229 E965.78263
G1 F1055.1 X97.612 Y103.187 E965.79026
G1 F1145.5 X125.656 Y103.186 E966.96086
G1 F1150 X125.906 Y103.436 E966.97556
G1 F1145.5 X125.905 Y131.48 E968.14615
G1 F1057 X125.863 Y131.643 E968.15377
G1 F1053.1 X125.7 Y131.685 E968.16141
G1 F1143.2 X111.441 Y131.686 E968.75779
G0 F15000 X111.433 Y132.185
G1 F1140.9 X125.743 Y132.184 E969.35749
G1 F1053.1 X126.07 Y132.143 E969.37245
G1 F981.3 X126.363 Y132.143 E969.38673
G1 X126.363 Y131.85 E969.401
G1 F1057 X126.405 Y131.523 E969.41592
G1 F1145.5 X126.406 Y103.436 E970.58831
G1 F1277.8 X126.456 Y103.022 E970.60391
G1 F1437.5 X126.456 Y102.636 E970.61675
G1 X126.07 Y102.636 E970.62959
G1 F1277.8 X125.656 Y102.686 E970.64519
G1 F1145.5 X97.569 Y102.688 E971.81759
G1 F1055.1 X97.242 Y102.729 E971.83252
G1 F982.9 X96.949 Y102.729 E971.84677
G1 X96.949 Y103.022 E971.86103
G1 F1060.9 X96.906 Y103.436 E971.87978
G1 F1145.5 X96.908 Y131.523 E973.05218
G1 F1055.1 X96.949 Y131.85 E973.06711
G1 F982.9 X96.949 Y132.143 E973.08136
G1 X97.242 Y132.143 E973.09562
G1 F1060.9 X97.656 Y132.186 E973.11437
G1 F1147.7 X111.433 Y132.185 E973.6883
G1 F2400 E972.8883
;MESH:NONMESH
G0 F300 X111.433 Y132.185 Z10
G0 F15000 X111.433 Y131.927
G0 X126.095 Y131.875
G0 X126.137 Y102.957
G0 X126.116 Y103.022
;TIME_ELAPSED:1282.023297
;LAYER:49
;note -- min layer time used
;TYPE:WALL-INNER
;MESH:Camera mount.stl(1)
G1 F2400 E973.6883
G1 F1545.8 X126.047 Y102.982 E973.69077
G1 X126.047 Y103.062 E973.69324
G1 X126.116 Y103.022 E973.69571
G1 F2400 E972.89571
G0 F15000 X126.137 Y102.957
G0 X126.095 Y131.875
G0 X111.441 Y131.947
G0 X111.441 Y131.686
;TYPE:WALL-OUTER
G1 F2400 E973.69571
G1 F1150 X97.656 Y131.686 E974.26882
G1 F1060.9 X97.449 Y131.643 E974.27835
G1 F1055.1 X97.407 Y131.48 E974.28598
G1 F1145.5 X97.406 Y103.436 E975.45658
G1 F1060.9 X97.449 Y103.229 E975.4661
G1 F1055.1 X97.612 Y103.187 E975.47373
G1 F1145.5 X125.656 Y103.186 E976.64433
G1 F1150 X125.906 Y103.436 E976.65903
G1 F1145.5 X125.905 Y131.48 E977.82963
G1 F1057 X125.863 Y131.643 E977.83724
G1 F1053.1 X125.7 Y131.685 E977.84488
G1 F1143.2 X111.441 Y131.686 E978.44126
G0 F15000 X111.433 Y132.185
G1 F1140.9 X125.743 Y132.184 E979.04096
G1 F1053.1 X126.07 Y132.143 E979.05592
G1 F981.3 X126.363 Y132.143 E979.0702
G1 X126.363 Y131.85 E979.08448
G1 F1057 X126.405 Y131.523 E979.09939
G1 F1145.5 X126.406 Y103.436 E980.27178
G1 F1277.8 X126.456 Y103.022 E980.28739
G1 F1437.5 X126.456 Y102.636 E980.30022
G1 X126.07 Y102.636 E980.31306
G1 F1277.8 X125.656 Y102.686 E980.32867
G1 F1145.5 X97.569 Y102.688 E981.50106
G1 F1055.1 X97.242 Y102.729 E981.51599
G1 F982.9 X96.949 Y102.729 E981.53025
G1 X96.949 Y103.022 E981.5445
G1 F1060.9 X96.906 Y103.436 E981.56326
G1 F1145.5 X96.908 Y131.523 E982.73565
G1 F1055.1 X96.949 Y131.85 E982.75058
G1 F982.9 X96.949 Y132.143 E982.76484
G1 X97.242 Y132.143 E982.77909
G1 F1060.9 X97.656 Y132.186 E982.79785
G1 F1147.7 X111.433 Y132.185 E983.37177
G1 F2400 E982.57177
;MESH:NONMESH
G0 F300 X111.433 Y132.185 Z10.2
G0 F15000 X111.433 Y131.927
G0 X126.095 Y131.875
G0 X126.137 Y102.957
G0 X126.116 Y103.022
;TIME_ELAPSED:1296.329380
;LAYER:50
;note -- min layer time used
;TYPE:WALL-INNER
;MESH:Camera mount.stl(1)
G1 F2400 E983.37177
G1 F1545.8 X126.047 Y102.982 E983.37424
G1 X126.047 Y103.062 E983.37671
G1 X126.116 Y103.022 E983.37918
G1 F2400 E982.57918
G0 F15000 X126.137 Y102.957
G0 X126.095 Y131.875
G0 X111.441 Y131.947
G0 X111.441 Y131.686
;TYPE:WALL-OUTER
G1 F2400 E983.37918
G1 F1150 X97.656 Y131.686 E983.9523
G1 F1060.9 X97.449 Y131.643 E983.96182
G1 F1055.1 X97.407 Y131.48 E983.96945
G1 F1145.5 X97.406 Y103.436 E985.14005
G1 F1060.9 X97.449 Y103.229 E985.14958
G1 F1055.1 X97.612 Y103.187 E985.15721
G1 F1145.5 X125.656 Y103.186 E986.3278
G1 F1150 X125.906 Y103.436 E986.3425
G1 F1145.5 X125.905 Y131.48 E987.5131
G1 F1057 X125.863 Y131.643 E987.52071
G1 F1053.1 X125.7 Y131.685 E987.52836
G1 F1143.2 X111.441 Y131.686 E988.12473
G0 F15000 X111.433 Y132.185
G1 F1140.9 X125.743 Y132.184 E988.72443
G1 F1053.1 X126.07 Y132.143 E988.7394
G1 F981.3 X126.363 Y132.143 E988.75367
G1 X126.363 Y131.85 E988.76795
G1 F1057 X126.405 Y131.523 E988.78286
G1 F1145.5 X126.406 Y103.436 E989.95525
G1 F1277.8 X126.456 Y103.022 E989.97086
G1 F1437.5 X126.456 Y102.636 E989.9837
G1 X126.07 Y102.636 E989.99653
G1 F1277.8 X125.656 Y102.686 E990.01214
G1 F1145.5 X97.569 Y102.688 E991.18453
G1 F1055.1 X97.242 Y102.729 E991.19947
G1 F982.9 X96.949 Y102.729 E991.21372
G1 X96.949 Y103.022 E991.22797
G1 F1060.9 X96.906 Y103.436 E991.24673
G1 F1145.5 X96.908 Y131.523 E992.41912
G1 F1055.1 X96.949 Y131.85 E992.43406
G1 F982.9 X96.949 Y132.143 E992.44831
G1 X97.242 Y132.143 E992.46256
G1 F1060.9 X97.656 Y132.186 E992.48132
G1 F1147.7 X111.433 Y132.185 E993.05525
G1 F2400 E992.25525
;MESH:NONMESH
G0 F300 X111.433 Y132.185 Z10.4
G0 F15000 X111.433 Y131.927
G0 X126.095 Y131.875
G0 X126.137 Y102.957
G0 X126.116 Y103.022
;TIME_ELAPSED:1310.635463
;LAYER:51
;note -- min layer time used
;TYPE:WALL-INNER
;MESH:Camera mount.stl(1)
G1 F2400 E993.05525
G1 F1545.8 X126.047 Y102.982 E993.05771
G1 X126.047 Y103.062 E993.06019
G1 X126.116 Y103.022 E993.06265
G1 F2400 E992.26265
G0 F15000 X126.137 Y102.957
G0 X126.095 Y131.875
G0 X111.441 Y131.947
G0 X111.441 Y131.686
;TYPE:WALL-OUTER
G1 F2400 E993.06265
G1 F1150 X97.656 Y131.686 E993.63577
G1 F1060.9 X97.449 Y131.643 E993.6453
G1 F1055.1 X97.407 Y131.48 E993.65292
G1 F1145.5 X97.406 Y103.436 E994.82352
G1 F1060.9 X97.449 Y103.229 E994.83305
G1 F1055.1 X97.612 Y103.187 E994.84068
G1 F1145.5 X125.656 Y103.186 E996.01128
G1 F1150 X125.906 Y103.436 E996.02597
G1 F1145.5 X125.905 Y131.48 E997.19657
G1 F1057 X125.863 Y131.643 E997.20419
G1 F1053.1 X125.7 Y131.685 E997.21183
G1 F1143.2 X111.441 Y131.686 E997.80821
G0 F15000 X111.433 Y132.185
G1 F1140.9 X125.743 Y132.184 E998.40791
G1 F1053.1 X126.07 Y132.143 E998.42287
G1 F981.3 X126.363 Y132.143 E998.43714
G1 X126.363 Y131.85 E998.45142
G1 F1057 X126.405 Y131.523 E998.46633
G1 F1145.5 X126.406 Y103.436 E999.63873
G1 F1277.8 X126.456 Y103.022 E999.65433
G1 F1437.5 X126.456 Y102.636 E999.66717
G1 X126.07 Y102.636 E999.68001
G1 F1277.8 X125.656 Y102.686 E999.69561
G1 F1145.5 X97.569 Y102.688 E1000.868
G1 F1055.1 X97.242 Y102.729 E1000.88294
G1 F982.9 X96.949 Y102.729 E1000.89719
G1 X96.949 Y103.022 E1000.91144
G1 F1060.9 X96.906 Y103.436 E1000.9302
G1 F1145.5 X96.908 Y131.523 E1002.10259
G1 F1055.1 X96.949 Y131.85 E1002.11753
G1 F982.9 X96.949 Y132.143 E1002.13178
G1 X97.242 Y132.143 E1002.14603
G1 F1060.9 X97.656 Y132.186 E1002.16479
G1 F1147.7 X111.433 Y132.185 E1002.73872
G1 F2400 E1001.93872
;MESH:NONMESH
G0 F300 X111.433 Y132.185 Z10.6
G0 F15000 X111.433 Y131.927
G0 X126.095 Y131.875
G0 X126.137 Y102.957
G0 X126.116 Y103.022
;TIME_ELAPSED:1324.941547
;LAYER:52
;note -- min layer time used
;TYPE:WALL-INNER
;MESH:Camera mount.stl(1)
G1 F2400 E1002.73872
G1 F1545.8 X126.047 Y102.982 E1002.74118
G1 X126.047 Y103.062 E1002.74366
G1 X126.116 Y103.022 E1002.74613
G1 F2400 E1001.94613
G0 F15000 X126.137 Y102.957
G0 X126.095 Y131.875
G0 X111.441 Y131.947
G1 F2400 E1002.74613
G0 F15000 X111.441 Y131.686
;TYPE:WALL-OUTER
G1 F1150 X97.656 Y131.686 E1003.31924
G1 F1060.9 X97.449 Y131.643 E1003.32877
G1 F1055.1 X97.407 Y131.48 E1003.3364
G1 F1145.5 X97.406 Y103.436 E1004.50699
G1 F1060.9 X97.449 Y103.229 E1004.51652
G1 F1055.1 X97.612 Y103.187 E1004.52415
G1 F1145.5 X125.656 Y103.186 E1005.69475
G1 F1150 X125.906 Y103.436 E1005.70945
G1 F1145.5 X125.905 Y131.48 E1006.88004
G1 F1057 X125.863 Y131.643 E1006.88766
G1 F1053.1 X125.7 Y131.685 E1006.8953
G1 F1143.2 X111.441 Y131.686 E1007.49168
G0 F15000 X111.433 Y132.185
G1 F1140.9 X125.743 Y132.184 E1008.09138
G1 F1053.1 X126.07 Y132.143 E1008.10634
G1 F981.3 X126.363 Y132.143 E1008.12062
G1 X126.363 Y131.85 E1008.13489
G1 F1057 X126.405 Y131.523 E1008.14981
G1 F1145.5 X126.406 Y103.436 E1009.3222
G1 F1277.8 X126.456 Y103.022 E1009.3378
G1 F1437.5 X126.456 Y102.636 E1009.35064
G1 X126.07 Y102.636 E1009.36348
G1 F1277.8 X125.656 Y102.686 E1009.37908
G1 F1145.5 X97.569 Y102.688 E1010.55148
G1 F1055.1 X97.242 Y102.729 E1010.56641
G1 F982.9 X96.949 Y102.729 E1010.58066
G1 X96.949 Y103.022 E1010.59492
G1 F1060.9 X96.906 Y103.436 E1010.61367
G1 F1145.5 X96.908 Y131.523 E1011.78607
G1 F1055.1 X96.949 Y131.85 E1011.801
G1 F982.9 X96.949 Y132.143 E1011.81525
G1 X97.242 Y132.143 E1011.82951
G1 F1060.9 X97.656 Y132.186 E1011.84826
G1 F1147.7 X111.433 Y132.185 E1012.42219
;TIME_ELAPSED:1338.326346
;LAYER:53
;note -- min layer time used
;MESH:Camera mount.stl(1)
G0 F15000 X111.433 Y132.185 Z10.8
;TYPE:WALL-OUTER
G1 F1107.4 X97.656 Y132.186 E1012.99612
G1 F1023.6 X97.242 Y132.143 E1013.01488
G1 F948.4 X96.949 Y132.143 E1013.02913
G1 X96.949 Y131.85 E1013.04338
G1 F1018 X96.908 Y131.523 E1013.05831
G1 F1105.2 X96.906 Y103.548 E1014.22603
G1 F990.7 X96.967 Y103.057 E1014.24907
G1 F894.8 X96.967 Y102.747 E1014.26505
G1 X97.277 Y102.747 E1014.28103
G1 F940.3 X97.56 Y102.716 E1014.295
G1 F992.5 X125.656 Y102.715 E1015.60093
G1 F940.3 X126.034 Y102.747 E1015.61954
G1 F891.9 X126.345 Y102.747 E1015.63563
G1 X126.345 Y103.058 E1015.65171
G1 F988.9 X126.406 Y103.552 E1015.67493
G1 F1105.2 X126.405 Y131.523 E1016.84248
G1 F1019.8 X126.363 Y131.85 E1016.85739
G1 F946.7 X126.363 Y132.143 E1016.87167
G1 X126.07 Y132.143 E1016.88595
G1 F1016.1 X125.743 Y132.184 E1016.90091
G1 F1100.8 X111.433 Y132.185 E1017.50061
G0 F15000 X111.441 Y131.686
G1 F1103 X125.7 Y131.685 E1018.09699
G1 F1016.1 X125.863 Y131.643 E1018.10463
G1 F1019.8 X125.905 Y131.48 E1018.11224
G1 F1105.2 X125.906 Y103.552 E1019.278
G1 F988.9 X125.845 Y103.305 E1019.28987
G1 F940.3 X125.656 Y103.273 E1019.29927
G1 F992.5 X97.608 Y103.272 E1020.60297
G1 F940.3 X97.466 Y103.302 E1020.61009
G1 F990.7 X97.406 Y103.548 E1020.62188
G1 F1105.2 X97.407 Y131.48 E1021.7878
G1 F1018 X97.449 Y131.643 E1021.79543
G1 F1023.6 X97.656 Y131.686 E1021.80496
G1 F1109.6 X111.441 Y131.686 E1022.37807
G1 F2400 E1021.57807
;MESH:NONMESH
G0 F300 X111.441 Y131.686 Z11
G0 F15000 X111.441 Y131.947
G0 X97.219 Y131.875
G0 X97.219 Y103.113
G0 X97.348 Y103.128
;TIME_ELAPSED:1352.403509
;LAYER:54
;note -- min layer time used
;TYPE:WALL-INNER
;MESH:Camera mount.stl(1)
G1 F2400 E1022.37807
G1 F1119.6 X97.542 Y103.096 E1022.38713
G1 F1195.1 X106.142 Y103.094 E1022.75827
G0 F15000 X117.171 Y103.094
G1 F1202.1 X125.656 Y103.094 E1023.12232
G1 F1123.7 X125.962 Y103.13 E1023.13646
G1 F2400 E1022.33646
G0 F15000 X126.095 Y131.875
G0 X111.441 Y131.947
G0 X111.441 Y131.686
;TYPE:WALL-OUTER
G1 F2400 E1023.13646
G1 F1240.6 X97.656 Y131.686 E1023.70957
G1 F1144.4 X97.449 Y131.643 E1023.7191
G1 F1138.1 X97.407 Y131.48 E1023.72673
G1 F1235.6 X97.406 Y103.748 E1024.88431
G1 F1378.4 X97.581 Y103.551 E1024.89416
G1 F1550.7 X106.456 Y103.552 E1025.18935
G1 X106.499 Y103.379 E1025.19528
G1 F1319.7 X106.61 Y103.238 E1025.20229
G1 F1157.2 X116.656 Y103.237 E1025.65003
G1 F1328.2 X116.813 Y103.379 E1025.65825
G1 F1550.7 X116.856 Y103.552 E1025.66418
G1 X125.727 Y103.552 E1025.95923
G1 F1378.4 X125.906 Y103.752 E1025.96927
G1 F1235.6 X125.905 Y131.48 E1027.12668
G1 F1140.2 X125.863 Y131.643 E1027.13429
G1 F1136 X125.7 Y131.685 E1027.14193
G1 F1233.2 X111.441 Y131.686 E1027.73831
G0 F15000 X111.433 Y132.185
G1 F1230.7 X125.743 Y132.184 E1028.33801
G1 F1136 X126.07 Y132.143 E1028.35297
G1 F1058.5 X126.363 Y132.143 E1028.36725
G1 X126.363 Y131.85 E1028.38153
G1 F1140.2 X126.405 Y131.523 E1028.39644
G1 F1235.6 X126.406 Y103.752 E1029.55564
G1 F1378.4 X126.456 Y103.13 E1029.57899
G1 F1550.7 X126.456 Y102.636 E1029.59542
G1 X117.171 Y102.636 E1029.90424
G1 F1328.2 X116.656 Y102.703 E1029.92441
G1 F1157.2 X106.564 Y102.705 E1030.37419
G1 F1319.7 X106.142 Y102.637 E1030.3909
G1 F1550.7 X96.856 Y102.636 E1030.69975
G1 X96.856 Y103.128 E1030.71612
G1 F1378.4 X96.906 Y103.748 E1030.73939
G1 F1235.6 X96.908 Y131.523 E1031.89876
G1 F1138.1 X96.949 Y131.85 E1031.91369
G1 F1060.3 X96.949 Y132.143 E1031.92795
G1 X97.242 Y132.143 E1031.9422
G1 F1144.4 X97.656 Y132.186 E1031.96096
G1 F1238.1 X111.433 Y132.185 E1032.53488
G1 F2400 E1031.73488
;MESH:NONMESH
G0 F300 X111.433 Y132.185 Z11.2
G0 F15000 X111.433 Y131.927
G0 X97.219 Y131.875
G0 X97.219 Y103.313
G0 X97.388 Y103.268
;TIME_ELAPSED:1366.751491
;LAYER:55
;note -- min layer time used
;TYPE:WALL-INNER
;MESH:Camera mount.stl(1)
G1 F2400 E1032.53488
G1 F1003.6 X97.534 Y103.247 E1032.54277
G1 F1040.9 X105.951 Y103.244 E1032.97669
G1 F2400 E1032.17669
G0 F15000 X97.219 Y103.513
G0 X97.219 Y131.875
G0 X126.095 Y131.875
G0 X126.095 Y103.514
G0 X117.361 Y103.244
G1 F2400 E1032.97669
G1 F1047.6 X125.656 Y103.244 E1033.40157
G1 F1006.8 X125.923 Y103.269 E1033.41586
G1 F2400 E1032.61586
G0 F15000 X126.095 Y103.514
G0 X126.095 Y131.875
G0 X111.441 Y131.947
G0 X111.441 Y131.686
;TYPE:WALL-OUTER
G1 F2400 E1033.41586
G1 F1290.7 X97.656 Y131.686 E1033.98898
G1 F1190.7 X97.449 Y131.643 E1033.9985
G1 F1184.1 X97.407 Y131.48 E1034.00613
G1 F1285.5 X97.406 Y103.948 E1035.15536
G1 F1434.1 X97.594 Y103.748 E1035.16563
G1 F1613.3 X106.456 Y103.752 E1035.46038
G1 X106.456 Y103.287 E1035.47585
G1 F1637.9 X106.623 Y103.113 E1035.48375
G1 F1671.9 X116.656 Y103.112 E1035.80577
G1 F1646.3 X116.856 Y103.287 E1035.81443
G1 F1613.3 X116.856 Y103.752 E1035.82989
G1 X125.717 Y103.752 E1036.12461
G1 F1434.1 X125.906 Y103.952 E1036.13491
G1 F1285.5 X125.905 Y131.48 E1037.28397
G1 F1186.3 X125.863 Y131.643 E1037.29158
G1 F1181.9 X125.7 Y131.685 E1037.29922
G1 F1283 X111.441 Y131.686 E1037.8956
G0 F15000 X111.433 Y132.185
G1 F1280.4 X125.743 Y132.184 E1038.4953
G1 F1181.9 X126.07 Y132.143 E1038.51026
G1 F1101.3 X126.363 Y132.143 E1038.52454
G1 X126.363 Y131.85 E1038.53882
G1 F1186.3 X126.405 Y131.523 E1038.55373
G1 F1285.5 X126.406 Y103.952 E1039.70458
G1 F1434.1 X126.456 Y103.269 E1039.73021
G1 F1613.3 X126.456 Y102.736 E1039.74794
G1 X117.361 Y102.736 E1040.05044
G1 F1646.3 X116.656 Y102.728 E1040.07342
G1 F1671.9 X106.59 Y102.729 E1040.3965
G1 F1637.9 X105.951 Y102.736 E1040.41743
G1 F1613.3 X96.857 Y102.737 E1040.7199
G1 X96.857 Y103.268 E1040.73756
G1 F1434.1 X96.906 Y103.948 E1040.76307
G1 F1285.5 X96.908 Y131.523 E1041.91409
G1 F1184.1 X96.949 Y131.85 E1041.92903
G1 F1103.1 X96.949 Y132.143 E1041.94328
G1 X97.242 Y132.143 E1041.95753
G1 F1190.7 X97.656 Y132.186 E1041.97629
G1 F1288.1 X111.433 Y132.185 E1042.55022
G1 F2400 E1041.75022
;MESH:NONMESH
G0 F300 X111.433 Y132.185 Z11.4
G0 F15000 X111.433 Y131.927
G0 X97.219 Y131.875
G0 X97.219 Y103.513
G0 X97.388 Y103.468
;TIME_ELAPSED:1382.219124
;LAYER:56
;note -- min layer time used
;TYPE:WALL-INNER
;MESH:Camera mount.stl(1)
G1 F2400 E1042.55022
G1 F972.2 X97.534 Y103.447 E1042.5581
G1 F1008.3 X105.948 Y103.444 E1042.99187
G1 F2400 E1042.19187
G0 F15000 X97.219 Y103.713
G0 X97.219 Y131.875
G0 X126.095 Y131.875
G0 X126.095 Y103.714
G0 X117.364 Y103.444
G1 F2400 E1042.99187
G1 F1014.8 X125.656 Y103.444 E1043.41659
G1 F975.2 X125.923 Y103.469 E1043.43089
G1 F2400 E1042.63089
G0 F15000 X117.137 Y103.217
G0 X116.656 Y102.92
;TYPE:WALL-OUTER
G1 F2400 E1043.43089
G1 F1689.5 X106.624 Y102.921 E1043.73953
G1 F2400 E1042.93953
G0 F15000 X106.177 Y103.217
G0 X97.219 Y103.713
G0 X97.219 Y131.875
G0 X111.433 Y131.927
G0 X111.433 Y132.185
G1 F2400 E1043.73953
G1 F1240.3 X125.743 Y132.184 E1044.33923
G1 F1144.9 X126.07 Y132.143 E1044.35419
G1 F1066.8 X126.363 Y132.143 E1044.36847
G1 X126.363 Y131.85 E1044.38274
G1 F1149.1 X126.405 Y131.523 E1044.39766
G1 F1245.3 X126.406 Y104.152 E1045.54016
G1 F1389.2 X126.456 Y103.469 E1045.56579
G1 F1562.8 X126.456 Y102.936 E1045.58351
G1 X117.024 Y102.936 E1045.89722
G1 F1627.9 X116.656 Y102.92 E1045.90898
G1 X116.856 Y103.104 E1045.91766
G1 F1562.8 X116.856 Y103.952 E1045.94587
G1 X125.717 Y103.952 E1046.24058
G1 F1389.2 X125.906 Y104.152 E1046.25088
G1 F1245.3 X125.905 Y131.48 E1047.39159
G1 F1149.1 X125.863 Y131.643 E1047.39921
G1 F1144.9 X125.7 Y131.685 E1047.40685
G1 F1245.3 X97.656 Y131.686 E1048.57745
G1 F1153.4 X97.449 Y131.643 E1048.58697
G1 F1147 X97.407 Y131.48 E1048.5946
G1 F1245.3 X97.406 Y104.148 E1049.73548
G1 F1389.2 X97.594 Y103.948 E1049.74575
G1 F1562.8 X106.456 Y103.952 E1050.0405
G1 F1566.7 X106.457 Y103.104 E1050.06864
G1 F1623.7 X106.624 Y102.921 E1050.07657
G1 X106.288 Y102.935 E1050.08733
G1 F1566.7 X96.857 Y102.937 E1050.40022
G1 F1562.8 X96.857 Y103.468 E1050.41789
G1 F1389.2 X96.906 Y104.148 E1050.4434
G1 F1245.3 X96.908 Y131.523 E1051.58607
G1 F1147 X96.949 Y131.85 E1051.601
G1 F1068.6 X96.949 Y132.143 E1051.61526
G1 X97.242 Y132.143 E1051.62951
G1 F1153.4 X97.656 Y132.186 E1051.64827
G1 F1247.7 X111.433 Y132.185 E1052.22219
G1 F2400 E1051.42219
;MESH:NONMESH
G0 F300 X111.433 Y132.185 Z11.6
G0 F15000 X111.433 Y131.927
G0 X97.219 Y131.875
G0 X97.219 Y103.713
G0 X97.388 Y103.668
;TIME_ELAPSED:1398.266013
;LAYER:57
;note -- min layer time used
;TYPE:WALL-INNER
;MESH:Camera mount.stl(1)
G1 F2400 E1052.22219
G1 F916.2 X97.534 Y103.647 E1052.23008
G1 F950.2 X105.948 Y103.644 E1052.66385
G1 F2400 E1051.86385
G0 F15000 X97.219 Y103.913
G0 X97.219 Y131.875
G0 X126.095 Y131.875
G0 X126.095 Y103.914
G0 X117.364 Y103.644
G1 F2400 E1052.66385
G1 F956.4 X125.656 Y103.644 E1053.08857
G1 F919.1 X125.923 Y103.669 E1053.10286
G1 F2400 E1052.30286
G0 F15000 X126.095 Y103.914
G0 X126.095 Y131.875
G0 X111.433 Y131.927
G0 X111.433 Y132.185
;TYPE:WALL-OUTER
G1 F2400 E1053.10286
G1 F1168.9 X125.743 Y132.184 E1053.70256
G1 F1079 X126.07 Y132.143 E1053.71752
G1 F1005.3 X126.363 Y132.143 E1053.7318
G1 X126.363 Y131.85 E1053.74608
G1 F1083 X126.405 Y131.523 E1053.76099
G1 F1173.6 X126.406 Y104.352 E1054.89515
G1 F1309.2 X126.456 Y103.669 E1054.92077
G1 F1472.8 X126.456 Y103.136 E1054.9385
G1 X116.856 Y103.136 E1055.2578
G1 X116.856 Y104.152 E1055.29159
G1 X125.717 Y104.152 E1055.58631
G1 F1309.2 X125.906 Y104.352 E1055.5966
G1 F1173.6 X125.905 Y131.48 E1056.72897
G1 F1083 X125.863 Y131.643 E1056.73658
G1 F1079 X125.7 Y131.685 E1056.74422
G1 F1173.6 X97.656 Y131.686 E1057.91482
G1 F1087 X97.449 Y131.643 E1057.92435
G1 F1081 X97.407 Y131.48 E1057.93198
G1 F1173.6 X97.406 Y104.348 E1059.06451
G1 F1309.2 X97.594 Y104.148 E1059.07478
G1 F1472.8 X106.456 Y104.152 E1059.36953
G1 X106.456 Y103.136 E1059.40332
G1 X96.857 Y103.137 E1059.72259
G1 X96.857 Y103.668 E1059.74025
G1 F1309.2 X96.906 Y104.348 E1059.76576
G1 F1173.6 X96.908 Y131.523 E1060.90008
G1 F1081 X96.949 Y131.85 E1060.91502
G1 F1007.1 X96.949 Y132.143 E1060.92927
G1 X97.242 Y132.143 E1060.94352
G1 F1087 X97.656 Y132.186 E1060.96228
G1 F1175.9 X111.433 Y132.185 E1061.53621
G1 F2400 E1060.73621
;MESH:NONMESH
G0 F300 X111.433 Y132.185 Z11.8
G0 F15000 X111.433 Y131.927
G0 X97.219 Y131.875
G0 X97.219 Y103.913
G0 X97.388 Y103.868
;TIME_ELAPSED:1413.828245
;LAYER:58
;note -- min layer time used
;TYPE:WALL-INNER
;MESH:Camera mount.stl(1)
G1 F2400 E1061.53621
G1 F912.7 X97.534 Y103.847 E1061.54409
G1 F946.5 X105.948 Y103.844 E1061.97786
G1 F2400 E1061.17786
G0 F15000 X97.219 Y104.113
G0 X97.219 Y131.875
G0 X126.095 Y131.875
G0 X126.095 Y104.114
G0 X117.364 Y103.844
G1 F2400 E1061.97786
G1 F952.7 X125.656 Y103.844 E1062.40258
G1 F915.5 X125.923 Y103.869 E1062.41687
G1 F2400 E1061.61687
G0 F15000 X126.095 Y104.114
G0 X126.095 Y131.875
G0 X111.433 Y131.927
G0 X111.433 Y132.185
;TYPE:WALL-OUTER
G1 F2400 E1062.41687
G1 F1164.4 X125.743 Y132.184 E1063.01657
G1 F1074.8 X126.07 Y132.143 E1063.03154
G1 F1001.5 X126.363 Y132.143 E1063.04581
G1 X126.363 Y131.85 E1063.06009
G1 F1078.8 X126.405 Y131.523 E1063.075
G1 F1169 X126.406 Y104.552 E1064.20081
G1 F1304.1 X126.456 Y103.869 E1064.22644
G1 F1467.1 X126.456 Y103.336 E1064.24416
G1 X116.856 Y103.336 E1064.56346
G1 X116.856 Y104.352 E1064.59725
G1 X125.717 Y104.352 E1064.89197
G1 F1304.1 X125.906 Y104.552 E1064.90227
G1 F1169 X125.905 Y131.48 E1066.02628
G1 F1078.8 X125.863 Y131.643 E1066.0339
G1 F1074.8 X125.7 Y131.685 E1066.04154
G1 F1169 X97.656 Y131.686 E1067.21214
G1 F1082.8 X97.449 Y131.643 E1067.22166
G1 F1076.8 X97.407 Y131.48 E1067.22929
G1 F1169 X97.406 Y104.548 E1068.35347
G1 F1304.1 X97.594 Y104.348 E1068.36374
G1 F1467.1 X106.456 Y104.352 E1068.6585
G1 X106.456 Y103.336 E1068.69229
G1 X96.857 Y103.337 E1069.01155
G1 X96.857 Y103.868 E1069.02921
G1 F1304.1 X96.906 Y104.548 E1069.05472
G1 F1169 X96.908 Y131.523 E1070.1807
G1 F1076.8 X96.949 Y131.85 E1070.19563
G1 F1003.2 X96.949 Y132.143 E1070.20989
G1 X97.242 Y132.143 E1070.22414
G1 F1082.8 X97.656 Y132.186 E1070.2429
G1 F1171.4 X111.433 Y132.185 E1070.81682
G1 F2400 E1070.01682
;MESH:NONMESH
G0 F300 X111.433 Y132.185 Z12
G0 F15000 X111.433 Y131.927
G0 X97.219 Y131.875
G0 X97.219 Y104.113
G0 X97.388 Y104.068
;TIME_ELAPSED:1429.384792
;LAYER:59
;note -- min layer time used
;TYPE:WALL-INNER
;MESH:Camera mount.stl(1)
G1 F2400 E1070.81682
G1 F909.2 X97.534 Y104.047 E1070.82471
G1 F942.9 X105.948 Y104.044 E1071.25848
G1 F2400 E1070.45848
G0 F15000 X97.219 Y104.313
G0 X97.219 Y131.875
G0 X126.095 Y131.875
G0 X126.095 Y104.314
G0 X117.364 Y104.044
G1 F2400 E1071.25848
G1 F949 X125.656 Y104.044 E1071.6832
G1 F912 X125.923 Y104.069 E1071.69749
G1 F2400 E1070.89749
G0 F15000 X126.095 Y104.314
G0 X126.095 Y131.875
G0 X111.433 Y131.927
G0 X111.433 Y132.185
;TYPE:WALL-OUTER
G1 F2400 E1071.69749
G1 F1159.9 X125.743 Y132.184 E1072.29719
G1 F1070.7 X126.07 Y132.143 E1072.31216
G1 F997.6 X126.363 Y132.143 E1072.32643
G1 X126.363 Y131.85 E1072.34071
G1 F1074.6 X126.405 Y131.523 E1072.35562
G1 F1164.5 X126.406 Y104.752 E1073.47308
G1 F1299.1 X126.456 Y104.069 E1073.49871
G1 F1461.5 X126.456 Y103.536 E1073.51644
G1 X116.856 Y103.536 E1073.83573
G1 X116.856 Y104.552 E1073.86953
G1 X125.717 Y104.552 E1074.16424
G1 F1299.1 X125.906 Y104.752 E1074.17454
G1 F1164.5 X125.905 Y131.48 E1075.29021
G1 F1074.6 X125.863 Y131.643 E1075.29782
G1 F1070.7 X125.7 Y131.685 E1075.30546
G1 F1164.5 X97.656 Y131.686 E1076.47606
G1 F1078.6 X97.449 Y131.643 E1076.48559
G1 F1072.6 X97.407 Y131.48 E1076.49322
G1 F1164.5 X97.406 Y104.748 E1077.60905
G1 F1299.1 X97.594 Y104.548 E1077.61932
G1 F1461.5 X106.456 Y104.552 E1077.91407
G1 X106.456 Y103.536 E1077.94786
G1 X96.857 Y103.537 E1078.26713
G1 X96.857 Y104.068 E1078.28479
G1 F1299.1 X96.906 Y104.748 E1078.3103
G1 F1164.5 X96.908 Y131.523 E1079.42793
G1 F1072.6 X96.949 Y131.85 E1079.44286
G1 F999.3 X96.949 Y132.143 E1079.45711
G1 X97.242 Y132.143 E1079.47136
G1 F1078.6 X97.656 Y132.186 E1079.49012
G1 F1166.8 X111.433 Y132.185 E1080.06405
G1 F2400 E1079.26405
;MESH:NONMESH
G0 F300 X111.433 Y132.185 Z12.2
G0 F15000 X111.433 Y131.927
G0 X97.219 Y131.875
G0 X97.219 Y104.313
G0 X97.388 Y104.268
;TIME_ELAPSED:1444.935625
;LAYER:60
;note -- min layer time used
;TYPE:WALL-INNER
;MESH:Camera mount.stl(1)
G1 F2400 E1080.06405
G1 F905.6 X97.534 Y104.247 E1080.07194
G1 F939.2 X105.948 Y104.244 E1080.5057
G1 F2400 E1079.7057
G0 F15000 X97.219 Y104.513
G0 X97.219 Y131.875
G0 X126.095 Y131.875
G0 X126.095 Y104.514
G0 X117.364 Y104.244
G1 F2400 E1080.5057
G1 F945.3 X125.656 Y104.244 E1080.93043
G1 F908.4 X125.923 Y104.269 E1080.94472
G1 F2400 E1080.14472
G0 F15000 X126.095 Y104.514
G0 X126.095 Y131.875
G0 X111.433 Y131.927
G0 X111.433 Y132.185
;TYPE:WALL-OUTER
G1 F2400 E1080.94472
G1 F1155.4 X125.743 Y132.184 E1081.54442
G1 F1066.5 X126.07 Y132.143 E1081.55938
G1 F993.7 X126.363 Y132.143 E1081.57366
G1 X126.363 Y131.85 E1081.58794
G1 F1070.4 X126.405 Y131.523 E1081.60285
G1 F1160 X126.406 Y104.952 E1082.71196
G1 F1294 X126.456 Y104.269 E1082.73759
G1 F1455.8 X126.456 Y103.736 E1082.75531
G1 X116.856 Y103.736 E1083.07461
G1 X116.856 Y104.752 E1083.1084
G1 X125.717 Y104.752 E1083.40312
G1 F1294 X125.906 Y104.952 E1083.41342
G1 F1160 X125.905 Y131.48 E1084.52073
G1 F1070.4 X125.863 Y131.643 E1084.52835
G1 F1066.5 X125.7 Y131.685 E1084.53599
G1 F1160 X97.656 Y131.686 E1085.70659
G1 F1074.4 X97.449 Y131.643 E1085.71612
G1 F1068.5 X97.407 Y131.48 E1085.72374
G1 F1160 X97.406 Y104.948 E1086.83123
G1 F1294 X97.594 Y104.748 E1086.8415
G1 F1455.8 X106.456 Y104.752 E1087.13625
G1 X106.456 Y103.736 E1087.17004
G1 X96.857 Y103.737 E1087.48931
G1 X96.857 Y104.268 E1087.50697
G1 F1294 X96.906 Y104.948 E1087.53248
G1 F1160 X96.908 Y131.523 E1088.64176
G1 F1068.5 X96.949 Y131.85 E1088.65669
G1 F995.4 X96.949 Y132.143 E1088.67095
G1 X97.242 Y132.143 E1088.6852
G1 F1074.4 X97.656 Y132.186 E1088.70396
G1 F1162.3 X111.433 Y132.185 E1089.27788
G1 F2400 E1088.47788
;MESH:NONMESH
G0 F300 X111.433 Y132.185 Z12.4
G0 F15000 X111.433 Y131.927
G0 X97.219 Y131.875
G0 X97.219 Y104.513
G0 X97.388 Y104.468
;TIME_ELAPSED:1460.480711
;LAYER:61
;note -- min layer time used
;TYPE:WALL-INNER
;MESH:Camera mount.stl(1)
G1 F2400 E1089.27788
G1 F902.1 X97.534 Y104.447 E1089.28577
G1 F935.6 X105.948 Y104.444 E1089.71954
G1 F2400 E1088.91954
G0 F15000 X97.219 Y104.713
G0 X97.219 Y131.875
G0 X126.095 Y131.875
G0 X126.095 Y104.714
G0 X117.364 Y104.444
G1 F2400 E1089.71954
G1 F941.6 X125.656 Y104.444 E1090.14426
G1 F904.9 X125.923 Y104.469 E1090.15855
G1 F2400 E1089.35855
G0 F15000 X126.095 Y104.714
G0 X126.095 Y131.875
G0 X111.433 Y131.927
G0 X111.433 Y132.185
;TYPE:WALL-OUTER
G1 F2400 E1090.15855
G1 F1150.9 X125.743 Y132.184 E1090.75825
G1 F1062.4 X126.07 Y132.143 E1090.77321
G1 F989.8 X126.363 Y132.143 E1090.78749
G1 X126.363 Y131.85 E1090.80177
G1 F1066.3 X126.405 Y131.523 E1090.81668
G1 F1155.5 X126.406 Y105.152 E1091.91745
G1 F1289 X126.456 Y104.469 E1091.94307
G1 F1450.1 X126.456 Y103.936 E1091.9608
G1 X116.856 Y103.936 E1092.28009
G1 X116.856 Y104.952 E1092.31389
G1 X125.717 Y104.952 E1092.6086
G1 F1289 X125.906 Y105.152 E1092.6189
G1 F1155.5 X125.905 Y131.48 E1093.71787
G1 F1066.3 X125.863 Y131.643 E1093.72548
G1 F1062.4 X125.7 Y131.685 E1093.73313
G1 F1155.5 X97.656 Y131.686 E1094.90372
G1 F1070.2 X97.449 Y131.643 E1094.91325
G1 F1064.3 X97.407 Y131.48 E1094.92088
G1 F1155.5 X97.406 Y105.148 E1096.02002
G1 F1289 X97.594 Y104.948 E1096.03029
G1 F1450.1 X106.456 Y104.952 E1096.32504
G1 X106.456 Y103.936 E1096.35883
G1 X96.857 Y103.937 E1096.6781
G1 X96.857 Y104.468 E1096.69576
G1 F1289 X96.906 Y105.148 E1096.72127
G1 F1155.5 X96.908 Y131.523 E1097.8222
G1 F1064.3 X96.949 Y131.85 E1097.83713
G1 F991.5 X96.949 Y132.143 E1097.85138
G1 X97.242 Y132.143 E1097.86564
G1 F1070.2 X97.656 Y132.186 E1097.8844
G1 F1157.8 X111.433 Y132.185 E1098.45832
G1 F2400 E1097.65832
;MESH:NONMESH
G0 F300 X111.433 Y132.185 Z12.6
G0 F15000 X111.433 Y131.927
G0 X97.219 Y131.875
G0 X97.219 Y104.713
G0 X97.388 Y104.668
;TIME_ELAPSED:1476.020017
;LAYER:62
;note -- min layer time used
;TYPE:WALL-INNER
;MESH:Camera mount.stl(1)
G1 F2400 E1098.45832
G1 F898.6 X97.534 Y104.647 E1098.46621
G1 F931.9 X105.948 Y104.644 E1098.89998
G1 F2400 E1098.09998
G0 F15000 X97.219 Y104.913
G0 X97.219 Y131.875
G0 X126.095 Y131.875
G0 X126.095 Y104.914
G0 X117.364 Y104.644
G1 F2400 E1098.89998
G1 F938 X125.656 Y104.644 E1099.3247
G1 F901.4 X125.923 Y104.669 E1099.33899
G1 F2400 E1098.53899
G0 F15000 X126.095 Y104.914
G0 X126.095 Y131.875
G0 X111.433 Y131.927
G0 X111.433 Y132.185
;TYPE:WALL-OUTER
G1 F2400 E1099.33899
G1 F1146.4 X125.743 Y132.184 E1099.93869
G1 F1058.2 X126.07 Y132.143 E1099.95365
G1 F986 X126.363 Y132.143 E1099.96793
G1 X126.363 Y131.85 E1099.98221
G1 F1062.1 X126.405 Y131.523 E1099.99712
G1 F1151 X126.406 Y105.352 E1101.08954
G1 F1284 X126.456 Y104.669 E1101.11516
G1 F1444.4 X126.456 Y104.136 E1101.13289
G1 X116.856 Y104.136 E1101.45219
G1 X116.856 Y105.152 E1101.48598
G1 X125.717 Y105.152 E1101.7807
G1 F1284 X125.906 Y105.352 E1101.79099
G1 F1151 X125.905 Y131.48 E1102.88161
G1 F1062.1 X125.863 Y131.643 E1102.88923
G1 F1058.2 X125.7 Y131.685 E1102.89687
G1 F1151 X97.656 Y131.686 E1104.06747
G1 F1066 X97.449 Y131.643 E1104.077
G1 F1060.1 X97.407 Y131.48 E1104.08462
G1 F1151 X97.406 Y105.348 E1105.17541
G1 F1284 X97.594 Y105.148 E1105.18568
G1 F1444.4 X106.456 Y105.152 E1105.48043
G1 X106.456 Y104.136 E1105.51423
G1 X96.857 Y104.137 E1105.83349
G1 X96.857 Y104.668 E1105.85115
G1 F1284 X96.906 Y105.348 E1105.87666
G1 F1151 X96.908 Y131.523 E1106.96924
G1 F1060.1 X96.949 Y131.85 E1106.98418
G1 F987.7 X96.949 Y132.143 E1106.99843
G1 X97.242 Y132.143 E1107.01268
G1 F1066 X97.656 Y132.186 E1107.03144
G1 F1153.3 X111.433 Y132.185 E1107.60537
G1 F2400 E1106.80537
;MESH:NONMESH
G0 F300 X111.433 Y132.185 Z12.8
G0 F15000 X111.433 Y131.927
G0 X97.219 Y131.875
G0 X97.219 Y104.913
G0 X97.388 Y104.868
;TIME_ELAPSED:1491.553513
;LAYER:63
;note -- min layer time used
;TYPE:WALL-INNER
;MESH:Camera mount.stl(1)
G1 F2400 E1107.60537
G1 F895 X97.534 Y104.847 E1107.61325
G1 F928.2 X105.948 Y104.844 E1108.04702
G1 F2400 E1107.24702
G0 F15000 X97.219 Y105.113
G0 X97.219 Y131.875
G0 X126.095 Y131.875
G0 X126.095 Y105.114
G0 X117.364 Y104.844
G1 F2400 E1108.04702
G1 F934.3 X125.656 Y104.844 E1108.47174
G1 F897.8 X125.923 Y104.869 E1108.48604
G1 F2400 E1107.68604
G0 F15000 X126.095 Y105.114
G0 X126.095 Y131.875
G0 X111.433 Y131.927
G0 X111.433 Y132.185
;TYPE:WALL-OUTER
G1 F2400 E1108.48604
G1 F1141.9 X125.743 Y132.184 E1109.08574
G1 F1054.1 X126.07 Y132.143 E1109.1007
G1 F982.1 X126.363 Y132.143 E1109.11498
G1 X126.363 Y131.85 E1109.12925
G1 F1057.9 X126.405 Y131.523 E1109.14417
G1 F1146.4 X126.406 Y105.552 E1110.22823
G1 F1278.9 X126.456 Y104.869 E1110.25386
G1 F1438.8 X126.456 Y104.336 E1110.27159
G1 X116.856 Y104.336 E1110.59088
G1 X116.856 Y105.352 E1110.62468
G1 X125.717 Y105.352 E1110.91939
G1 F1278.9 X125.906 Y105.552 E1110.92969
G1 F1146.4 X125.905 Y131.48 E1112.01196
G1 F1057.9 X125.863 Y131.643 E1112.01958
G1 F1054.1 X125.7 Y131.685 E1112.02722
G1 F1146.4 X97.656 Y131.686 E1113.19782
G1 F1061.8 X97.449 Y131.643 E1113.20735
G1 F1056 X97.407 Y131.48 E1113.21497
G1 F1146.4 X97.406 Y105.548 E1114.29741
G1 F1278.9 X97.594 Y105.348 E1114.30768
G1 F1438.8 X106.456 Y105.352 E1114.60243
G1 X106.456 Y104.336 E1114.63623
G1 X96.857 Y104.337 E1114.95549
G1 X96.857 Y104.868 E1114.97315
G1 F1278.9 X96.906 Y105.548 E1114.99866
G1 F1146.4 X96.908 Y131.523 E1116.0829
G1 F1056 X96.949 Y131.85 E1116.09783
G1 F983.8 X96.949 Y132.143 E1116.11208
G1 X97.242 Y132.143 E1116.12634
G1 F1061.8 X97.656 Y132.186 E1116.14509
G1 F1148.7 X111.433 Y132.185 E1116.71902
G1 F2400 E1115.91902
;MESH:NONMESH
G0 F300 X111.433 Y132.185 Z13
G0 F15000 X111.433 Y131.927
G0 X97.219 Y131.875
G0 X97.219 Y105.113
G0 X97.388 Y105.068
;TIME_ELAPSED:1507.081165
;LAYER:64
;note -- min layer time used
;TYPE:WALL-INNER
;MESH:Camera mount.stl(1)
G1 F2400 E1116.71902
G1 F891.5 X97.534 Y105.047 E1116.72691
G1 F924.6 X105.948 Y105.044 E1117.16068
G1 F2400 E1116.36068
G0 F15000 X97.219 Y105.313
G0 X97.219 Y131.875
G0 X126.095 Y131.875
G0 X126.095 Y105.314
G0 X117.364 Y105.044
G1 F2400 E1117.16068
G1 F930.6 X125.656 Y105.044 E1117.5854
G1 F894.3 X125.923 Y105.069 E1117.59969
G1 F2400 E1116.79969
G0 F15000 X126.095 Y105.314
G0 X126.095 Y131.875
G0 X111.433 Y131.927
G0 X111.433 Y132.185
;TYPE:WALL-OUTER
G1 F2400 E1117.59969
G1 F1137.4 X125.743 Y132.184 E1118.19939
G1 F1049.9 X126.07 Y132.143 E1118.21435
G1 F978.2 X126.363 Y132.143 E1118.22863
G1 X126.363 Y131.85 E1118.24291
G1 F1053.8 X126.405 Y131.523 E1118.25782
G1 F1141.9 X126.406 Y105.752 E1119.33354
G1 F1273.9 X126.456 Y105.069 E1119.35916
G1 F1433.1 X126.456 Y104.536 E1119.37689
G1 X116.856 Y104.536 E1119.69619
G1 X116.856 Y105.552 E1119.72998
G1 X125.717 Y105.552 E1120.0247
G1 F1273.9 X125.906 Y105.752 E1120.035
G1 F1141.9 X125.905 Y131.48 E1121.10892
G1 F1053.8 X125.863 Y131.643 E1121.11653
G1 F1049.9 X125.7 Y131.685 E1121.12418
G1 F1141.9 X97.656 Y131.686 E1122.29477
G1 F1057.7 X97.449 Y131.643 E1122.3043
G1 F1051.8 X97.407 Y131.48 E1122.31193
G1 F1141.9 X97.406 Y105.748 E1123.38602
G1 F1273.9 X97.594 Y105.548 E1123.39629
G1 F1433.1 X106.456 Y105.552 E1123.69104
G1 X106.456 Y104.536 E1123.72484
G1 X96.857 Y104.537 E1124.0441
G1 X96.857 Y105.068 E1124.06176
G1 F1273.9 X96.906 Y105.748 E1124.08727
G1 F1141.9 X96.908 Y131.523 E1125.16316
G1 F1051.8 X96.949 Y131.85 E1125.17809
G1 F979.9 X96.949 Y132.143 E1125.19234
G1 X97.242 Y132.143 E1125.2066
G1 F1057.7 X97.656 Y132.186 E1125.22535
G1 F1144.2 X111.433 Y132.185 E1125.79928
G1 F2400 E1124.99928
;MESH:NONMESH
G0 F300 X111.433 Y132.185 Z13.2
G0 F15000 X111.433 Y131.927
G0 X97.219 Y131.875
G0 X97.219 Y105.313
G0 X97.388 Y105.268
;TIME_ELAPSED:1522.602940
;LAYER:65
;note -- min layer time used
;TYPE:WALL-INNER
;MESH:Camera mount.stl(1)
G1 F2400 E1125.79928
G1 F888 X97.534 Y105.247 E1125.80717
G1 F920.9 X105.948 Y105.244 E1126.24094
G1 F2400 E1125.44094
G0 F15000 X97.219 Y105.513
G0 X97.219 Y131.875
G0 X126.095 Y131.875
G0 X126.095 Y105.514
G0 X117.364 Y105.244
G1 F2400 E1126.24094
G1 F926.9 X125.656 Y105.244 E1126.66566
G1 F890.8 X125.923 Y105.269 E1126.67995
G1 F2400 E1125.87995
G0 F15000 X126.095 Y105.514
G0 X126.095 Y131.875
G0 X111.433 Y131.927
G0 X111.433 Y132.185
;TYPE:WALL-OUTER
G1 F2400 E1126.67995
G1 F1132.9 X125.743 Y132.184 E1127.27965
G1 F1045.8 X126.07 Y132.143 E1127.29461
G1 F974.4 X126.363 Y132.143 E1127.30889
G1 X126.363 Y131.85 E1127.32317
G1 F1049.6 X126.405 Y131.523 E1127.33808
G1 F1137.4 X126.406 Y105.952 E1128.40545
G1 F1268.9 X126.456 Y105.269 E1128.43108
G1 F1427.5 X126.456 Y104.736 E1128.4488
G1 X116.856 Y104.736 E1128.7681
G1 X116.856 Y105.752 E1128.80189
G1 X125.717 Y105.752 E1129.09661
G1 F1268.9 X125.906 Y105.952 E1129.10691
G1 F1137.4 X125.905 Y131.48 E1130.17248
G1 F1049.6 X125.863 Y131.643 E1130.1801
G1 F1045.8 X125.7 Y131.685 E1130.18774
G1 F1137.4 X97.656 Y131.686 E1131.35834
G1 F1053.5 X97.449 Y131.643 E1131.36787
G1 F1047.7 X97.407 Y131.48 E1131.37549
G1 F1137.4 X97.406 Y105.948 E1132.44124
G1 F1268.9 X97.594 Y105.748 E1132.45151
G1 F1427.5 X106.456 Y105.752 E1132.74626
G1 X106.456 Y104.736 E1132.78005
G1 X96.857 Y104.737 E1133.09931
G1 X96.857 Y105.268 E1133.11698
G1 F1268.9 X96.906 Y105.948 E1133.14249
G1 F1137.4 X96.908 Y131.523 E1134.21002
G1 F1047.7 X96.949 Y131.85 E1134.22496
G1 F976 X96.949 Y132.143 E1134.23921
G1 X97.242 Y132.143 E1134.25346
G1 F1053.5 X97.656 Y132.186 E1134.27222
G1 F1139.7 X111.433 Y132.185 E1134.84615
G1 F2400 E1134.04615
;MESH:NONMESH
G0 F300 X111.433 Y132.185 Z13.4
G0 F15000 X111.433 Y131.927
G0 X97.219 Y131.875
G0 X97.219 Y105.513
G0 X97.388 Y105.468
;TIME_ELAPSED:1538.118805
;LAYER:66
;note -- min layer time used
;TYPE:WALL-INNER
;MESH:Camera mount.stl(1)
G1 F2400 E1134.84615
G1 F884.5 X97.534 Y105.447 E1134.85403
G1 F917.3 X105.948 Y105.444 E1135.2878
G1 F2400 E1134.4878
G0 F15000 X97.219 Y105.713
G0 X97.219 Y131.875
G0 X126.095 Y131.875
G0 X126.095 Y105.714
G0 X117.364 Y105.444
G1 F2400 E1135.2878
G1 F923.3 X125.656 Y105.444 E1135.71252
G1 F887.3 X125.923 Y105.469 E1135.72682
G1 F2400 E1134.92682
G0 F15000 X126.095 Y105.714
G0 X126.095 Y131.875
G0 X111.433 Y131.927
G0 X111.433 Y132.185
;TYPE:WALL-OUTER
G1 F2400 E1135.72682
G1 F1128.4 X125.743 Y132.184 E1136.32652
G1 F1041.6 X126.07 Y132.143 E1136.34148
G1 F970.5 X126.363 Y132.143 E1136.35576
G1 X126.363 Y131.85 E1136.37003
G1 F1045.5 X126.405 Y131.523 E1136.38495
G1 F1132.9 X126.406 Y106.152 E1137.44397
G1 F1263.8 X126.456 Y105.469 E1137.46959
G1 F1421.8 X126.456 Y104.936 E1137.48732
G1 X116.856 Y104.936 E1137.80662
G1 X116.856 Y105.952 E1137.84041
G1 X125.717 Y105.952 E1138.13513
G1 F1263.8 X125.906 Y106.152 E1138.14543
G1 F1132.9 X125.905 Y131.48 E1139.20265
G1 F1045.5 X125.863 Y131.643 E1139.21027
G1 F1041.6 X125.7 Y131.685 E1139.21791
G1 F1132.9 X97.656 Y131.686 E1140.38851
G1 F1049.3 X97.449 Y131.643 E1140.39804
G1 F1043.5 X97.407 Y131.48 E1140.40566
G1 F1132.9 X97.406 Y106.148 E1141.46306
G1 F1263.8 X97.594 Y105.948 E1141.47333
G1 F1421.8 X106.456 Y105.952 E1141.76808
G1 X106.456 Y104.936 E1141.80187
G1 X96.857 Y104.937 E1142.12114
G1 X96.857 Y105.468 E1142.1388
G1 F1263.8 X96.906 Y106.148 E1142.16431
G1 F1132.9 X96.908 Y131.523 E1143.2235
G1 F1043.5 X96.949 Y131.85 E1143.23843
G1 F972.2 X96.949 Y132.143 E1143.25268
G1 X97.242 Y132.143 E1143.26694
G1 F1049.3 X97.656 Y132.186 E1143.2857
G1 F1135.2 X111.433 Y132.185 E1143.85962
G1 F2400 E1143.05962
;MESH:NONMESH
G0 F300 X111.433 Y132.185 Z13.6
G0 F15000 X111.433 Y131.927
G0 X97.219 Y131.875
G0 X97.219 Y105.713
G0 X97.388 Y105.668
;TIME_ELAPSED:1553.628726
;LAYER:67
;note -- min layer time used
;TYPE:WALL-INNER
;MESH:Camera mount.stl(1)
G1 F2400 E1143.85962
G1 F881 X97.534 Y105.647 E1143.86751
G1 F913.7 X105.948 Y105.644 E1144.30128
G1 F2400 E1143.50128
G0 F15000 X97.219 Y105.913
G0 X97.219 Y131.875
G0 X126.095 Y131.875
G0 X126.095 Y105.914
G0 X117.364 Y105.644
G1 F2400 E1144.30128
G1 F919.6 X125.656 Y105.644 E1144.726
G1 F883.7 X125.923 Y105.669 E1144.74029
G1 F2400 E1143.94029
G0 F15000 X126.095 Y105.914
G0 X126.095 Y131.875
G0 X111.433 Y131.927
G0 X111.433 Y132.185
;TYPE:WALL-OUTER
G1 F2400 E1144.74029
G1 F1123.9 X125.743 Y132.184 E1145.33999
G1 F1037.5 X126.07 Y132.143 E1145.35495
G1 F966.7 X126.363 Y132.143 E1145.36923
G1 X126.363 Y131.85 E1145.38351
G1 F1041.3 X126.405 Y131.523 E1145.39842
G1 F1128.4 X126.406 Y106.352 E1146.44909
G1 F1258.8 X126.456 Y105.669 E1146.47472
G1 F1416.2 X126.456 Y105.136 E1146.49245
G1 X116.856 Y105.136 E1146.81174
G1 X116.856 Y106.152 E1146.84554
G1 X125.717 Y106.152 E1147.14025
G1 F1258.8 X125.906 Y106.352 E1147.15055
G1 F1128.4 X125.905 Y131.48 E1148.19943
G1 F1041.3 X125.863 Y131.643 E1148.20704
G1 F1037.5 X125.7 Y131.685 E1148.21469
G1 F1128.4 X97.656 Y131.686 E1149.38528
G1 F1045.1 X97.449 Y131.643 E1149.39481
G1 F1039.4 X97.407 Y131.48 E1149.40244
G1 F1128.4 X97.406 Y106.348 E1150.45149
G1 F1258.8 X97.594 Y106.148 E1150.46176
G1 F1416.2 X106.456 Y106.152 E1150.75651
G1 X106.456 Y105.136 E1150.7903
G1 X96.857 Y105.137 E1151.10957
G1 X96.857 Y105.668 E1151.12723
G1 F1258.8 X96.906 Y106.348 E1151.15274
G1 F1128.4 X96.908 Y131.523 E1152.20358
G1 F1039.4 X96.949 Y131.85 E1152.21851
G1 F968.3 X96.949 Y132.143 E1152.23276
G1 X97.242 Y132.143 E1152.24702
G1 F1045.1 X97.656 Y132.186 E1152.26578
G1 F1130.7 X111.433 Y132.185 E1152.8397
G1 F2400 E1152.0397
;MESH:NONMESH
G0 F300 X111.433 Y132.185 Z13.8
G0 F15000 X111.433 Y131.927
G0 X97.219 Y131.875
G0 X97.219 Y105.913
G0 X97.388 Y105.868
;TIME_ELAPSED:1569.132668
;LAYER:68
;note -- min layer time used
;TYPE:WALL-INNER
;MESH:Camera mount.stl(1)
G1 F2400 E1152.8397
G1 F877.5 X97.534 Y105.847 E1152.84759
G1 F910 X105.948 Y105.844 E1153.28136
G1 F2400 E1152.48136
G0 F15000 X97.219 Y106.113
G0 X97.219 Y131.875
G0 X126.095 Y131.875
G0 X126.095 Y106.114
G0 X117.364 Y105.844
G1 F2400 E1153.28136
G1 F915.9 X125.656 Y105.844 E1153.70608
G1 F880.2 X125.923 Y105.869 E1153.72037
G1 F2400 E1152.92037
G0 F15000 X126.095 Y106.114
G0 X126.095 Y131.875
G0 X111.433 Y131.927
G0 X111.433 Y132.185
;TYPE:WALL-OUTER
G1 F2400 E1153.72037
G1 F1119.5 X125.743 Y132.184 E1154.32007
G1 F1033.4 X126.07 Y132.143 E1154.33503
G1 F962.8 X126.363 Y132.143 E1154.34931
G1 X126.363 Y131.85 E1154.36359
G1 F1037.2 X126.405 Y131.523 E1154.3785
G1 F1123.9 X126.406 Y106.552 E1155.42083
G1 F1253.8 X126.456 Y105.869 E1155.44645
G1 F1410.5 X126.456 Y105.336 E1155.46418
G1 X116.856 Y105.336 E1155.78348
G1 X116.856 Y106.352 E1155.81727
G1 X125.717 Y106.352 E1156.11199
G1 F1253.8 X125.906 Y106.552 E1156.12228
G1 F1123.9 X125.905 Y131.48 E1157.16281
G1 F1037.2 X125.863 Y131.643 E1157.17043
G1 F1033.4 X125.7 Y131.685 E1157.17807
G1 F1123.9 X97.656 Y131.686 E1158.34867
G1 F1041 X97.449 Y131.643 E1158.3582
G1 F1035.3 X97.407 Y131.48 E1158.36582
G1 F1123.9 X97.406 Y106.548 E1159.40652
G1 F1253.8 X97.594 Y106.348 E1159.41679
G1 F1410.5 X106.456 Y106.352 E1159.71154
G1 X106.456 Y105.336 E1159.74534
G1 X96.857 Y105.337 E1160.0646
G1 X96.857 Y105.868 E1160.08226
G1 F1253.8 X96.906 Y106.548 E1160.10777
G1 F1123.9 X96.908 Y131.523 E1161.15027
G1 F1035.3 X96.949 Y131.85 E1161.1652
G1 F964.5 X96.949 Y132.143 E1161.17945
G1 X97.242 Y132.143 E1161.1937
G1 F1041 X97.656 Y132.186 E1161.21246
G1 F1126.2 X111.433 Y132.185 E1161.78639
G1 F2400 E1160.98639
;MESH:NONMESH
G0 F300 X111.433 Y132.185 Z14
G0 F15000 X111.433 Y131.927
G0 X97.219 Y131.875
G0 X97.219 Y106.113
G0 X97.388 Y106.068
;TIME_ELAPSED:1584.630599
;LAYER:69
;note -- min layer time used
;TYPE:WALL-INNER
;MESH:Camera mount.stl(1)
G1 F2400 E1161.78639
G1 F874 X97.534 Y106.047 E1161.79428
G1 F906.4 X105.948 Y106.044 E1162.22804
G1 F2400 E1161.42804
G0 F15000 X97.219 Y106.313
G0 X97.219 Y131.875
G0 X126.095 Y131.875
G0 X126.095 Y106.314
G0 X117.364 Y106.044
G1 F2400 E1162.22804
G1 F912.3 X125.656 Y106.044 E1162.65277
G1 F876.7 X125.923 Y106.069 E1162.66706
G1 F2400 E1161.86706
G0 F15000 X126.095 Y106.314
G0 X126.095 Y131.875
G0 X111.433 Y131.927
G0 X111.433 Y132.185
;TYPE:WALL-OUTER
G1 F2400 E1162.66706
G1 F1115 X125.743 Y132.184 E1163.26676
G1 F1029.2 X126.07 Y132.143 E1163.28172
G1 F959 X126.363 Y132.143 E1163.296
G1 X126.363 Y131.85 E1163.31027
G1 F1033 X126.405 Y131.523 E1163.32519
G1 F1119.4 X126.406 Y106.752 E1164.35917
G1 F1248.8 X126.456 Y106.069 E1164.38479
G1 F1404.9 X126.456 Y105.536 E1164.40252
G1 X116.856 Y105.536 E1164.72182
G1 X116.856 Y106.552 E1164.75561
G1 X125.717 Y106.552 E1165.05033
G1 F1248.8 X125.906 Y106.752 E1165.06062
G1 F1119.4 X125.905 Y131.48 E1166.09281
G1 F1033 X125.863 Y131.643 E1166.10042
G1 F1029.2 X125.7 Y131.685 E1166.10806
G1 F1119.4 X97.656 Y131.686 E1167.27866
G1 F1036.8 X97.449 Y131.643 E1167.28819
G1 F1031.1 X97.407 Y131.48 E1167.29581
G1 F1119.4 X97.406 Y106.748 E1168.32816
G1 F1248.8 X97.594 Y106.548 E1168.33844
G1 F1404.9 X106.456 Y106.552 E1168.63319
G1 X106.456 Y105.536 E1168.66698
G1 X96.857 Y105.537 E1168.98624
G1 X96.857 Y106.068 E1169.0039
G1 F1248.8 X96.906 Y106.748 E1169.02941
G1 F1119.4 X96.908 Y131.523 E1170.06356
G1 F1031.1 X96.949 Y131.85 E1170.07849
G1 F960.6 X96.949 Y132.143 E1170.09275
G1 X97.242 Y132.143 E1170.107
G1 F1036.8 X97.656 Y132.186 E1170.12576
G1 F1121.7 X111.433 Y132.185 E1170.69968
G1 F2400 E1169.89968
;MESH:NONMESH
G0 F300 X111.433 Y132.185 Z14.2
G0 F15000 X111.433 Y131.927
G0 X97.219 Y131.875
G0 X97.219 Y106.313
G0 X97.388 Y106.268
;TIME_ELAPSED:1600.122495
;LAYER:70
;note -- min layer time used
;TYPE:WALL-INNER
;MESH:Camera mount.stl(1)
G1 F2400 E1170.69968
G1 F870.5 X97.534 Y106.247 E1170.70757
G1 F902.7 X105.948 Y106.244 E1171.14134
G1 F2400 E1170.34134
G0 F15000 X97.219 Y106.513
G0 X97.219 Y131.875
G0 X126.095 Y131.875
G0 X126.095 Y106.514
G0 X117.364 Y106.244
G1 F2400 E1171.14134
G1 F908.6 X125.656 Y106.244 E1171.56606
G1 F873.2 X125.923 Y106.269 E1171.58035
G1 F2400 E1170.78035
G0 F15000 X126.095 Y106.514
G0 X126.095 Y131.875
G0 X111.433 Y131.927
G0 X111.433 Y132.185
;TYPE:WALL-OUTER
G1 F2400 E1171.58035
G1 F1110.5 X125.743 Y132.184 E1172.18005
G1 F1025.1 X126.07 Y132.143 E1172.19502
G1 F955.1 X126.363 Y132.143 E1172.20929
G1 X126.363 Y131.85 E1172.22357
G1 F1028.9 X126.405 Y131.523 E1172.23848
G1 F1114.9 X126.406 Y106.952 E1173.26411
G1 F1243.8 X126.456 Y106.269 E1173.28974
G1 F1399.3 X126.456 Y105.736 E1173.30746
G1 X116.856 Y105.736 E1173.62676
G1 X116.856 Y106.752 E1173.66055
G1 X125.717 Y106.752 E1173.95527
G1 F1243.8 X125.906 Y106.952 E1173.96557
G1 F1114.9 X125.905 Y131.48 E1174.9894
G1 F1028.9 X125.863 Y131.643 E1174.99702
G1 F1025.1 X125.7 Y131.685 E1175.00466
G1 F1114.9 X97.656 Y131.686 E1176.17526
G1 F1032.7 X97.449 Y131.643 E1176.18478
G1 F1027 X97.407 Y131.48 E1176.19241
G1 F1114.9 X97.406 Y106.948 E1177.21641
G1 F1243.8 X97.594 Y106.748 E1177.22668
G1 F1399.3 X106.456 Y106.752 E1177.52144
G1 X106.456 Y105.736 E1177.55523
G1 X96.857 Y105.737 E1177.87449
G1 X96.857 Y106.268 E1177.89215
G1 F1243.8 X96.906 Y106.948 E1177.91766
G1 F1114.9 X96.908 Y131.523 E1178.94346
G1 F1027 X96.949 Y131.85 E1178.95839
G1 F956.8 X96.949 Y132.143 E1178.97265
G1 X97.242 Y132.143 E1178.9869
G1 F1032.7 X97.656 Y132.186 E1179.00566
G1 F1117.2 X111.433 Y132.185 E1179.57958
G1 F2400 E1178.77958
;MESH:NONMESH
G0 F300 X111.433 Y132.185 Z14.4
G0 F15000 X111.433 Y131.927
G0 X97.219 Y131.875
G0 X97.219 Y106.513
G0 X97.388 Y106.468
;TIME_ELAPSED:1615.608325
;LAYER:71
;note -- min layer time used
;TYPE:WALL-INNER
;MESH:Camera mount.stl(1)
G1 F2400 E1179.57958
G1 F867 X97.534 Y106.447 E1179.58747
G1 F899.1 X105.948 Y106.444 E1180.02124
G1 F2400 E1179.22124
G0 F15000 X97.219 Y106.713
G0 X97.219 Y131.875
G0 X126.095 Y131.875
G0 X126.095 Y106.714
G0 X117.364 Y106.444
G1 F2400 E1180.02124
G1 F905 X125.656 Y106.444 E1180.44596
G1 F869.7 X125.923 Y106.469 E1180.46025
G1 F2400 E1179.66025
G0 F15000 X126.095 Y106.714
G0 X126.095 Y131.875
G0 X111.433 Y131.927
G0 X111.433 Y132.185
;TYPE:WALL-OUTER
G1 F2400 E1180.46025
G1 F1106.1 X125.743 Y132.184 E1181.05995
G1 F1021 X126.07 Y132.143 E1181.07492
G1 F951.3 X126.363 Y132.143 E1181.08919
G1 X126.363 Y131.85 E1181.10347
G1 F1024.7 X126.405 Y131.523 E1181.11838
G1 F1110.5 X126.406 Y107.152 E1182.13566
G1 F1238.8 X126.456 Y106.469 E1182.16129
G1 F1393.6 X126.456 Y105.936 E1182.17902
G1 X116.856 Y105.936 E1182.49831
G1 X116.856 Y106.952 E1182.53211
G1 X125.717 Y106.952 E1182.82682
G1 F1238.8 X125.906 Y107.152 E1182.83712
G1 F1110.5 X125.905 Y131.48 E1183.85261
G1 F1024.7 X125.863 Y131.643 E1183.86022
G1 F1021 X125.7 Y131.685 E1183.86786
G1 F1110.5 X97.656 Y131.686 E1185.03846
G1 F1028.5 X97.449 Y131.643 E1185.04799
G1 F1022.8 X97.407 Y131.48 E1185.05562
G1 F1110.5 X97.406 Y107.148 E1186.07127
G1 F1238.8 X97.594 Y106.948 E1186.08154
G1 F1393.6 X106.456 Y106.952 E1186.37629
G1 X106.456 Y105.936 E1186.41008
G1 X96.857 Y105.937 E1186.72935
G1 X96.857 Y106.468 E1186.74701
G1 F1238.8 X96.906 Y107.148 E1186.77252
G1 F1110.5 X96.908 Y131.523 E1187.78997
G1 F1022.8 X96.949 Y131.85 E1187.8049
G1 F952.9 X96.949 Y132.143 E1187.81915
G1 X97.242 Y132.143 E1187.83341
G1 F1028.5 X97.656 Y132.186 E1187.85217
G1 F1112.7 X111.433 Y132.185 E1188.42609
G1 F2400 E1187.62609
;MESH:NONMESH
G0 F300 X111.433 Y132.185 Z14.6
G0 F15000 X111.433 Y131.927
G0 X97.219 Y131.875
G0 X97.219 Y106.713
G0 X97.388 Y106.668
;TIME_ELAPSED:1631.088057
;LAYER:72
;note -- min layer time used
;TYPE:WALL-INNER
;MESH:Camera mount.stl(1)
G1 F2400 E1188.42609
G1 F863.5 X97.534 Y106.647 E1188.43398
G1 F895.5 X105.948 Y106.644 E1188.86775
G1 F2400 E1188.06775
G0 F15000 X97.219 Y106.913
G0 X97.219 Y131.875
G0 X126.095 Y131.875
G0 X126.095 Y106.914
G0 X117.364 Y106.644
G1 F2400 E1188.86775
G1 F901.3 X125.656 Y106.644 E1189.29247
G1 F866.1 X125.923 Y106.669 E1189.30676
G1 F2400 E1188.50676
G0 F15000 X126.095 Y106.914
G0 X126.095 Y131.875
G0 X111.433 Y131.927
G0 X111.433 Y132.185
;TYPE:WALL-OUTER
G1 F2400 E1189.30676
G1 F1101.6 X125.743 Y132.184 E1189.90646
G1 F1016.8 X126.07 Y132.143 E1189.92142
G1 F947.4 X126.363 Y132.143 E1189.9357
G1 X126.363 Y131.85 E1189.94998
G1 F1020.6 X126.405 Y131.523 E1189.96489
G1 F1106 X126.406 Y107.352 E1190.97382
G1 F1233.8 X126.456 Y106.669 E1190.99945
G1 F1388 X126.456 Y106.136 E1191.01718
G1 X116.856 Y106.136 E1191.33647
G1 X116.856 Y107.152 E1191.37027
G1 X125.717 Y107.152 E1191.66498
G1 F1233.8 X125.906 Y107.352 E1191.67528
G1 F1106 X125.905 Y131.48 E1192.68242
G1 F1020.6 X125.863 Y131.643 E1192.69003
G1 F1016.8 X125.7 Y131.685 E1192.69767
G1 F1106 X97.656 Y131.686 E1193.86827
G1 F1024.4 X97.449 Y131.643 E1193.8778
G1 F1018.7 X97.407 Y131.48 E1193.88543
G1 F1106 X97.406 Y107.348 E1194.89273
G1 F1233.8 X97.594 Y107.148 E1194.903
G1 F1388 X106.456 Y107.152 E1195.19775
G1 X106.456 Y106.136 E1195.23155
G1 X96.857 Y106.137 E1195.55081
G1 X96.857 Y106.668 E1195.56847
G1 F1233.8 X96.906 Y107.348 E1195.59398
G1 F1106 X96.908 Y131.523 E1196.60308
G1 F1018.7 X96.949 Y131.85 E1196.61802
G1 F949.1 X96.949 Y132.143 E1196.63227
G1 X97.242 Y132.143 E1196.64652
G1 F1024.4 X97.656 Y132.186 E1196.66528
G1 F1108.2 X111.433 Y132.185 E1197.23921
G1 F2400 E1196.43921
;MESH:NONMESH
G0 F300 X111.433 Y132.185 Z14.8
G0 F15000 X111.433 Y131.927
G0 X97.219 Y131.875
G0 X97.219 Y106.913
G0 X97.388 Y106.868
;TIME_ELAPSED:1646.561658
;LAYER:73
;note -- min layer time used
;TYPE:WALL-INNER
;MESH:Camera mount.stl(1)
G1 F2400 E1197.23921
G1 F860 X97.534 Y106.847 E1197.24709
G1 F891.9 X105.948 Y106.844 E1197.68086
G1 F2400 E1196.88086
G0 F15000 X97.219 Y107.113
G0 X97.219 Y131.875
G0 X126.095 Y131.875
G0 X126.095 Y107.114
G0 X117.364 Y106.844
G1 F2400 E1197.68086
G1 F897.6 X125.656 Y106.844 E1198.10558
G1 F862.6 X125.923 Y106.869 E1198.11988
G1 F2400 E1197.31988
G0 F15000 X126.095 Y107.114
G0 X126.095 Y131.875
G0 X111.433 Y131.927
G0 X111.433 Y132.185
;TYPE:WALL-OUTER
G1 F2400 E1198.11988
G1 F1097.1 X125.743 Y132.184 E1198.71958
G1 F1012.7 X126.07 Y132.143 E1198.73454
G1 F943.6 X126.363 Y132.143 E1198.74882
G1 X126.363 Y131.85 E1198.76309
G1 F1016.5 X126.405 Y131.523 E1198.778
G1 F1101.5 X126.406 Y107.552 E1199.77859
G1 F1228.8 X126.456 Y106.869 E1199.80421
G1 F1382.4 X126.456 Y106.336 E1199.82194
G1 X116.856 Y106.336 E1200.14124
G1 X116.856 Y107.352 E1200.17503
G1 X125.717 Y107.352 E1200.46975
G1 F1228.8 X125.906 Y107.552 E1200.48005
G1 F1101.5 X125.905 Y131.48 E1201.47884
G1 F1016.5 X125.863 Y131.643 E1201.48645
G1 F1012.7 X125.7 Y131.685 E1201.49409
G1 F1101.5 X97.656 Y131.686 E1202.66469
G1 F1020.2 X97.449 Y131.643 E1202.67422
G1 F1014.6 X97.407 Y131.48 E1202.68185
G1 F1101.5 X97.406 Y107.548 E1203.6808
G1 F1228.8 X97.594 Y107.348 E1203.69107
G1 F1382.4 X106.456 Y107.352 E1203.98582
G1 X106.456 Y106.336 E1204.01962
G1 X96.857 Y106.337 E1204.33888
G1 X96.857 Y106.868 E1204.35654
G1 F1228.8 X96.906 Y107.548 E1204.38205
G1 F1101.5 X96.908 Y131.523 E1205.3828
G1 F1014.6 X96.949 Y131.85 E1205.39774
G1 F945.2 X96.949 Y132.143 E1205.41199
G1 X97.242 Y132.143 E1205.42624
G1 F1020.2 X97.656 Y132.186 E1205.445
G1 F1103.7 X111.433 Y132.185 E1206.01893
G1 F2400 E1205.21893
;MESH:NONMESH
G0 F300 X111.433 Y132.185 Z15
G0 F15000 X111.433 Y131.927
G0 X97.219 Y131.875
G0 X97.219 Y107.113
G0 X97.388 Y107.068
;TIME_ELAPSED:1662.029093
;LAYER:74
;note -- min layer time used
;TYPE:WALL-INNER
;MESH:Camera mount.stl(1)
G1 F2400 E1206.01893
G1 F856.5 X97.534 Y107.047 E1206.02681
G1 F888.2 X105.948 Y107.044 E1206.46058
G1 F2400 E1205.66058
G0 F15000 X97.219 Y107.313
G0 X97.219 Y131.875
G0 X126.095 Y131.875
G0 X126.095 Y107.314
G0 X117.364 Y107.044
G1 F2400 E1206.46058
G1 F894 X125.656 Y107.044 E1206.8853
G1 F859.1 X125.923 Y107.069 E1206.8996
G1 F2400 E1206.0996
G0 F15000 X126.095 Y107.314
G0 X126.095 Y131.875
G0 X111.433 Y131.927
G0 X111.433 Y132.185
;TYPE:WALL-OUTER
G1 F2400 E1206.8996
G1 F1092.7 X125.743 Y132.184 E1207.4993
G1 F1008.6 X126.07 Y132.143 E1207.51426
G1 F939.8 X126.363 Y132.143 E1207.52854
G1 X126.363 Y131.85 E1207.54281
G1 F1012.3 X126.405 Y131.523 E1207.55773
G1 F1097 X126.406 Y107.752 E1208.54996
G1 F1223.8 X126.456 Y107.069 E1208.57559
G1 F1376.8 X126.456 Y106.536 E1208.59332
G1 X116.856 Y106.536 E1208.91261
G1 X116.856 Y107.552 E1208.9464
G1 X125.717 Y107.552 E1209.24112
G1 F1223.8 X125.906 Y107.752 E1209.25142
G1 F1097 X125.905 Y131.48 E1210.24186
G1 F1012.3 X125.863 Y131.643 E1210.24947
G1 F1008.6 X125.7 Y131.685 E1210.25712
G1 F1097 X97.656 Y131.686 E1211.42771
G1 F1016.1 X97.449 Y131.643 E1211.43724
G1 F1010.5 X97.407 Y131.48 E1211.44487
G1 F1097 X97.406 Y107.748 E1212.43548
G1 F1223.8 X97.594 Y107.548 E1212.44575
G1 F1376.8 X106.456 Y107.552 E1212.7405
G1 X106.456 Y106.536 E1212.77429
G1 X96.857 Y106.537 E1213.09356
G1 X96.857 Y107.068 E1213.11122
G1 F1223.8 X96.906 Y107.748 E1213.13673
G1 F1097 X96.908 Y131.523 E1214.12913
G1 F1010.5 X96.949 Y131.85 E1214.14407
G1 F941.4 X96.949 Y132.143 E1214.15832
G1 X97.242 Y132.143 E1214.17257
G1 F1016.1 X97.656 Y132.186 E1214.19133
G1 F1099.2 X111.433 Y132.185 E1214.76526
G1 F2400 E1213.96526
;MESH:NONMESH
G0 F300 X111.433 Y132.185 Z15.2
G0 F15000 X111.433 Y131.927
G0 X97.219 Y131.875
G0 X97.219 Y107.313
G0 X97.388 Y107.268
;TIME_ELAPSED:1677.490329
;LAYER:75
;note -- min layer time used
;TYPE:WALL-INNER
;MESH:Camera mount.stl(1)
G1 F2400 E1214.76526
G1 F853 X97.534 Y107.247 E1214.77314
G1 F884.6 X105.948 Y107.244 E1215.20691
G1 F2400 E1214.40691
G0 F15000 X97.219 Y107.513
G0 X97.219 Y131.875
G0 X126.095 Y131.875
G0 X126.095 Y107.514
G0 X117.364 Y107.244
G1 F2400 E1215.20691
G1 F890.3 X125.656 Y107.244 E1215.63163
G1 F855.6 X125.923 Y107.269 E1215.64593
G1 F2400 E1214.84593
G0 F15000 X126.095 Y107.514
G0 X126.095 Y131.875
G0 X111.433 Y131.927
G0 X111.433 Y132.185
;TYPE:WALL-OUTER
G1 F2400 E1215.64593
G1 F1088.2 X125.743 Y132.184 E1216.24563
G1 F1004.5 X126.07 Y132.143 E1216.26059
G1 F935.9 X126.363 Y132.143 E1216.27486
G1 X126.363 Y131.85 E1216.28914
G1 F1008.2 X126.405 Y131.523 E1216.30405
G1 F1092.5 X126.406 Y107.952 E1217.28794
G1 F1218.8 X126.456 Y107.269 E1217.31357
G1 F1371.1 X126.456 Y106.736 E1217.3313
G1 X116.856 Y106.736 E1217.65059
G1 X116.856 Y107.752 E1217.68438
G1 X125.717 Y107.752 E1217.9791
G1 F1218.8 X125.906 Y107.952 E1217.9894
G1 F1092.5 X125.905 Y131.48 E1218.97149
G1 F1008.2 X125.863 Y131.643 E1218.97911
G1 F1004.5 X125.7 Y131.685 E1218.98675
G1 F1092.5 X97.656 Y131.686 E1220.15735
G1 F1011.9 X97.449 Y131.643 E1220.16687
G1 F1006.3 X97.407 Y131.48 E1220.1745
G1 F1092.5 X97.406 Y107.948 E1221.15676
G1 F1218.8 X97.594 Y107.748 E1221.16703
G1 F1371.1 X106.456 Y107.752 E1221.46178
G1 X106.456 Y106.736 E1221.49558
G1 X96.857 Y106.737 E1221.81484
G1 X96.857 Y107.268 E1221.8325
G1 F1218.8 X96.906 Y107.948 E1221.85801
G1 F1092.5 X96.908 Y131.523 E1222.84207
G1 F1006.3 X96.949 Y131.85 E1222.857
G1 F937.5 X96.949 Y132.143 E1222.87125
G1 X97.242 Y132.143 E1222.88551
G1 F1011.9 X97.656 Y132.186 E1222.90426
G1 F1094.7 X111.433 Y132.185 E1223.47819
G1 F2400 E1222.67819
;MESH:NONMESH
G0 F300 X111.433 Y132.185 Z15.4
G0 F15000 X111.433 Y131.927
G0 X97.219 Y131.875
G0 X97.219 Y107.513
G0 X97.388 Y107.468
;TIME_ELAPSED:1692.945330
;LAYER:76
;note -- min layer time used
;TYPE:WALL-INNER
;MESH:Camera mount.stl(1)
G1 F2400 E1223.47819
G1 F849.5 X97.534 Y107.447 E1223.48608
G1 F881 X105.948 Y107.444 E1223.91985
G1 F2400 E1223.11985
G0 F15000 X97.219 Y107.713
G0 X97.219 Y131.875
G0 X126.095 Y131.875
G0 X126.095 Y107.714
G0 X117.364 Y107.444
G1 F2400 E1223.91985
G1 F886.7 X125.656 Y107.444 E1224.34457
G1 F852.1 X125.923 Y107.469 E1224.35886
G1 F2400 E1223.55886
G0 F15000 X126.095 Y107.714
G0 X126.095 Y131.875
G0 X111.433 Y131.927
G0 X111.433 Y132.185
;TYPE:WALL-OUTER
G1 F2400 E1224.35886
G1 F1083.8 X125.743 Y132.184 E1224.95856
G1 F1000.4 X126.07 Y132.143 E1224.97352
G1 F932.1 X126.363 Y132.143 E1224.9878
G1 X126.363 Y131.85 E1225.00208
G1 F1004.1 X126.405 Y131.523 E1225.01699
G1 F1088.1 X126.406 Y108.152 E1225.99253
G1 F1213.8 X126.456 Y107.469 E1226.01815
G1 F1365.5 X126.456 Y106.936 E1226.03588
G1 X116.856 Y106.936 E1226.35518
G1 X116.856 Y107.952 E1226.38897
G1 X125.717 Y107.952 E1226.68369
G1 F1213.8 X125.906 Y108.152 E1226.69399
G1 F1088.1 X125.905 Y131.48 E1227.66773
G1 F1004.1 X125.863 Y131.643 E1227.67534
G1 F1000.4 X125.7 Y131.685 E1227.68299
G1 F1088.1 X97.656 Y131.686 E1228.85358
G1 F1007.8 X97.449 Y131.643 E1228.86311
G1 F1002.2 X97.407 Y131.48 E1228.87074
G1 F1088.1 X97.406 Y108.148 E1229.84465
G1 F1213.8 X97.594 Y107.948 E1229.85492
G1 F1365.5 X106.456 Y107.952 E1230.14967
G1 X106.456 Y106.936 E1230.18347
G1 X96.857 Y106.937 E1230.50273
G1 X96.857 Y107.468 E1230.52039
G1 F1213.8 X96.906 Y108.148 E1230.5459
G1 F1088.1 X96.908 Y131.523 E1231.52161
G1 F1002.2 X96.949 Y131.85 E1231.53654
G1 F933.7 X96.949 Y132.143 E1231.5508
G1 X97.242 Y132.143 E1231.56505
G1 F1007.8 X97.656 Y132.186 E1231.58381
G1 F1090.2 X111.433 Y132.185 E1232.15773
G1 F2400 E1231.35773
;MESH:NONMESH
G0 F300 X111.433 Y132.185 Z15.6
G0 F15000 X111.433 Y131.927
G0 X97.219 Y131.875
G0 X97.219 Y107.713
G0 X97.388 Y107.668
;TIME_ELAPSED:1708.394063
;LAYER:77
;note -- min layer time used
;TYPE:WALL-INNER
;MESH:Camera mount.stl(1)
G1 F2400 E1232.15773
G1 F846 X97.534 Y107.647 E1232.16562
G1 F877.4 X105.948 Y107.644 E1232.59939
G1 F2400 E1231.79939
G0 F15000 X97.219 Y107.913
G0 X97.219 Y131.875
G0 X126.095 Y131.875
G0 X126.095 Y107.914
G0 X117.364 Y107.644
G1 F2400 E1232.59939
G1 F883.1 X125.656 Y107.644 E1233.02411
G1 F848.6 X125.923 Y107.669 E1233.0384
G1 F2400 E1232.2384
G0 F15000 X126.095 Y107.914
G0 X126.095 Y131.875
G0 X111.433 Y131.927
G0 X111.433 Y132.185
;TYPE:WALL-OUTER
G1 F2400 E1233.0384
G1 F1079.3 X125.743 Y132.184 E1233.6381
G1 F996.3 X126.07 Y132.143 E1233.65307
G1 F928.3 X126.363 Y132.143 E1233.66734
G1 X126.363 Y131.85 E1233.68162
G1 F999.9 X126.405 Y131.523 E1233.69653
G1 F1083.6 X126.406 Y108.352 E1234.66372
G1 F1208.8 X126.456 Y107.669 E1234.68935
G1 F1359.9 X126.456 Y107.136 E1234.70708
G1 X116.856 Y107.136 E1235.02637
G1 X116.856 Y108.152 E1235.06016
G1 X125.717 Y108.152 E1235.35488
G1 F1208.8 X125.906 Y108.352 E1235.36518
G1 F1083.6 X125.905 Y131.48 E1236.33058
G1 F999.9 X125.863 Y131.643 E1236.33819
G1 F996.3 X125.7 Y131.685 E1236.34583
G1 F1083.6 X97.656 Y131.686 E1237.51643
G1 F1003.6 X97.449 Y131.643 E1237.52596
G1 F998.1 X97.407 Y131.48 E1237.53359
G1 F1083.6 X97.406 Y108.348 E1238.49915
G1 F1208.8 X97.594 Y108.148 E1238.50942
G1 F1359.9 X106.456 Y108.152 E1238.80417
G1 X106.456 Y107.136 E1238.83796
G1 X96.857 Y107.137 E1239.15723
G1 X96.857 Y107.668 E1239.17489
G1 F1208.8 X96.906 Y108.348 E1239.2004
G1 F1083.6 X96.908 Y131.523 E1240.16776
G1 F998.1 X96.949 Y131.85 E1240.18269
G1 F929.9 X96.949 Y132.143 E1240.19694
G1 X97.242 Y132.143 E1240.2112
G1 F1003.6 X97.656 Y132.186 E1240.22996
G1 F1085.8 X111.433 Y132.185 E1240.80388
G1 F2400 E1240.00388
;MESH:NONMESH
G0 F300 X111.433 Y132.185 Z15.8
G0 F15000 X111.433 Y131.927
G0 X97.219 Y131.875
G0 X97.219 Y107.913
G0 X97.388 Y107.868
;TIME_ELAPSED:1723.836491
;LAYER:78
;note -- min layer time used
;TYPE:WALL-INNER
;MESH:Camera mount.stl(1)
G1 F2400 E1240.80388
G1 F842.5 X97.534 Y107.847 E1240.81177
G1 F873.8 X105.948 Y107.844 E1241.24554
G1 F2400 E1240.44554
G0 F15000 X97.219 Y108.113
G0 X97.219 Y131.875
G0 X126.095 Y131.875
G0 X126.095 Y108.114
G0 X117.364 Y107.844
G1 F2400 E1241.24554
G1 F879.4 X125.656 Y107.844 E1241.67026
G1 F845.1 X125.923 Y107.869 E1241.68455
G1 F2400 E1240.88455
G0 F15000 X126.095 Y108.114
G0 X126.095 Y131.875
G0 X111.433 Y131.927
G0 X111.433 Y132.185
;TYPE:WALL-OUTER
G1 F2400 E1241.68455
G1 F1074.9 X125.743 Y132.184 E1242.28425
G1 F992.2 X126.07 Y132.143 E1242.29921
G1 F924.4 X126.363 Y132.143 E1242.31349
G1 X126.363 Y131.85 E1242.32777
G1 F995.8 X126.405 Y131.523 E1242.34268
G1 F1079.1 X126.406 Y108.552 E1243.30152
G1 F1203.8 X126.456 Y107.869 E1243.32715
G1 F1354.3 X126.456 Y107.336 E1243.34488
G1 X116.856 Y107.336 E1243.66417
G1 X116.856 Y108.352 E1243.69797
G1 X125.717 Y108.352 E1243.99268
G1 F1203.8 X125.906 Y108.552 E1244.00298
G1 F1079.1 X125.905 Y131.48 E1244.96003
G1 F995.8 X125.863 Y131.643 E1244.96764
G1 F992.2 X125.7 Y131.685 E1244.97528
G1 F1079.1 X97.656 Y131.686 E1246.14588
G1 F999.5 X97.449 Y131.643 E1246.15541
G1 F994 X97.407 Y131.48 E1246.16304
G1 F1079.1 X97.406 Y108.548 E1247.12025
G1 F1203.8 X97.594 Y108.348 E1247.13052
G1 F1354.3 X106.456 Y108.352 E1247.42528
G1 X106.456 Y107.336 E1247.45907
G1 X96.857 Y107.337 E1247.77833
G1 X96.857 Y107.868 E1247.79599
G1 F1203.8 X96.906 Y108.548 E1247.8215
G1 F1079.1 X96.908 Y131.523 E1248.78051
G1 F994 X96.949 Y131.85 E1248.79545
G1 F926 X96.949 Y132.143 E1248.8097
G1 X97.242 Y132.143 E1248.82395
G1 F999.5 X97.656 Y132.186 E1248.84271
G1 F1081.3 X111.433 Y132.185 E1249.41664
G1 F2400 E1248.61664
;MESH:NONMESH
G0 F300 X111.433 Y132.185 Z16
G0 F15000 X111.433 Y131.927
G0 X97.219 Y131.875
G0 X97.219 Y108.113
G0 X97.388 Y108.068
;TIME_ELAPSED:1739.272578
;LAYER:79
;note -- min layer time used
;TYPE:WALL-INNER
;MESH:Camera mount.stl(1)
G1 F2400 E1249.41664
G1 F839 X97.534 Y108.047 E1249.42452
G1 F870.1 X105.948 Y108.044 E1249.85829
G1 F2400 E1249.05829
G0 F15000 X97.219 Y108.313
G0 X97.219 Y131.875
G0 X126.095 Y131.875
G0 X126.095 Y108.314
G0 X117.364 Y108.044
G1 F2400 E1249.85829
G1 F875.8 X125.656 Y108.044 E1250.28301
G1 F841.6 X125.923 Y108.069 E1250.29731
G1 F2400 E1249.49731
G0 F15000 X126.095 Y108.314
G0 X126.095 Y131.875
G0 X111.433 Y131.927
G0 X111.433 Y132.185
;TYPE:WALL-OUTER
G1 F2400 E1250.29731
G1 F1070.4 X125.743 Y132.184 E1250.89701
G1 F988.1 X126.07 Y132.143 E1250.91197
G1 F920.6 X126.363 Y132.143 E1250.92625
G1 X126.363 Y131.85 E1250.94052
G1 F991.7 X126.405 Y131.523 E1250.95544
G1 F1074.7 X126.406 Y108.752 E1251.90593
G1 F1198.9 X126.456 Y108.069 E1251.93156
G1 F1348.7 X126.456 Y107.536 E1251.94928
G1 X116.856 Y107.536 E1252.26858
G1 X116.856 Y108.552 E1252.30237
G1 X125.717 Y108.552 E1252.59709
G1 F1198.9 X125.906 Y108.752 E1252.60739
G1 F1074.7 X125.905 Y131.48 E1253.55609
G1 F991.7 X125.863 Y131.643 E1253.5637
G1 F988.1 X125.7 Y131.685 E1253.57134
G1 F1074.7 X97.656 Y131.686 E1254.74194
G1 F995.4 X97.449 Y131.643 E1254.75147
G1 F989.9 X97.407 Y131.48 E1254.7591
G1 F1074.7 X97.406 Y108.748 E1255.70796
G1 F1198.9 X97.594 Y108.548 E1255.71823
G1 F1348.7 X106.456 Y108.552 E1256.01299
G1 X106.456 Y107.536 E1256.04678
G1 X96.857 Y107.537 E1256.36604
G1 X96.857 Y108.068 E1256.3837
G1 F1198.9 X96.906 Y108.748 E1256.40921
G1 F1074.7 X96.908 Y131.523 E1257.35988
G1 F989.9 X96.949 Y131.85 E1257.37481
G1 F922.2 X96.949 Y132.143 E1257.38906
G1 X97.242 Y132.143 E1257.40331
G1 F995.4 X97.656 Y132.186 E1257.42207
G1 F1076.8 X111.433 Y132.185 E1257.996
G1 F2400 E1257.196
;MESH:NONMESH
G0 F300 X111.433 Y132.185 Z16.2
G0 F15000 X111.433 Y131.927
G0 X97.219 Y131.875
G0 X97.219 Y108.313
G0 X97.388 Y108.268
;TIME_ELAPSED:1754.702288
;LAYER:80
;note -- min layer time used
;TYPE:WALL-INNER
;MESH:Camera mount.stl(1)
G1 F2400 E1257.996
G1 F835.5 X97.534 Y108.247 E1258.00389
G1 F866.5 X105.948 Y108.244 E1258.43765
G1 F2400 E1257.63765
G0 F15000 X97.219 Y108.513
G0 X97.219 Y131.875
G0 X126.095 Y131.875
G0 X126.095 Y108.514
G0 X117.364 Y108.244
G1 F2400 E1258.43765
G1 F872.2 X125.656 Y108.244 E1258.86238
G1 F838.1 X125.923 Y108.269 E1258.87667
G1 F2400 E1258.07667
G0 F15000 X126.095 Y108.514
G0 X126.095 Y131.875
G0 X111.433 Y131.927
G0 X111.433 Y132.185
;TYPE:WALL-OUTER
G1 F2400 E1258.87667
G1 F1066 X125.743 Y132.184 E1259.47637
G1 F984 X126.07 Y132.143 E1259.49133
G1 F916.8 X126.363 Y132.143 E1259.50561
G1 X126.363 Y131.85 E1259.51989
G1 F987.6 X126.405 Y131.523 E1259.5348
G1 F1070.2 X126.406 Y108.952 E1260.47694
G1 F1193.9 X126.456 Y108.269 E1260.50257
G1 F1343.1 X126.456 Y107.736 E1260.5203
G1 X116.856 Y107.736 E1260.83959
G1 X116.856 Y108.752 E1260.87339
G1 X125.717 Y108.752 E1261.1681
G1 F1193.9 X125.906 Y108.952 E1261.1784
G1 F1070.2 X125.905 Y131.48 E1262.11875
G1 F987.6 X125.863 Y131.643 E1262.12637
G1 F984 X125.7 Y131.685 E1262.13401
G1 F1070.2 X97.656 Y131.686 E1263.30461
G1 F991.2 X97.449 Y131.643 E1263.31413
G1 F985.8 X97.407 Y131.48 E1263.32176
G1 F1070.2 X97.406 Y108.948 E1264.26228
G1 F1193.9 X97.594 Y108.748 E1264.27255
G1 F1343.1 X106.456 Y108.752 E1264.5673
G1 X106.456 Y107.736 E1264.6011
G1 X96.857 Y107.737 E1264.92036
G1 X96.857 Y108.268 E1264.93802
G1 F1193.9 X96.906 Y108.948 E1264.96353
G1 F1070.2 X96.908 Y131.523 E1265.90584
G1 F985.8 X96.949 Y131.85 E1265.92078
G1 F918.4 X96.949 Y132.143 E1265.93503
G1 X97.242 Y132.143 E1265.94928
G1 F991.2 X97.656 Y132.186 E1265.96804
G1 F1072.4 X111.433 Y132.185 E1266.54197
G1 F2400 E1265.74197
;MESH:NONMESH
G0 F300 X111.433 Y132.185 Z16.4
G0 F15000 X111.433 Y131.927
G0 X97.219 Y131.875
G0 X97.219 Y108.513
G0 X97.388 Y108.468
;TIME_ELAPSED:1770.125584
;LAYER:81
;note -- min layer time used
;TYPE:WALL-INNER
;MESH:Camera mount.stl(1)
G1 F2400 E1266.54197
G1 F832.1 X97.534 Y108.447 E1266.54986
G1 F862.9 X105.948 Y108.444 E1266.98362
G1 F2400 E1266.18362
G0 F15000 X97.219 Y108.713
G0 X97.219 Y131.875
G0 X126.095 Y131.875
G0 X126.095 Y108.714
G0 X117.364 Y108.444
G1 F2400 E1266.98362
G1 F868.5 X125.656 Y108.444 E1267.40835
G1 F834.7 X125.923 Y108.469 E1267.42264
G1 F2400 E1266.62264
G0 F15000 X126.095 Y108.714
G0 X126.095 Y131.875
G0 X111.433 Y131.927
G0 X111.433 Y132.185
;TYPE:WALL-OUTER
G1 F2400 E1267.42264
G1 F1061.5 X125.743 Y132.184 E1268.02234
G1 F979.9 X126.07 Y132.143 E1268.0373
G1 F913 X126.363 Y132.143 E1268.05158
G1 X126.363 Y131.85 E1268.06585
G1 F983.5 X126.405 Y131.523 E1268.08077
G1 F1065.8 X126.406 Y109.152 E1269.01457
G1 F1188.9 X126.456 Y108.469 E1269.04019
G1 F1337.5 X126.456 Y107.936 E1269.05792
G1 X116.856 Y107.936 E1269.37722
G1 X116.856 Y108.952 E1269.41101
G1 X125.717 Y108.952 E1269.70573
G1 F1188.9 X125.906 Y109.152 E1269.71602
G1 F1065.8 X125.905 Y131.48 E1270.64803
G1 F983.5 X125.863 Y131.643 E1270.65564
G1 F979.9 X125.7 Y131.685 E1270.66328
G1 F1065.8 X97.656 Y131.686 E1271.83388
G1 F987.1 X97.449 Y131.643 E1271.84341
G1 F981.7 X97.407 Y131.48 E1271.85104
G1 F1065.8 X97.406 Y109.148 E1272.78321
G1 F1188.9 X97.594 Y108.948 E1272.79348
G1 F1337.5 X106.456 Y108.952 E1273.08823
G1 X106.456 Y107.936 E1273.12202
G1 X96.857 Y107.937 E1273.44128
G1 X96.857 Y108.468 E1273.45895
G1 F1188.9 X96.906 Y109.148 E1273.48446
G1 F1065.8 X96.908 Y131.523 E1274.41842
G1 F981.7 X96.949 Y131.85 E1274.43336
G1 F914.5 X96.949 Y132.143 E1274.44761
G1 X97.242 Y132.143 E1274.46186
G1 F987.1 X97.656 Y132.186 E1274.48062
G1 F1067.9 X111.433 Y132.185 E1275.05454
G1 F2400 E1274.25454
;MESH:NONMESH
G0 F300 X111.433 Y132.185 Z16.6
G0 F15000 X111.433 Y131.927
G0 X97.219 Y131.875
G0 X97.219 Y108.713
G0 X97.388 Y108.668
;TIME_ELAPSED:1785.542428
;LAYER:82
;note -- min layer time used
;TYPE:WALL-INNER
;MESH:Camera mount.stl(1)
G1 F2400 E1275.05454
G1 F828.6 X97.534 Y108.647 E1275.06243
G1 F859.3 X105.948 Y108.644 E1275.4962
G1 F2400 E1274.6962
G0 F15000 X97.219 Y108.913
G0 X97.219 Y131.875
G0 X126.095 Y131.875
G0 X126.095 Y108.914
G0 X117.364 Y108.644
G1 F2400 E1275.4962
G1 F864.9 X125.656 Y108.644 E1275.92092
G1 F831.2 X125.923 Y108.669 E1275.93521
G1 F2400 E1275.13521
G0 F15000 X126.095 Y108.914
G0 X126.095 Y131.875
G0 X111.433 Y131.927
G0 X111.433 Y132.185
;TYPE:WALL-OUTER
G1 F2400 E1275.93521
G1 F1057.1 X125.743 Y132.184 E1276.53491
G1 F975.8 X126.07 Y132.143 E1276.54988
G1 F909.2 X126.363 Y132.143 E1276.56415
G1 X126.363 Y131.85 E1276.57843
G1 F979.4 X126.405 Y131.523 E1276.59334
G1 F1061.3 X126.406 Y109.352 E1277.51879
G1 F1183.9 X126.456 Y108.669 E1277.54442
G1 F1331.9 X126.456 Y108.136 E1277.56215
G1 X116.856 Y108.136 E1277.88144
G1 X116.856 Y109.152 E1277.91524
G1 X125.717 Y109.152 E1278.20995
G1 F1183.9 X125.906 Y109.352 E1278.22025
G1 F1061.3 X125.905 Y131.48 E1279.1439
G1 F979.4 X125.863 Y131.643 E1279.15152
G1 F975.8 X125.7 Y131.685 E1279.15916
G1 F1061.3 X97.656 Y131.686 E1280.32976
G1 F983 X97.449 Y131.643 E1280.33929
G1 F977.6 X97.407 Y131.48 E1280.34691
G1 F1061.3 X97.406 Y109.348 E1281.27074
G1 F1183.9 X97.594 Y109.148 E1281.28101
G1 F1331.9 X106.456 Y109.152 E1281.57576
G1 X106.456 Y108.136 E1281.60955
G1 X96.857 Y108.137 E1281.92882
G1 X96.857 Y108.668 E1281.94648
G1 F1183.9 X96.906 Y109.348 E1281.97199
G1 F1061.3 X96.908 Y131.523 E1282.8976
G1 F977.6 X96.949 Y131.85 E1282.91254
G1 F910.7 X96.949 Y132.143 E1282.92679
G1 X97.242 Y132.143 E1282.94104
G1 F983 X97.656 Y132.186 E1282.9598
G1 F1063.4 X111.433 Y132.185 E1283.53373
G1 F2400 E1282.73373
;MESH:NONMESH
G0 F300 X111.433 Y132.185 Z16.8
G0 F15000 X111.433 Y131.927
G0 X97.219 Y131.875
G0 X97.219 Y108.913
G0 X97.388 Y108.868
;TIME_ELAPSED:1800.952783
;LAYER:83
;note -- min layer time used
;TYPE:WALL-INNER
;MESH:Camera mount.stl(1)
G1 F2400 E1283.53373
G1 F825.1 X97.534 Y108.847 E1283.54161
G1 F855.7 X105.948 Y108.844 E1283.97538
G1 F2400 E1283.17538
G0 F15000 X97.219 Y109.113
G0 X97.219 Y131.875
G0 X126.095 Y131.875
G0 X126.095 Y109.114
G0 X117.364 Y108.844
G1 F2400 E1283.97538
G1 F861.3 X125.656 Y108.844 E1284.4001
G1 F827.7 X125.923 Y108.869 E1284.4144
G1 F2400 E1283.6144
G0 F15000 X126.095 Y109.114
G0 X126.095 Y131.875
G0 X111.433 Y131.927
G0 X111.433 Y132.185
;TYPE:WALL-OUTER
G1 F2400 E1284.4144
G1 F1052.7 X125.743 Y132.184 E1285.0141
G1 F971.7 X126.07 Y132.143 E1285.02906
G1 F905.4 X126.363 Y132.143 E1285.04334
G1 X126.363 Y131.85 E1285.05761
G1 F975.3 X126.405 Y131.523 E1285.07253
G1 F1056.9 X126.406 Y109.552 E1285.98963
G1 F1179 X126.456 Y108.869 E1286.01525
G1 F1326.4 X126.456 Y108.336 E1286.03298
G1 X116.856 Y108.336 E1286.35228
G1 X116.856 Y109.352 E1286.38607
G1 X125.717 Y109.352 E1286.68079
G1 F1179 X125.906 Y109.552 E1286.69108
G1 F1056.9 X125.905 Y131.48 E1287.60639
G1 F975.3 X125.863 Y131.643 E1287.614
G1 F971.7 X125.7 Y131.685 E1287.62165
G1 F1056.9 X97.656 Y131.686 E1288.79224
G1 F978.9 X97.449 Y131.643 E1288.80177
G1 F973.5 X97.407 Y131.48 E1288.8094
G1 F1056.9 X97.406 Y109.548 E1289.72487
G1 F1179 X97.594 Y109.348 E1289.73515
G1 F1326.4 X106.456 Y109.352 E1290.0299
G1 X106.456 Y108.336 E1290.06369
G1 X96.857 Y108.337 E1290.38295
G1 X96.857 Y108.868 E1290.40061
G1 F1179 X96.906 Y109.548 E1290.42612
G1 F1056.9 X96.908 Y131.523 E1291.34339
G1 F973.5 X96.949 Y131.85 E1291.35833
G1 F906.9 X96.949 Y132.143 E1291.37258
G1 X97.242 Y132.143 E1291.38683
G1 F978.9 X97.656 Y132.186 E1291.40559
G1 F1059 X111.433 Y132.185 E1291.97952
G1 F2400 E1291.17952
;MESH:NONMESH
G0 F300 X111.433 Y132.185 Z17
G0 F15000 X111.433 Y131.927
G0 X101.298 Y131.867
G0 X101.298 Y130.772
G0 X101.298 Y112.296
;TIME_ELAPSED:1816.261493
;LAYER:84
;note -- min layer time used
;TYPE:WALL-OUTER
;MESH:Camera mount.stl(1)
G1 F2400 E1291.97952
G1 F941.4 X101.162 Y112.291 E1291.98599
G1 F968.5 X100.859 Y112.314 E1292.00004
G1 F2400 E1291.20004
G0 F15000 X100.859 Y113.245
G0 X122.298 Y113.245
G0 X122.298 Y112.296
G1 F2400 E1292.00004
G1 F941.4 X122.162 Y112.291 E1292.00651
G1 F968.5 X121.859 Y112.314 E1292.02056
G1 F2400 E1291.22056
G0 F15000 X121.716 Y111.396
G0 X121.859 Y110.417
G0 X125.923 Y109.069
;TYPE:WALL-INNER
G1 F2400 E1292.02056
G1 F840.1 X125.656 Y109.044 E1292.03485
G1 F874.2 X117.364 Y109.044 E1292.45957
G1 F2400 E1291.65957
G0 F15000 X126.095 Y109.314
G0 X126.095 Y131.875
G0 X97.219 Y131.875
G0 X97.219 Y109.313
G0 X105.948 Y109.044
G1 F2400 E1292.45957
G1 F868.5 X97.534 Y109.047 E1292.89334
G1 F837.5 X97.388 Y109.068 E1292.90123
G1 F2400 E1292.10123
G0 F15000 X97.219 Y109.313
G0 X97.219 Y131.875
G0 X111.433 Y131.927
G0 X111.433 Y132.185
;TYPE:WALL-OUTER
G1 F2400 E1292.90123
G1 F1068.4 X125.743 Y132.184 E1293.50093
G1 F986.3 X126.07 Y132.143 E1293.51589
G1 F918.9 X126.363 Y132.143 E1293.53017
G1 X126.363 Y131.85 E1293.54445
G1 F989.9 X126.405 Y131.523 E1293.55936
G1 F1072.7 X126.406 Y109.752 E1294.46811
G1 F1196.7 X126.456 Y109.069 E1294.49374
G1 F1346.2 X126.456 Y108.536 E1294.51146
G1 X116.856 Y108.536 E1294.83076
G1 X116.856 Y109.552 E1294.86455
G1 X125.717 Y109.552 E1295.15927
G1 F1196.7 X125.906 Y109.752 E1295.16957
G1 F1072.7 X125.905 Y131.48 E1296.07653
G1 F989.9 X125.863 Y131.643 E1296.08414
G1 F986.3 X125.7 Y131.685 E1296.09178
G1 F1072.7 X97.656 Y131.686 E1297.26238
G1 F993.5 X97.449 Y131.643 E1297.27191
G1 F988.1 X97.407 Y131.48 E1297.27954
G1 F1072.7 X97.406 Y109.748 E1298.18666
G1 F1196.7 X97.594 Y109.548 E1298.19693
G1 F1346.2 X106.456 Y109.552 E1298.49168
G1 X106.456 Y108.536 E1298.52548
G1 X96.857 Y108.537 E1298.84474
G1 X96.857 Y109.068 E1298.8624
G1 F1196.7 X96.906 Y109.748 E1298.88791
G1 F1072.7 X96.908 Y131.523 E1299.79683
G1 F988.1 X96.949 Y131.85 E1299.81177
G1 F920.5 X96.949 Y132.143 E1299.82602
G1 X97.242 Y132.143 E1299.84027
G1 F993.5 X97.656 Y132.186 E1299.85903
G1 F1074.8 X111.433 Y132.185 E1300.43296
G1 F2400 E1299.63296
;MESH:NONMESH
G0 F300 X111.433 Y132.185 Z17.2
G0 F15000 X111.433 Y131.927
G0 X101.928 Y131.867
G0 X101.928 Y130.772
G0 X101.928 Y113.245
G0 X101.928 Y112.468
;TIME_ELAPSED:1832.467669
;LAYER:85
;note -- min layer time used
;TYPE:WALL-OUTER
;MESH:Camera mount.stl(1)
G1 F2400 E1300.43296
G1 F850.4 X101.621 Y112.251 E1300.45284
G1 F797.7 X101.294 Y112.166 E1300.47189
G1 F765 X101.019 Y112.166 E1300.48805
G1 F780.4 X100.74 Y112.239 E1300.50467
G1 F821.9 X100.468 Y112.394 E1300.5218
G1 F859.8 X100.383 Y112.47 E1300.52776
G1 F2400 E1299.72776
G0 F15000 X100.986 Y113.235
G0 X101.59 Y113.443
G0 X121.725 Y113.442
G0 X122.328 Y113.235
G0 X122.928 Y112.468
G1 F2400 E1300.52776
G1 F850.4 X122.621 Y112.251 E1300.54764
G1 F797.7 X122.294 Y112.166 E1300.56669
G1 F765 X122.019 Y112.166 E1300.58286
G1 F780.4 X121.74 Y112.239 E1300.59948
G1 F820.7 X121.46 Y112.398 E1300.61712
G1 F857.1 X121.383 Y112.469 E1300.62262
G1 F2400 E1299.82262
G0 F15000 X120.837 Y111.634
G0 X121.383 Y110.617
G0 X117.364 Y109.244
;TYPE:WALL-INNER
G1 F2400 E1300.62262
G1 F878 X125.656 Y109.244 E1301.04734
G1 F843.7 X125.923 Y109.269 E1301.06163
G1 F2400 E1300.26163
G0 F15000 X126.095 Y109.514
G0 X126.095 Y131.875
G0 X97.219 Y131.875
G0 X97.219 Y109.513
G0 X105.948 Y109.244
G1 F2400 E1301.06163
G1 F872.3 X97.534 Y109.247 E1301.4954
G1 F841.1 X97.388 Y109.268 E1301.50328
G1 F2400 E1300.70328
G0 F15000 X97.219 Y109.513
G0 X97.219 Y131.875
G0 X111.433 Y131.927
G0 X111.433 Y132.185
;TYPE:WALL-OUTER
G1 F2400 E1301.50328
G1 F1073.1 X125.743 Y132.184 E1302.10299
G1 F990.5 X126.07 Y132.143 E1302.11795
G1 F922.9 X126.363 Y132.143 E1302.13222
G1 X126.363 Y131.85 E1302.1465
G1 F994.2 X126.405 Y131.523 E1302.16141
G1 F1077.4 X126.406 Y109.952 E1303.06182
G1 F1201.9 X126.456 Y109.269 E1303.08744
G1 F1352.1 X126.456 Y108.736 E1303.10517
G1 X116.856 Y108.736 E1303.42447
G1 X116.856 Y109.752 E1303.45826
G1 X125.717 Y109.752 E1303.75298
G1 F1201.9 X125.906 Y109.952 E1303.76328
G1 F1077.4 X125.905 Y131.48 E1304.66189
G1 F994.2 X125.863 Y131.643 E1304.6695
G1 F990.5 X125.7 Y131.685 E1304.67714
G1 F1077.4 X97.656 Y131.686 E1305.84774
G1 F997.9 X97.449 Y131.643 E1305.85727
G1 F992.4 X97.407 Y131.48 E1305.8649
G1 F1077.4 X97.406 Y109.948 E1306.76367
G1 F1201.9 X97.594 Y109.748 E1306.77394
G1 F1352.1 X106.456 Y109.752 E1307.06869
G1 X106.456 Y108.736 E1307.10249
G1 X96.857 Y108.737 E1307.42175
G1 X96.857 Y109.268 E1307.43941
G1 F1201.9 X96.906 Y109.948 E1307.46492
G1 F1077.4 X96.908 Y131.523 E1308.36549
G1 F992.4 X96.949 Y131.85 E1308.38043
G1 F924.5 X96.949 Y132.143 E1308.39468
G1 X97.242 Y132.143 E1308.40893
G1 F997.9 X97.656 Y132.186 E1308.42769
G1 F1079.5 X111.433 Y132.185 E1309.00162
G1 F2400 E1308.20162
;MESH:NONMESH
G0 F300 X111.433 Y132.185 Z17.4
G0 F15000 X111.433 Y131.927
G0 X102.296 Y131.867
G0 X102.296 Y130.772
G0 X102.298 Y113.444
G0 X102.296 Y112.691
;TIME_ELAPSED:1848.519412
;LAYER:86
;note -- min layer time used
;TYPE:WALL-OUTER
;MESH:Camera mount.stl(1)
G1 F2400 E1309.00162
G1 F945.3 X102.222 Y112.592 E1309.00754
G1 F901.5 X101.925 Y112.242 E1309.03059
G1 F831.3 X101.567 Y112.038 E1309.05303
G1 F786.8 X101.293 Y111.966 E1309.06933
G1 F770.1 X101.019 Y111.966 E1309.08544
G1 F785.7 X100.741 Y112.038 E1309.10199
G1 F828.7 X100.466 Y112.194 E1309.11926
G1 F881 X100.193 Y112.458 E1309.13878
G1 F942 X100.022 Y112.702 E1309.1531
G1 F2400 E1308.3531
G0 F15000 X100.827 Y113.196
G0 X101.776 Y113.642
G0 X121.54 Y113.64
G0 X122.489 Y113.198
G0 X123.296 Y112.691
G1 F2400 E1309.1531
G1 F945.3 X123.222 Y112.592 E1309.15902
G1 F901.5 X122.925 Y112.242 E1309.18207
G1 F831.3 X122.567 Y112.038 E1309.20451
G1 F796 X122.209 Y111.947 E1309.22552
G1 F784.6 X121.883 Y111.993 E1309.24452
G1 F796 X121.603 Y112.11 E1309.26178
G1 F864.3 X121.343 Y112.286 E1309.27823
G1 F938.8 X121.067 Y112.617 E1309.29901
G1 F946.9 X121.016 Y112.691 E1309.30331
G1 F2400 E1308.50331
G0 F15000 X120.256 Y112.12
G0 X121.016 Y110.817
G0 X117.364 Y109.444
;TYPE:WALL-INNER
G1 F2400 E1309.30331
G1 F883.9 X125.656 Y109.444 E1309.72803
G1 F849.4 X125.923 Y109.469 E1309.74232
G1 F2400 E1308.94232
G0 F15000 X126.095 Y109.714
G0 X126.095 Y131.875
G0 X97.219 Y131.875
G0 X97.219 Y109.713
G0 X105.948 Y109.444
G1 F2400 E1309.74232
G1 F878.2 X97.534 Y109.447 E1310.17609
G1 F846.8 X97.388 Y109.468 E1310.18398
G1 F2400 E1309.38398
G0 F15000 X97.219 Y109.713
G0 X97.219 Y131.875
G0 X111.433 Y131.927
G0 X111.433 Y132.185
;TYPE:WALL-OUTER
G1 F2400 E1310.18398
G1 F1080.3 X125.743 Y132.184 E1310.78368
G1 F997.2 X126.07 Y132.143 E1310.79864
G1 F929.1 X126.363 Y132.143 E1310.81292
G1 X126.363 Y131.85 E1310.82719
G1 F1000.9 X126.405 Y131.523 E1310.84211
G1 F1084.6 X126.406 Y110.152 E1311.73416
G1 F1210 X126.456 Y109.469 E1311.75979
G1 F1361.2 X126.456 Y108.936 E1311.77752
G1 X116.856 Y108.936 E1312.09681
G1 X116.856 Y109.952 E1312.1306
G1 X125.717 Y109.952 E1312.42532
G1 F1210 X125.906 Y110.152 E1312.43562
G1 F1084.6 X125.905 Y131.48 E1313.32588
G1 F1000.9 X125.863 Y131.643 E1313.3335
G1 F997.2 X125.7 Y131.685 E1313.34114
G1 F1084.6 X97.656 Y131.686 E1314.51173
G1 F1004.6 X97.449 Y131.643 E1314.52126
G1 F999 X97.407 Y131.48 E1314.52889
G1 F1084.6 X97.406 Y110.148 E1315.41932
G1 F1210 X97.594 Y109.948 E1315.42959
G1 F1361.2 X106.456 Y109.952 E1315.72434
G1 X106.456 Y108.936 E1315.75813
G1 X96.857 Y108.937 E1316.0774
G1 X96.857 Y109.468 E1316.09506
G1 F1210 X96.906 Y110.148 E1316.12057
G1 F1084.6 X96.908 Y131.523 E1317.01279
G1 F999 X96.949 Y131.85 E1317.02773
G1 F930.7 X96.949 Y132.143 E1317.04198
G1 X97.242 Y132.143 E1317.05623
G1 F1004.6 X97.656 Y132.186 E1317.07499
G1 F1086.8 X111.433 Y132.185 E1317.64892
G1 F2400 E1316.84892
;MESH:NONMESH
G0 F300 X111.433 Y132.185 Z17.6
G0 F15000 X111.433 Y131.927
G0 X102.488 Y131.867
G0 X102.488 Y130.772
G0 X102.49 Y113.645
G0 X102.488 Y112.913
;TIME_ELAPSED:1864.629613
;LAYER:87
;note -- min layer time used
;TYPE:WALL-OUTER
;MESH:Camera mount.stl(1)
G1 F2400 E1317.64892
G1 F1028.3 X102.437 Y112.775 E1317.65543
G1 F991.1 X102.253 Y112.429 E1317.67341
G1 F932 X101.911 Y112.032 E1317.69899
G1 F853.5 X101.567 Y111.838 E1317.72004
G1 F790.6 X101.293 Y111.766 E1317.73634
G1 F773.8 X101.019 Y111.766 E1317.75245
G1 F789.4 X100.739 Y111.839 E1317.76912
G1 F830.2 X100.467 Y111.994 E1317.78628
G1 F882.4 X100.18 Y112.274 E1317.80695
G1 F932 X100.017 Y112.497 E1317.82043
G1 F985.7 X99.874 Y112.774 E1317.83481
G1 F1026.4 X99.824 Y112.915 E1317.84145
G1 F2400 E1317.04145
G0 F15000 X100.723 Y113.17
G0 X101.853 Y113.839
G0 X121.463 Y113.837
G0 X122.593 Y113.173
G0 X123.488 Y112.913
G1 F2400 E1317.84145
G1 F1028.3 X123.437 Y112.775 E1317.84795
G1 F991.1 X123.253 Y112.429 E1317.86594
G1 F932 X122.911 Y112.032 E1317.89152
G1 F853.5 X122.567 Y111.838 E1317.91257
G1 F790.6 X122.293 Y111.766 E1317.92887
G1 F773.8 X122.019 Y111.766 E1317.94497
G1 F789.4 X121.739 Y111.839 E1317.96165
G1 F830.2 X121.459 Y111.998 E1317.97929
G1 F876.7 X121.104 Y112.346 E1318.00509
G1 F956.4 X120.873 Y112.774 E1318.02822
G1 F1024.5 X120.824 Y112.914 E1318.0348
G1 F2400 E1317.2348
G0 F15000 X119.989 Y112.481
G0 X120.093 Y112.237
G0 X120.824 Y111.017
G0 X117.364 Y109.644
;TYPE:WALL-INNER
G1 F2400 E1318.0348
G1 F888.1 X125.656 Y109.644 E1318.45953
G1 F853.5 X125.923 Y109.669 E1318.47382
G1 F2400 E1317.67382
G0 F15000 X126.095 Y109.914
G0 X126.095 Y131.875
G0 X97.219 Y131.875
G0 X97.219 Y109.913
G0 X105.948 Y109.644
G1 F2400 E1318.47382
G1 F882.4 X97.534 Y109.647 E1318.90759
G1 F850.8 X97.388 Y109.668 E1318.91547
G1 F2400 E1318.11547
G0 F15000 X97.219 Y109.913
G0 X97.219 Y131.875
G0 X111.433 Y131.927
G0 X111.433 Y132.185
;TYPE:WALL-OUTER
G1 F2400 E1318.91547
G1 F1085.5 X125.743 Y132.184 E1319.51517
G1 F1002 X126.07 Y132.143 E1319.53014
G1 F933.6 X126.363 Y132.143 E1319.54441
G1 X126.363 Y131.85 E1319.55869
G1 F1005.7 X126.405 Y131.523 E1319.5736
G1 F1089.8 X126.406 Y110.352 E1320.45731
G1 F1215.7 X126.456 Y109.669 E1320.48294
G1 F1367.7 X126.456 Y109.136 E1320.50066
G1 X116.856 Y109.136 E1320.81996
G1 X116.856 Y110.152 E1320.85375
G1 X125.717 Y110.152 E1321.14847
G1 F1215.7 X125.906 Y110.352 E1321.15877
G1 F1089.8 X125.905 Y131.48 E1322.04068
G1 F1005.7 X125.863 Y131.643 E1322.0483
G1 F1002 X125.7 Y131.685 E1322.05594
G1 F1089.8 X97.656 Y131.686 E1323.22653
G1 F1009.4 X97.449 Y131.643 E1323.23606
G1 F1003.8 X97.407 Y131.48 E1323.24369
G1 F1089.8 X97.406 Y110.348 E1324.12577
G1 F1215.7 X97.594 Y110.148 E1324.13604
G1 F1367.7 X106.456 Y110.152 E1324.43079
G1 X106.456 Y109.136 E1324.46459
G1 X96.857 Y109.137 E1324.78385
G1 X96.857 Y109.668 E1324.80151
G1 F1215.7 X96.906 Y110.348 E1324.82702
G1 F1089.8 X96.908 Y131.523 E1325.7109
G1 F1003.8 X96.949 Y131.85 E1325.72583
G1 F935.2 X96.949 Y132.143 E1325.74008
G1 X97.242 Y132.143 E1325.75434
G1 F1009.4 X97.656 Y132.186 E1325.77309
G1 F1092 X111.433 Y132.185 E1326.34702
G1 F2400 E1325.54702
;MESH:NONMESH
G0 F300 X111.433 Y132.185 Z17.8
G0 F15000 X111.433 Y131.927
G0 X102.599 Y131.867
G0 X102.599 Y130.772
G0 X102.601 Y113.845
G0 X102.599 Y113.121
;TIME_ELAPSED:1880.782871
;LAYER:88
;note -- min layer time used
;TYPE:WALL-OUTER
;MESH:Camera mount.stl(1)
G1 F2400 E1326.34702
G1 F1066.4 X102.557 Y112.926 E1326.35556
G1 F1044.1 X102.438 Y112.579 E1326.37161
G1 F987.8 X102.298 Y112.301 E1326.386
G1 F932.5 X102.123 Y112.064 E1326.40043
G1 F885.8 X101.85 Y111.798 E1326.42008
G1 F834.7 X101.567 Y111.638 E1326.43786
G1 F793.7 X101.293 Y111.566 E1326.45416
G1 F776.8 X101.019 Y111.566 E1326.47027
G1 F792.5 X100.739 Y111.639 E1326.48695
G1 F833.4 X100.467 Y111.794 E1326.5041
G1 F885.8 X100.18 Y112.074 E1326.52477
G1 F935.6 X100.017 Y112.297 E1326.53825
G1 F989.6 X99.869 Y112.59 E1326.5534
G1 F1046.1 X99.755 Y112.926 E1326.56889
G1 F1070.6 X99.713 Y113.123 E1326.57748
G1 F2400 E1325.77748
G0 F15000 X100.637 Y113.202
G0 X101.852 Y114.037
G0 X121.464 Y114.035
G0 X122.697 Y113.3
G0 X123.599 Y113.121
G1 F2400 E1326.57748
G1 F1066.4 X123.557 Y112.926 E1326.58603
G1 F1044.1 X123.438 Y112.579 E1326.60207
G1 F987.8 X123.298 Y112.301 E1326.61646
G1 F932.5 X123.123 Y112.064 E1326.63089
G1 F885.8 X122.85 Y111.798 E1326.65054
G1 F834.7 X122.567 Y111.638 E1326.66833
G1 F793.7 X122.293 Y111.566 E1326.68463
G1 F776.8 X122.019 Y111.566 E1326.70073
G1 F792.5 X121.739 Y111.639 E1326.71741
G1 F833.4 X121.459 Y111.798 E1326.73505
G1 F884.4 X121.189 Y112.063 E1326.75459
G1 F932.5 X121.014 Y112.301 E1326.76906
G1 F966.9 X120.837 Y112.653 E1326.78766
G1 F1024.7 X120.755 Y112.926 E1326.80037
G1 F1070.6 X120.713 Y113.123 E1326.80896
G1 F2400 E1326.00896
G0 F15000 X119.891 Y112.579
G0 X120.172 Y111.85
G0 X120.32 Y111.632
G0 X120.713 Y111.217
G0 X117.364 Y109.844
;TYPE:WALL-INNER
G1 F2400 E1326.80896
G1 F891.6 X125.656 Y109.844 E1327.23368
G1 F856.8 X125.923 Y109.869 E1327.24797
G1 F2400 E1326.44797
G0 F15000 X126.095 Y110.114
G0 X126.095 Y131.875
G0 X97.219 Y131.875
G0 X97.219 Y110.113
G0 X105.948 Y109.844
G1 F2400 E1327.24797
G1 F885.8 X97.534 Y109.847 E1327.68174
G1 F854.1 X97.388 Y109.868 E1327.68963
G1 F2400 E1326.88963
G0 F15000 X97.219 Y110.113
G0 X97.219 Y131.875
G0 X111.433 Y131.927
G0 X111.433 Y132.185
;TYPE:WALL-OUTER
G1 F2400 E1327.68963
G1 F1089.7 X125.743 Y132.184 E1328.28933
G1 F1005.9 X126.07 Y132.143 E1328.30429
G1 F937.2 X126.363 Y132.143 E1328.31857
G1 X126.363 Y131.85 E1328.33285
G1 F1009.6 X126.405 Y131.523 E1328.34776
G1 F1094.1 X126.406 Y110.552 E1329.22312
G1 F1220.5 X126.456 Y109.869 E1329.24874
G1 F1373 X126.456 Y109.336 E1329.26647
G1 X116.856 Y109.336 E1329.58577
G1 X116.856 Y110.352 E1329.61956
G1 X125.717 Y110.352 E1329.91428
G1 F1220.5 X125.906 Y110.552 E1329.92458
G1 F1094.1 X125.905 Y131.48 E1330.79814
G1 F1009.6 X125.863 Y131.643 E1330.80575
G1 F1005.9 X125.7 Y131.685 E1330.8134
G1 F1094.1 X97.656 Y131.686 E1331.98399
G1 F1013.3 X97.449 Y131.643 E1331.99352
G1 F1007.7 X97.407 Y131.48 E1332.00115
G1 F1094.1 X97.406 Y110.548 E1332.87488
G1 F1220.5 X97.594 Y110.348 E1332.88515
G1 F1373 X106.456 Y110.352 E1333.1799
G1 X106.456 Y109.336 E1333.2137
G1 X96.857 Y109.337 E1333.53296
G1 X96.857 Y109.868 E1333.55062
G1 F1220.5 X96.906 Y110.548 E1333.57613
G1 F1094.1 X96.908 Y131.523 E1334.45166
G1 F1007.7 X96.949 Y131.85 E1334.46659
G1 F938.8 X96.949 Y132.143 E1334.48085
G1 X97.242 Y132.143 E1334.4951
G1 F1013.3 X97.656 Y132.186 E1334.51386
G1 F1096.2 X111.433 Y132.185 E1335.08778
G1 F2400 E1334.28778
;MESH:NONMESH
G0 F300 X111.433 Y132.185 Z18
G0 F15000 X111.433 Y131.927
G0 X102.647 Y131.867
G0 X102.647 Y130.772
G0 X102.649 Y114.045
G0 X102.647 Y113.327
;TIME_ELAPSED:1896.963920
;LAYER:89
;note -- min layer time used
;TYPE:WALL-OUTER
;MESH:Camera mount.stl(1)
G1 F2400 E1335.08778
G1 F1082.9 X102.603 Y112.877 E1335.10692
G1 F1053.9 X102.443 Y112.39 E1335.12921
G1 F1013.2 X102.278 Y112.061 E1335.14586
G1 F953.6 X102.123 Y111.863 E1335.15795
G1 F890.5 X101.831 Y111.568 E1335.17931
G1 F827.6 X101.428 Y111.393 E1335.20364
G1 F796.5 X101.109 Y111.345 E1335.2222
G1 F805.8 X100.745 Y111.437 E1335.24356
G1 F836.4 X100.467 Y111.594 E1335.26105
G1 F889 X100.18 Y111.874 E1335.28172
G1 F939 X100.017 Y112.097 E1335.2952
G1 F993.1 X99.869 Y112.39 E1335.31035
G1 F1034.1 X99.783 Y112.628 E1335.32157
G1 F1049.9 X99.698 Y112.987 E1335.33767
G1 F1076.6 X99.665 Y113.325 E1335.35213
G1 F2400 E1334.55213
G0 F15000 X100.582 Y113.357
G0 X101.775 Y114.233
G0 X121.539 Y114.232
G0 X122.733 Y113.36
G0 X123.647 Y113.327
G1 F2400 E1335.35213
G1 F1082.9 X123.603 Y112.877 E1335.37127
G1 F1053.9 X123.443 Y112.39 E1335.39356
G1 F1013.2 X123.278 Y112.061 E1335.41021
G1 F953.6 X123.123 Y111.863 E1335.42229
G1 F890.5 X122.831 Y111.568 E1335.44366
G1 F827.6 X122.428 Y111.393 E1335.46799
G1 F796.5 X122.108 Y111.345 E1335.48661
G1 F808.2 X121.74 Y111.44 E1335.50816
G1 F837.7 X121.459 Y111.598 E1335.5258
G1 F887.6 X121.189 Y111.863 E1335.54533
G1 F937.4 X121.014 Y112.101 E1335.55978
G1 F993.1 X120.869 Y112.39 E1335.5747
G1 F1034.1 X120.783 Y112.628 E1335.58591
G1 F1049.9 X120.698 Y112.987 E1335.60202
G1 F1076.6 X120.665 Y113.325 E1335.61648
G1 F2400 E1334.81648
G0 F15000 X119.77 Y112.998
G0 X119.989 Y112.082
G0 X120.093 Y111.837
G0 X120.369 Y111.395
G0 X117.364 Y110.044
;TYPE:WALL-INNER
G1 F2400 E1335.61648
G1 F894.8 X125.656 Y110.044 E1336.0412
G1 F859.9 X125.923 Y110.069 E1336.05549
G1 F2400 E1335.25549
G0 F15000 X126.095 Y110.314
G0 X126.095 Y131.875
G0 X97.219 Y131.875
G0 X97.219 Y110.313
G0 X105.95 Y110.042
G1 F2400 E1336.05549
G1 F891.9 X97.534 Y110.047 E1336.48796
G1 F857.2 X97.388 Y110.068 E1336.49585
G1 F2400 E1335.69585
G0 F15000 X97.219 Y110.313
G0 X97.219 Y131.875
G0 X111.433 Y131.927
G0 X111.433 Y132.185
;TYPE:WALL-OUTER
G1 F2400 E1336.49585
G1 F1093.6 X125.743 Y132.184 E1337.09555
G1 F1009.5 X126.07 Y132.143 E1337.11051
G1 F940.6 X126.363 Y132.143 E1337.12479
G1 X126.363 Y131.85 E1337.13907
G1 F1013.2 X126.405 Y131.523 E1337.15398
G1 F1098 X126.406 Y110.752 E1338.02099
G1 F1224.9 X126.456 Y110.069 E1338.04661
G1 F1378 X126.456 Y109.536 E1338.06434
G1 X116.856 Y109.536 E1338.38364
G1 X116.856 Y110.552 E1338.41743
G1 X125.717 Y110.552 E1338.71215
G1 F1224.9 X125.906 Y110.752 E1338.72245
G1 F1098 X125.905 Y131.48 E1339.58766
G1 F1013.2 X125.863 Y131.643 E1339.59528
G1 F1009.5 X125.7 Y131.685 E1339.60292
G1 F1098 X97.656 Y131.686 E1340.77352
G1 F1017 X97.449 Y131.643 E1340.78305
G1 F1011.4 X97.407 Y131.48 E1340.79067
G1 F1098 X97.406 Y110.748 E1341.65606
G1 F1224.9 X97.591 Y110.551 E1341.66617
G1 F1378 X106.456 Y110.548 E1341.96102
G1 X106.456 Y109.536 E1341.99468
G1 X96.857 Y109.537 E1342.31394
G1 X96.857 Y110.068 E1342.33161
G1 F1224.9 X96.906 Y110.748 E1342.35712
G1 F1098 X96.908 Y131.523 E1343.22429
G1 F1011.4 X96.949 Y131.85 E1343.23923
G1 F942.2 X96.949 Y132.143 E1343.25348
G1 X97.242 Y132.143 E1343.26773
G1 F1017 X97.656 Y132.186 E1343.28649
G1 F1100.2 X111.433 Y132.185 E1343.86042
G1 F2400 E1343.06042
;MESH:NONMESH
G0 F300 X111.433 Y132.185 Z18.2
G0 F15000 X111.433 Y131.927
G0 X97.219 Y131.875
G0 X97.219 Y110.313
G0 X97.388 Y110.268
;TIME_ELAPSED:1913.277483
;LAYER:90
;note -- min layer time used
;TYPE:WALL-INNER
;MESH:Camera mount.stl(1)
G1 F2400 E1343.86042
G1 F930.5 X97.534 Y110.247 E1343.8683
G1 F965.1 X100.177 Y110.244 E1344.00456
G0 F15000 X100.801 Y110.649
G1 F1021.1 X100.874 Y110.845 E1344.01475
G1 X101.091 Y110.813 E1344.02544
G1 X101.436 Y110.844 E1344.04232
G1 F1019.3 X101.512 Y110.65 E1344.05249
G1 F984.1 X102.013 Y110.249 E1344.08493
G1 F987.4 X101.156 Y110.228 E1344.12813
G1 F997.2 X100.177 Y110.244 E1344.17697
G1 F995.6 X100.801 Y110.649 E1344.21415
G0 F15000 X101.16 Y110.397
G0 X102.013 Y110.249
G1 F962 X105.948 Y110.244 E1344.41767
G1 F2400 E1343.61767
G0 F15000 X97.095 Y109.975
G0 X97.095 Y131.999
G0 X126.219 Y131.999
G0 X126.219 Y109.975
G0 X117.364 Y110.244
G1 F2400 E1344.41767
G1 F971.3 X121.172 Y110.244 E1344.61272
G0 F15000 X121.796 Y110.65
G1 F1019.3 X121.872 Y110.845 E1344.62293
G1 X122.221 Y110.814 E1344.64003
G1 X122.436 Y110.844 E1344.65063
G1 X122.512 Y110.65 E1344.6608
G1 F984.1 X123.013 Y110.249 E1344.69324
G1 F987.4 X122.156 Y110.228 E1344.73644
G1 F997.2 X121.172 Y110.244 E1344.78553
G1 F993.9 X121.796 Y110.65 E1344.8228
G0 F15000 X122.159 Y110.397
G0 X123.013 Y110.249
G1 F962 X125.656 Y110.244 E1344.95949
G1 F933.4 X125.923 Y110.269 E1344.97379
G1 F2400 E1344.17379
G0 F15000 X122.496 Y110.511
G0 X122.283 Y111.082
G0 X122.879 Y111.423
;TYPE:WALL-OUTER
G1 F2400 E1344.97379
G1 F965.1 X123.046 Y111.568 E1344.98519
G1 F980.9 X123.274 Y111.852 E1345.00366
G1 F1055.3 X123.443 Y112.19 E1345.02148
G1 F1141.9 X123.567 Y112.567 E1345.03877
G1 F1177.8 X123.635 Y112.94 E1345.05479
G1 F1180.2 X123.656 Y113.269 E1345.06868
G1 F1177.8 X123.64 Y113.526 E1345.07956
G1 F2400 E1344.27956
G0 F15000 X122.73 Y113.415
G0 X121.583 Y113.469
G0 X120.67 Y113.527
G1 F2400 E1345.07956
G1 F1187.2 X120.655 Y113.273 E1345.09022
G1 F1175.5 X120.68 Y112.869 E1345.10735
G1 F1164.1 X120.754 Y112.526 E1345.12235
G1 F1137.5 X120.873 Y112.18 E1345.13835
G1 F1099.9 X121.034 Y111.861 E1345.15452
G1 F1017.6 X121.274 Y111.558 E1345.17342
G1 F963.5 X121.432 Y111.421 E1345.18421
G1 F2400 E1344.38421
G0 F15000 X122.039 Y111.083
G0 X121.822 Y110.511
G0 X117.137 Y110.473
G0 X116.7 Y110.697
G1 F2400 E1345.18421
G1 F1170.9 X106.656 Y110.698 E1345.61098
G1 F2400 E1344.81098
G0 F15000 X106.177 Y110.473
G0 X101.496 Y110.511
G0 X101.283 Y111.082
G0 X101.879 Y111.423
G1 F2400 E1345.61098
G1 F965.1 X102.046 Y111.568 E1345.62238
G1 F980.9 X102.274 Y111.852 E1345.64086
G1 F1055.3 X102.443 Y112.19 E1345.65867
G1 F1141.9 X102.567 Y112.567 E1345.67597
G1 F1177.8 X102.635 Y112.94 E1345.69198
G1 F1180.2 X102.656 Y113.269 E1345.70588
G1 F1177.8 X102.64 Y113.526 E1345.71676
G1 F2400 E1344.91676
G0 F15000 X101.73 Y113.415
G0 X100.583 Y113.469
G0 X99.67 Y113.527
G1 F2400 E1345.71676
G1 F1187.2 X99.655 Y113.273 E1345.72742
G1 F1175.5 X99.68 Y112.869 E1345.74455
G1 F1164.1 X99.754 Y112.526 E1345.75955
G1 F1137.5 X99.873 Y112.181 E1345.77551
G1 F1078.1 X100.015 Y111.897 E1345.79016
G1 F1024.6 X100.27 Y111.552 E1345.81099
G1 F987.4 X100.432 Y111.421 E1345.82149
G1 F2400 E1345.02149
G0 F15000 X101.039 Y111.083
G0 X100.822 Y110.511
G0 X97.219 Y110.513
G0 X97.219 Y131.875
G0 X111.433 Y131.927
G0 X111.433 Y132.185
G1 F2400 E1345.82149
G1 F1187.2 X125.743 Y132.184 E1346.42119
G1 F1095.9 X126.07 Y132.143 E1346.43615
G1 F1021.1 X126.363 Y132.143 E1346.45043
G1 X126.363 Y131.85 E1346.46471
G1 F1099.9 X126.405 Y131.523 E1346.47962
G1 F1191.9 X126.406 Y110.952 E1347.33828
G1 F1329.6 X126.456 Y110.269 E1347.36391
G1 F1495.8 X126.456 Y109.736 E1347.38164
G1 X116.856 Y109.736 E1347.70093
G1 X116.856 Y110.444 E1347.72448
G1 F1309.3 X116.7 Y110.697 E1347.73578
G1 X117.164 Y110.752 E1347.75353
G1 F1495.8 X121.172 Y110.752 E1347.88684
G1 X121.352 Y110.864 E1347.89389
G1 F1477.4 X121.457 Y111.157 E1347.90437
G1 F1161.8 X121.432 Y111.421 E1347.91573
G1 F1173.2 X121.858 Y111.346 E1347.93407
G1 F1495.8 X122.156 Y111.304 E1347.94408
G1 X122.454 Y111.346 E1347.95409
G1 F1175.5 X122.879 Y111.423 E1347.97237
G1 F1164.1 X122.851 Y111.159 E1347.98372
G1 F1477.4 X122.956 Y110.864 E1347.99426
G1 F1495.8 X123.101 Y110.755 E1348.00029
G1 X125.717 Y110.752 E1348.0873
G1 F1329.6 X125.906 Y110.952 E1348.0976
G1 F1191.9 X125.905 Y131.48 E1348.95447
G1 F1099.9 X125.863 Y131.643 E1348.96208
G1 F1095.9 X125.7 Y131.685 E1348.96972
G1 F1191.9 X97.656 Y131.686 E1350.14032
G1 F1103.9 X97.449 Y131.643 E1350.14985
G1 F1097.9 X97.407 Y131.48 E1350.15748
G1 F1191.9 X97.406 Y110.948 E1351.01451
G1 F1329.6 X97.594 Y110.748 E1351.02478
G1 F1495.8 X100.177 Y110.752 E1351.1107
G1 X100.357 Y110.864 E1351.11775
G1 F1477.4 X100.457 Y111.157 E1351.12817
G1 F1161.8 X100.432 Y111.421 E1351.13953
G1 F1173.2 X101.137 Y111.304 E1351.16983
G1 F1495.8 X101.454 Y111.346 E1351.18047
G1 F1175.5 X101.879 Y111.423 E1351.19875
G1 F1164.1 X101.851 Y111.159 E1351.2101
G1 F1477.4 X101.956 Y110.864 E1351.22064
G1 F1495.8 X102.101 Y110.755 E1351.22667
G1 X106.148 Y110.752 E1351.36128
G1 F1317.9 X106.656 Y110.698 E1351.38056
G1 X106.456 Y110.444 E1351.39277
G1 F1495.8 X106.456 Y109.736 E1351.41632
G1 X96.857 Y109.737 E1351.73558
G1 X96.857 Y110.268 E1351.75324
G1 F1329.6 X96.906 Y110.948 E1351.77875
G1 F1191.9 X96.908 Y131.523 E1352.63758
G1 F1097.9 X96.949 Y131.85 E1352.65252
G1 F1022.8 X96.949 Y132.143 E1352.66677
G1 X97.242 Y132.143 E1352.68102
G1 F1103.9 X97.656 Y132.186 E1352.69978
G1 F1194.3 X111.433 Y132.185 E1353.27371
G1 F2400 E1352.47371
;MESH:NONMESH
G0 F300 X111.433 Y132.185 Z18.4
G0 F15000 X111.433 Y131.927
G0 X97.219 Y131.875
G0 X97.219 Y110.513
G0 X97.388 Y110.468
;TIME_ELAPSED:1931.182471
;LAYER:91
;note -- min layer time used
;TYPE:WALL-INNER
;MESH:Camera mount.stl(1)
G1 F2400 E1353.27371
G1 F931.9 X97.534 Y110.447 E1353.28159
G1 F966.5 X99.829 Y110.444 E1353.39991
G0 F15000 X100.396 Y110.883
G1 F1374.3 X100.668 Y110.761 E1353.41071
G1 F1498 X101.156 Y110.712 E1353.42703
G1 F1501.8 X101.638 Y110.762 E1353.4431
G1 F1374.3 X101.912 Y110.882 E1353.45395
G1 F1311.2 X102.004 Y110.742 E1353.46031
G1 F1105.6 X102.357 Y110.449 E1353.48099
G1 X101.831 Y110.364 E1353.505
G1 F1380.7 X101.555 Y110.342 E1353.51499
G1 F1505.6 X101.156 Y110.328 E1353.52821
G1 F1498 X100.633 Y110.346 E1353.54561
G1 F1161.3 X99.829 Y110.444 E1353.58036
G1 F1117.9 X100.305 Y110.741 E1353.60537
G1 F1314.1 X100.396 Y110.883 E1353.61176
G0 F15000 X100.697 Y110.658
G0 X101.584 Y110.502
G0 X102.357 Y110.449
G1 F963.4 X105.977 Y110.444 E1353.79899
G0 F15000 X106.219 Y110.684
G0 X117.095 Y110.684
G0 X117.335 Y110.444
G1 F972.7 X120.832 Y110.444 E1353.97811
G0 F15000 X121.399 Y110.882
G1 F1374.3 X121.667 Y110.761 E1353.98877
G1 F1498 X122.156 Y110.712 E1354.00511
G1 F1501.8 X122.638 Y110.762 E1354.02119
G1 F1374.3 X122.912 Y110.882 E1354.03203
G1 F1311.2 X123.004 Y110.742 E1354.0384
G1 F1105.6 X123.357 Y110.449 E1354.05908
G1 X122.831 Y110.364 E1354.08309
G1 F1380.7 X122.555 Y110.342 E1354.09308
G1 F1505.6 X122.156 Y110.328 E1354.10629
G1 F1498 X121.633 Y110.346 E1354.1237
G1 F1161.3 X120.832 Y110.444 E1354.15832
G1 F1117.9 X121.308 Y110.741 E1354.18333
G1 F1314.1 X121.399 Y110.882 E1354.18969
G0 F15000 X121.698 Y110.658
G0 X122.584 Y110.502
G0 X123.357 Y110.449
G1 F963.4 X125.656 Y110.444 E1354.30859
G1 F934.8 X125.923 Y110.469 E1354.32289
G1 F2400 E1353.52289
G0 F15000 X122.983 Y110.708
G0 X122.797 Y110.991
G0 X123.152 Y111.505
;TYPE:WALL-OUTER
G1 F2400 E1354.32289
G1 F1031.3 X123.292 Y111.688 E1354.33402
G1 F1075.8 X123.439 Y111.984 E1354.34932
G1 F1137 X123.556 Y112.325 E1354.36512
G1 F1156.8 X123.615 Y112.588 E1354.37673
G1 F1179.5 X123.664 Y112.952 E1354.39225
G1 F1200.8 X123.635 Y113.404 E1354.41104
G1 F1177.2 X123.579 Y113.723 E1354.42475
G1 F2400 E1353.62475
G0 F15000 X122.676 Y113.553
G0 X121.616 Y113.495
G0 X120.726 Y113.728
G1 F2400 E1354.42475
G1 F1177.2 X120.695 Y113.565 E1354.43177
G1 F1165.8 X120.653 Y113.123 E1354.45075
G1 F1170.3 X120.682 Y112.662 E1354.47041
G1 F1168 X120.754 Y112.327 E1354.48503
G1 F1141.4 X120.874 Y111.977 E1354.50118
G1 F1081.6 X121.075 Y111.605 E1354.52066
G1 F1031.3 X121.157 Y111.506 E1354.52687
G1 F2400 E1353.72687
G0 F15000 X121.516 Y110.991
G0 X102.579 Y110.742
G0 X103.347 Y111.8
G0 X103.524 Y112.518
G0 X103.544 Y113.552
G0 X102.579 Y113.723
G1 F2400 E1354.52687
G1 F1177.2 X102.635 Y113.404 E1354.54057
G1 F1200.8 X102.664 Y112.952 E1354.55937
G1 F1179.5 X102.615 Y112.588 E1354.57488
G1 F1156.8 X102.556 Y112.325 E1354.58649
G1 F1137 X102.439 Y111.984 E1354.60229
G1 F1075.8 X102.292 Y111.688 E1354.61759
G1 F1031.3 X102.152 Y111.505 E1354.62873
G1 F2400 E1353.82873
G0 F15000 X101.797 Y110.991
G0 X101.221 Y110.865
G0 X100.516 Y110.992
G0 X100.154 Y111.51
G1 F2400 E1354.62873
G1 F1029.6 X100.075 Y111.604 E1354.63467
G1 F1077.7 X99.89 Y111.942 E1354.65248
G1 F1124.2 X99.783 Y112.228 E1354.66602
G1 F1145.7 X99.682 Y112.653 E1354.68501
G1 F1165.8 X99.653 Y113.123 E1354.70514
G1 X99.695 Y113.565 E1354.72411
G1 F1177.2 X99.726 Y113.728 E1354.73114
G1 F2400 E1353.93114
G0 F15000 X99.728 Y114.645
G0 X99.726 Y130.772
G0 X111.441 Y131.686
G1 F2400 E1354.73114
G1 F1198.4 X97.656 Y131.686 E1355.30425
G1 F1105.6 X97.449 Y131.643 E1355.31378
G1 F1099.5 X97.407 Y131.48 E1355.32141
G1 F1193.6 X97.406 Y111.148 E1356.17009
G1 F1331.6 X97.594 Y110.948 E1356.18036
G1 F1498 X99.829 Y110.952 E1356.2547
G1 X99.98 Y111.021 E1356.26022
G1 X100.099 Y111.241 E1356.26854
G1 F1419.9 X100.136 Y111.276 E1356.27033
G1 F1161.3 X100.154 Y111.51 E1356.2804
G1 X100.405 Y111.344 E1356.29331
G1 F1419.9 X100.454 Y111.331 E1356.29509
G1 F1498 X100.824 Y111.154 E1356.30873
G1 X101.156 Y111.104 E1356.3199
G1 X101.484 Y111.154 E1356.33093
G1 X101.858 Y111.33 E1356.34468
G1 F1413.2 X101.907 Y111.344 E1356.34648
G1 F1161.3 X102.152 Y111.505 E1356.35906
G1 X102.172 Y111.276 E1356.36892
G1 F1413.2 X102.209 Y111.241 E1356.37071
G1 F1498 X102.328 Y111.021 E1356.37903
G1 X102.445 Y110.955 E1356.3835
G1 X105.977 Y110.952 E1356.50098
G1 F1403.3 X106.656 Y110.925 E1356.5251
G1 F1314.1 X116.735 Y110.923 E1356.90726
G1 F1396.8 X117.335 Y110.952 E1356.92869
G1 F1498 X120.832 Y110.952 E1357.045
G1 X120.984 Y111.021 E1357.05055
G1 X121.1 Y111.244 E1357.05891
G1 F1416.6 X121.136 Y111.275 E1357.06059
G1 F1159 X121.157 Y111.506 E1357.07056
G1 X121.404 Y111.343 E1357.08328
G1 F1416.6 X121.451 Y111.333 E1357.08497
G1 F1498 X121.824 Y111.154 E1357.09873
G1 X122.156 Y111.104 E1357.1099
G1 X122.484 Y111.154 E1357.12093
G1 X122.858 Y111.33 E1357.13468
G1 F1413.2 X122.907 Y111.344 E1357.13648
G1 F1161.3 X123.152 Y111.505 E1357.14906
G1 X123.172 Y111.276 E1357.15892
G1 F1413.2 X123.209 Y111.241 E1357.16071
G1 F1498 X123.328 Y111.021 E1357.16903
G1 X123.445 Y110.955 E1357.1735
G1 X125.717 Y110.952 E1357.24907
G1 F1331.6 X125.906 Y111.152 E1357.25936
G1 F1193.6 X125.905 Y131.48 E1358.10788
G1 F1101.5 X125.863 Y131.643 E1358.1155
G1 F1097.5 X125.7 Y131.685 E1358.12314
G1 F1191.3 X111.441 Y131.686 E1358.71952
G0 F15000 X111.433 Y132.185
G1 F1188.9 X125.743 Y132.184 E1359.31922
G1 F1097.5 X126.07 Y132.143 E1359.33418
G1 F1022.5 X126.363 Y132.143 E1359.34846
G1 X126.363 Y131.85 E1359.36273
G1 F1101.5 X126.405 Y131.523 E1359.37765
G1 F1193.6 X126.406 Y111.152 E1360.22796
G1 F1331.6 X126.456 Y110.469 E1360.25359
G1 F1498 X126.456 Y109.936 E1360.27131
G1 X116.856 Y109.936 E1360.59061
G1 X116.856 Y110.292 E1360.60245
G1 F1396.8 X116.696 Y110.47 E1360.61099
G1 F1314.1 X106.656 Y110.471 E1360.99167
G1 F1403.3 X106.456 Y110.294 E1361.00115
G1 F1498 X106.456 Y109.936 E1361.01306
G1 X96.857 Y109.937 E1361.33233
G1 X96.857 Y110.468 E1361.34999
G1 F1331.6 X96.906 Y111.148 E1361.3755
G1 F1193.6 X96.908 Y131.523 E1362.22598
G1 F1099.5 X96.949 Y131.85 E1362.24091
G1 F1024.3 X96.949 Y132.143 E1362.25517
G1 X97.242 Y132.143 E1362.26942
G1 F1105.6 X97.656 Y132.186 E1362.28818
G1 F1196 X111.433 Y132.185 E1362.8621
G1 F2400 E1362.0621
;MESH:NONMESH
G0 F300 X111.433 Y132.185 Z18.6
G0 F15000 X111.433 Y131.927
G0 X97.219 Y131.875
G0 X97.219 Y110.713
G0 X97.388 Y110.668
;TIME_ELAPSED:1947.428334
;LAYER:92
;note -- min layer time used
;TYPE:WALL-INNER
;MESH:Camera mount.stl(1)
G1 F2400 E1362.8621
G1 F940.5 X97.534 Y110.647 E1362.86999
G1 F975.4 X99.765 Y110.644 E1362.98501
G1 F906.7 X100.144 Y110.695 E1363.00621
G1 F898.6 X100.401 Y110.649 E1363.02082
G1 F972.3 X101.788 Y110.644 E1363.09256
G1 F909.4 X102.16 Y110.693 E1363.11331
G1 F901.3 X102.409 Y110.649 E1363.12742
G1 F972.3 X106.28 Y110.644 E1363.32762
G1 F1076.1 X106.656 Y110.698 E1363.34537
G1 F1176.6 X116.769 Y110.694 E1363.7776
G1 F1064.7 X117.032 Y110.644 E1363.79024
G1 F981.8 X120.764 Y110.644 E1363.98139
G1 F906.7 X121.144 Y110.695 E1364.00266
G1 F898.6 X121.401 Y110.649 E1364.01727
G1 F972.3 X122.788 Y110.644 E1364.089
G1 F909.4 X123.16 Y110.693 E1364.10975
G1 F901.3 X123.409 Y110.649 E1364.12386
G1 F972.3 X125.656 Y110.644 E1364.24007
G1 F943.5 X125.923 Y110.669 E1364.25437
G1 F2400 E1363.45437
G0 F15000 X123.262 Y110.842
G0 X123.262 Y111.443
;TYPE:WALL-OUTER
G1 F2400 E1364.25437
G1 F1097.6 X123.431 Y111.768 E1364.27115
G1 F1154.1 X123.556 Y112.125 E1364.28763
G1 F1167.5 X123.615 Y112.388 E1364.29924
G1 F1183.5 X123.664 Y112.752 E1364.31485
G1 F1190.5 X123.63 Y113.285 E1364.33741
G1 F1181.2 X123.538 Y113.712 E1364.356
G1 F1156.3 X123.457 Y113.911 E1364.36534
G1 F2400 E1363.56534
G0 F15000 X122.538 Y113.679
G0 X121.727 Y113.585
G0 X120.853 Y113.91
G1 F2400 E1364.36534
G1 F1149.7 X120.755 Y113.618 E1364.37882
G1 F1167.5 X120.697 Y113.36 E1364.39021
G1 F1185.8 X120.65 Y113.013 E1364.40506
G1 F1204.7 X120.676 Y112.54 E1364.42483
G1 F1183.5 X120.743 Y112.167 E1364.44093
G1 F1149.7 X120.873 Y111.777 E1364.45891
G1 F1081.9 X121.041 Y111.44 E1364.47641
G1 F2400 E1363.67641
G0 F15000 X121.041 Y110.842
G0 X102.457 Y110.942
G0 X101.502 Y112.012
G0 X101.666 Y113.408
G0 X102.457 Y113.911
G1 F2400 E1364.47641
G1 F1156.3 X102.538 Y113.712 E1364.48576
G1 F1181.2 X102.63 Y113.285 E1364.50435
G1 F1190.5 X102.664 Y112.752 E1364.52691
G1 F1183.5 X102.615 Y112.388 E1364.54252
G1 F1167.5 X102.556 Y112.125 E1364.55413
G1 F1154.1 X102.431 Y111.768 E1364.57061
G1 F1097.6 X102.262 Y111.443 E1364.58739
G1 F2400 E1363.78739
G0 F15000 X102.262 Y110.842
G0 X100.042 Y110.842
G0 X100.041 Y111.44
G1 F2400 E1364.58739
G1 F1081.9 X99.873 Y111.777 E1364.60489
G1 F1149.7 X99.743 Y112.167 E1364.62288
G1 F1183.5 X99.676 Y112.54 E1364.63898
G1 F1204.7 X99.65 Y113.013 E1364.65875
G1 F1185.8 X99.697 Y113.36 E1364.6736
G1 F1167.5 X99.755 Y113.618 E1364.68499
G1 F1149.7 X99.853 Y113.91 E1364.69846
G1 F2400 E1363.89846
G0 F15000 X99.855 Y114.845
G0 X99.853 Y130.772
G0 X111.441 Y131.686
G1 F2400 E1364.69846
G1 F1209.5 X97.656 Y131.686 E1365.27158
G1 F1115.8 X97.449 Y131.643 E1365.2811
G1 F1109.7 X97.407 Y131.48 E1365.28873
G1 F1204.7 X97.406 Y111.348 E1366.12907
G1 F1343.9 X97.594 Y111.148 E1366.13934
G1 F1511.9 X99.842 Y111.152 E1366.21411
G1 F1275.9 X100.037 Y111.37 E1366.22564
G1 F1072.3 X100.041 Y111.44 E1366.22893
G1 F1128.3 X100.456 Y111.155 E1366.25136
G1 F1292.2 X101.852 Y111.152 E1366.30569
G1 F1190.5 X102.262 Y111.443 E1366.32693
G1 F1091.6 X102.263 Y111.377 E1366.32997
G1 F1286.7 X102.452 Y111.155 E1366.34136
G1 F1511.9 X120.842 Y111.152 E1366.95301
G1 F1275.9 X121.037 Y111.37 E1366.96454
G1 F1072.3 X121.041 Y111.44 E1366.96783
G1 F1128.3 X121.456 Y111.155 E1366.99027
G1 F1292.2 X122.852 Y111.152 E1367.04459
G1 F1190.5 X123.262 Y111.443 E1367.06583
G1 F1091.6 X123.263 Y111.377 E1367.06887
G1 F1286.7 X123.452 Y111.155 E1367.08026
G1 F1511.9 X125.717 Y111.152 E1367.1556
G1 F1343.9 X125.906 Y111.352 E1367.1659
G1 F1204.7 X125.905 Y131.48 E1368.00607
G1 F1111.7 X125.863 Y131.643 E1368.01368
G1 F1107.6 X125.7 Y131.685 E1368.02132
G1 F1202.3 X111.441 Y131.686 E1368.6177
G0 F15000 X111.433 Y132.185
G1 F1199.9 X125.743 Y132.184 E1369.2174
G1 F1107.6 X126.07 Y132.143 E1369.23236
G1 F1032 X126.363 Y132.143 E1369.24664
G1 X126.363 Y131.85 E1369.26092
G1 F1111.7 X126.405 Y131.523 E1369.27583
G1 F1204.7 X126.406 Y111.352 E1370.1178
G1 F1343.9 X126.456 Y110.669 E1370.14342
G1 F1511.9 X126.456 Y110.136 E1370.16115
G1 X116.806 Y110.136 E1370.48211
G1 X116.763 Y110.214 E1370.48507
G1 X116.691 Y110.241 E1370.48763
G1 X106.656 Y110.244 E1370.82139
G1 X106.549 Y110.214 E1370.82509
G1 X106.506 Y110.136 E1370.82805
G1 X96.857 Y110.137 E1371.14898
G1 X96.857 Y110.668 E1371.16664
G1 F1343.9 X96.906 Y111.348 E1371.19215
G1 F1204.7 X96.908 Y131.523 E1372.03429
G1 F1109.7 X96.949 Y131.85 E1372.04922
G1 F1033.8 X96.949 Y132.143 E1372.06347
G1 X97.242 Y132.143 E1372.07772
G1 F1115.8 X97.656 Y132.186 E1372.09648
G1 F1207.1 X111.433 Y132.185 E1372.67041
G1 F2400 E1371.87041
;MESH:NONMESH
G0 F300 X111.433 Y132.185 Z18.8
G0 F15000 X111.433 Y131.927
G0 X97.219 Y131.875
G0 X97.219 Y110.913
G0 X97.388 Y110.868
;TIME_ELAPSED:1962.938560
;LAYER:93
;note -- min layer time used
;TYPE:WALL-INNER
;MESH:Camera mount.stl(1)
G1 F2400 E1372.67041
G1 F939.1 X97.534 Y110.847 E1372.6783
G1 F974 X99.597 Y110.844 E1372.78465
G1 F936.2 X99.882 Y110.873 E1372.80001
G1 F927.6 X100.045 Y110.849 E1372.80893
G1 F970.9 X102.144 Y110.844 E1372.91749
G1 F934.8 X102.438 Y110.875 E1372.93337
G1 F926.2 X102.609 Y110.849 E1372.94275
G1 F966.2 X111.603 Y110.846 E1373.41016
G1 F975.6 X120.597 Y110.844 E1373.87308
G1 F936.2 X120.882 Y110.873 E1373.88844
G1 F927.6 X121.045 Y110.849 E1373.89736
G1 F970.9 X123.144 Y110.844 E1374.00592
G1 F934.8 X123.438 Y110.875 E1374.0218
G1 F926.2 X123.609 Y110.849 E1374.03118
G1 F970.9 X125.656 Y110.844 E1374.13705
G1 F942.1 X125.923 Y110.869 E1374.15134
G1 F2400 E1373.35134
G0 F15000 X123.463 Y111.042
G0 X123.463 Y111.615
;TYPE:WALL-OUTER
G1 F2400 E1374.15134
G1 F1133 X123.557 Y111.927 E1374.16578
G1 F1168 X123.615 Y112.188 E1374.17728
G1 F1188.7 X123.664 Y112.552 E1374.19279
G1 F1210.2 X123.635 Y113.003 E1374.21154
G1 F1193.4 X123.567 Y113.38 E1374.22766
G1 F1154.6 X123.433 Y113.791 E1374.24646
G1 F1099.9 X123.26 Y114.095 E1374.26243
G1 F2400 E1373.46243
G0 F15000 X121.056 Y114.1
G1 F2400 E1374.26243
G1 F1094 X120.881 Y113.794 E1374.27861
G1 F1152.4 X120.713 Y113.29 E1374.30176
G1 F1205.3 X120.649 Y112.782 E1374.32308
G1 F1207.7 X120.677 Y112.34 E1374.3415
G1 F1186.4 X120.749 Y111.946 E1374.35845
G1 F1150.2 X120.854 Y111.626 E1374.37315
G1 F2400 E1373.57315
G0 F15000 X120.854 Y111.043
G0 X102.463 Y111.043
G0 X102.463 Y111.615
G1 F2400 E1374.37315
G1 F1133 X102.557 Y111.927 E1374.38759
G1 F1168 X102.615 Y112.188 E1374.39909
G1 F1188.7 X102.664 Y112.552 E1374.4146
G1 F1210.2 X102.635 Y113.003 E1374.43335
G1 F1193.4 X102.567 Y113.38 E1374.44947
G1 F1154.6 X102.433 Y113.791 E1374.46827
G1 F1099.9 X102.26 Y114.095 E1374.48424
G1 F2400 E1373.68424
G0 F15000 X100.056 Y114.1
G1 F2400 E1374.48424
G1 F1094 X99.881 Y113.794 E1374.50042
G1 F1152.4 X99.713 Y113.29 E1374.52356
G1 F1205.3 X99.649 Y112.782 E1374.54489
G1 F1207.7 X99.677 Y112.34 E1374.56331
G1 F1186.4 X99.749 Y111.946 E1374.58026
G1 F1150.2 X99.854 Y111.626 E1374.59496
G1 F2400 E1373.79496
G0 F15000 X99.855 Y111.044
G0 X97.219 Y111.113
G0 X97.219 Y131.875
G0 X111.441 Y131.947
G0 X111.441 Y131.686
G1 F2400 E1374.59496
G1 F1207.7 X97.656 Y131.686 E1375.16807
G1 F1114.2 X97.449 Y131.643 E1375.1776
G1 F1108 X97.407 Y131.48 E1375.18523
G1 F1202.9 X97.406 Y111.548 E1376.01722
G1 F1341.9 X97.594 Y111.348 E1376.02749
G1 F1509.7 X99.653 Y111.352 E1376.09598
G1 F1381.9 X99.819 Y111.469 E1376.10335
G1 F1195.8 X99.854 Y111.626 E1376.11011
G1 X99.945 Y111.469 E1376.11773
G1 F1381.9 X100.107 Y111.355 E1376.12493
G1 F1509.7 X102.2 Y111.352 E1376.19454
G1 F1366.2 X102.371 Y111.467 E1376.20211
G1 F1165.8 X102.463 Y111.615 E1376.20962
G1 X102.505 Y111.467 E1376.21625
G1 F1366.2 X102.697 Y111.355 E1376.22442
G1 F1509.7 X120.653 Y111.352 E1376.82163
G1 F1381.9 X120.819 Y111.469 E1376.82901
G1 F1195.8 X120.854 Y111.626 E1376.83577
G1 X120.945 Y111.469 E1376.84339
G1 F1381.9 X121.107 Y111.355 E1376.85059
G1 F1509.7 X123.2 Y111.352 E1376.9202
G1 F1366.2 X123.371 Y111.467 E1376.92777
G1 F1165.8 X123.463 Y111.615 E1376.93528
G1 X123.505 Y111.467 E1376.94191
G1 F1366.2 X123.697 Y111.355 E1376.95008
G1 F1509.7 X125.717 Y111.352 E1377.01726
G1 F1341.9 X125.906 Y111.552 E1377.02756
G1 F1202.9 X125.905 Y131.48 E1377.85938
G1 F1110.1 X125.863 Y131.643 E1377.867
G1 F1106 X125.7 Y131.685 E1377.87464
G1 F1200.5 X111.441 Y131.686 E1378.47101
G0 F15000 X111.433 Y132.185
G1 F1198.2 X125.743 Y132.184 E1379.07071
G1 F1106 X126.07 Y132.143 E1379.08568
G1 F1030.5 X126.363 Y132.143 E1379.09995
G1 X126.363 Y131.85 E1379.11423
G1 F1110.1 X126.405 Y131.523 E1379.12914
G1 F1202.9 X126.406 Y111.552 E1379.96276
G1 F1341.9 X126.456 Y110.869 E1379.98839
G1 F1509.7 X126.456 Y110.336 E1380.00611
G1 X96.857 Y110.337 E1380.99058
G1 X96.857 Y110.868 E1381.00824
G1 F1341.9 X96.906 Y111.548 E1381.03375
G1 F1202.9 X96.908 Y131.523 E1381.86754
G1 F1108 X96.949 Y131.85 E1381.88247
G1 F1032.3 X96.949 Y132.143 E1381.89673
G1 X97.242 Y132.143 E1381.91098
G1 F1114.2 X97.656 Y132.186 E1381.92974
G1 F1205.3 X111.433 Y132.185 E1382.50366
G1 F2400 E1381.70366
;MESH:NONMESH
G0 F300 X111.433 Y132.185 Z19
G0 F15000 X111.433 Y131.927
G0 X97.219 Y131.875
G0 X97.219 Y111.113
G0 X97.389 Y111.069
;TIME_ELAPSED:1978.446756
;LAYER:94
;note -- min layer time used
;TYPE:WALL-INNER
;MESH:Camera mount.stl(1)
G1 F2400 E1382.50366
G1 F937.9 X97.533 Y111.049 E1382.51148
G1 F975.6 X99.484 Y111.044 E1382.61239
G1 F948.2 X99.745 Y111.068 E1382.62634
G1 F942.3 X99.894 Y111.047 E1382.63439
G1 F978.7 X102.297 Y111.044 E1382.75828
G1 F948.2 X102.557 Y111.068 E1382.77217
G1 F942.3 X102.706 Y111.047 E1382.78023
G1 F978.7 X120.484 Y111.044 E1383.69674
G1 F948.2 X120.745 Y111.068 E1383.71069
G1 F942.3 X120.894 Y111.047 E1383.71875
G1 F978.7 X123.297 Y111.044 E1383.84263
G1 F948.2 X123.557 Y111.068 E1383.85653
G1 F942.3 X123.706 Y111.047 E1383.86458
G1 F978.7 X125.658 Y111.044 E1383.96522
G1 F946.7 X125.923 Y111.069 E1383.9794
G1 F2400 E1383.1794
G0 F15000 X123.574 Y111.241
G0 X123.573 Y111.792
;TYPE:WALL-OUTER
G1 F2400 E1383.9794
G1 F1185.2 X123.608 Y111.952 E1383.98638
G1 F1208.8 X123.66 Y112.412 E1384.0057
G1 F1199.3 X123.63 Y112.887 E1384.02572
G1 F1189.8 X123.567 Y113.18 E1384.03843
G1 F1167 X123.439 Y113.567 E1384.05606
G1 F1099.3 X123.298 Y113.846 E1384.07041
G1 F1035.5 X123.12 Y114.086 E1384.08497
G1 F1008 X122.942 Y114.277 E1384.09803
G1 F1261.6 X122.394 Y114.403 E1384.12052
G1 F1695 X121.932 Y114.406 E1384.13428
G1 F1438 X121.379 Y114.288 E1384.15412
G1 F1115.5 X121.19 Y114.085 E1384.16666
G1 F1028.5 X121.015 Y113.847 E1384.18116
G1 F1091.4 X120.89 Y113.602 E1384.19387
G1 F1136.4 X120.783 Y113.319 E1384.20731
G1 F1151.5 X120.697 Y112.961 E1384.22344
G1 F1194.5 X120.65 Y112.588 E1384.23932
G1 F1228.4 X120.68 Y112.058 E1384.26113
G1 F1199.3 X120.737 Y111.796 E1384.27241
G1 F2400 E1383.47241
G0 F15000 X120.738 Y111.242
G0 X102.574 Y111.242
G0 X102.573 Y111.792
G1 F2400 E1384.27241
G1 F1185.2 X102.608 Y111.952 E1384.27938
G1 F1208.8 X102.66 Y112.412 E1384.2987
G1 F1199.3 X102.63 Y112.887 E1384.31873
G1 F1189.8 X102.567 Y113.18 E1384.33144
G1 F1167 X102.439 Y113.567 E1384.34906
G1 F1099.3 X102.298 Y113.846 E1384.36341
G1 F1035.5 X102.12 Y114.086 E1384.37797
G1 F1008 X101.942 Y114.277 E1384.39104
G1 F1261.6 X101.394 Y114.403 E1384.41353
G1 F1695 X100.932 Y114.406 E1384.42728
G1 F1438 X100.379 Y114.288 E1384.44712
G1 F1199.3 X100.092 Y113.98 E1384.46484
G1 F1142.8 X99.87 Y113.557 E1384.48593
G1 F1138.5 X99.783 Y113.319 E1384.49716
G1 F1151.5 X99.697 Y112.961 E1384.51329
G1 F1194.5 X99.65 Y112.588 E1384.52917
G1 F1228.4 X99.68 Y112.058 E1384.55098
G1 F1199.3 X99.737 Y111.796 E1384.56226
G1 F2400 E1383.76226
G0 F15000 X99.738 Y111.242
G0 X97.219 Y111.314
G0 X97.219 Y131.875
G0 X111.441 Y131.947
G0 X111.441 Y131.686
G1 F2400 E1384.56226
G1 F1213.6 X97.656 Y131.686 E1385.13537
G1 F1119.6 X97.449 Y131.643 E1385.1449
G1 F1113.4 X97.407 Y131.48 E1385.15253
G1 F1208.8 X97.406 Y111.752 E1385.976
G1 F1348.5 X97.592 Y111.555 E1385.98614
G1 F1517.1 X99.484 Y111.552 E1386.04907
G1 X99.598 Y111.587 E1386.05304
G1 F1379.1 X99.715 Y111.687 E1386.05867
G1 F1218.5 X99.737 Y111.796 E1386.06327
G1 X99.783 Y111.687 E1386.06817
G1 F1379.1 X99.959 Y111.548 E1386.07638
G1 F1517.1 X102.351 Y111.552 E1386.15593
G1 F1369.8 X102.531 Y111.69 E1386.16429
G1 F1206.4 X102.573 Y111.792 E1386.1689
G1 X102.592 Y111.689 E1386.17328
G1 F1369.8 X102.771 Y111.548 E1386.18168
G1 F1517.1 X120.484 Y111.552 E1386.77081
G1 X120.598 Y111.587 E1386.77478
G1 F1379.1 X120.715 Y111.687 E1386.78041
G1 F1218.5 X120.737 Y111.796 E1386.78502
G1 X120.783 Y111.687 E1386.78992
G1 F1379.1 X120.959 Y111.548 E1386.79812
G1 F1517.1 X123.351 Y111.552 E1386.87768
G1 F1369.8 X123.531 Y111.69 E1386.88603
G1 F1206.4 X123.573 Y111.792 E1386.89065
G1 X123.592 Y111.689 E1386.89503
G1 F1369.8 X123.771 Y111.548 E1386.90342
G1 F1517.1 X125.717 Y111.552 E1386.96815
G1 F1348.5 X125.906 Y111.752 E1386.97844
G1 F1208.8 X125.905 Y131.48 E1387.80192
G1 F1115.5 X125.863 Y131.643 E1387.80953
G1 F1111.4 X125.7 Y131.685 E1387.81717
G1 F1206.4 X111.441 Y131.686 E1388.41355
G0 F15000 X111.433 Y132.185
G1 F1204 X125.743 Y132.184 E1389.01325
G1 F1111.4 X126.07 Y132.143 E1389.02821
G1 F1035.5 X126.363 Y132.143 E1389.04249
G1 X126.363 Y131.85 E1389.05677
G1 F1115.5 X126.405 Y131.523 E1389.07168
G1 F1208.8 X126.406 Y111.752 E1389.89695
G1 F1348.5 X126.456 Y111.069 E1389.92257
G1 F1517.1 X126.456 Y110.536 E1389.9403
G1 X96.856 Y110.536 E1390.9248
G1 X96.856 Y111.069 E1390.94253
G1 F1348.5 X96.906 Y111.752 E1390.96815
G1 F1208.8 X96.908 Y131.523 E1391.79343
G1 F1113.4 X96.949 Y131.85 E1391.80836
G1 F1037.3 X96.949 Y132.143 E1391.82261
G1 X97.242 Y132.143 E1391.83686
G1 F1119.6 X97.656 Y132.186 E1391.85562
G1 F1211.2 X111.433 Y132.185 E1392.42955
G1 F2400 E1391.62955
;MESH:NONMESH
G0 F300 X111.433 Y132.185 Z19.2
G0 F15000 X111.433 Y131.927
G0 X97.219 Y131.875
G0 X97.219 Y111.314
G0 X97.389 Y111.269
;TIME_ELAPSED:1993.491003
;LAYER:95
;note -- min layer time used
;TYPE:WALL-INNER
;MESH:Camera mount.stl(1)
G1 F2400 E1392.42955
G1 F928.5 X97.533 Y111.249 E1392.43737
G1 F965.8 X99.408 Y111.244 E1392.53435
G1 F940.1 X99.663 Y111.267 E1392.54795
G1 F934.3 X99.806 Y111.247 E1392.55567
G1 F968.9 X120.408 Y111.244 E1393.61777
G1 F940.1 X120.663 Y111.267 E1393.63137
G1 F934.3 X120.806 Y111.247 E1393.63909
G1 F968.9 X125.656 Y111.244 E1393.88913
G1 F937.2 X125.923 Y111.269 E1393.90342
G1 F2400 E1393.10342
G0 F15000 X123.659 Y111.442
G0 X123.658 Y111.952
;TYPE:WALL-OUTER
G1 F2400 E1393.90342
G1 F1211.2 X123.639 Y112.566 E1393.92875
G1 F1189.6 X123.567 Y112.98 E1393.9464
G1 F1155.3 X123.439 Y113.367 E1393.96402
G1 F1067 X123.221 Y113.779 E1393.98584
G1 F984.8 X122.892 Y114.124 E1394.01002
G1 F921.4 X122.565 Y114.31 E1394.03042
G1 F863.1 X122.293 Y114.38 E1394.04667
G1 F842.5 X122.015 Y114.379 E1394.06316
G1 F886 X121.707 Y114.305 E1394.08101
G1 F962.7 X121.316 Y114.04 E1394.10552
G1 F996.2 X121.032 Y113.683 E1394.12839
G1 F1059.5 X120.874 Y113.368 E1394.14501
G1 F1144.3 X120.754 Y113.022 E1394.161
G1 F1173.3 X120.676 Y112.66 E1394.17676
G1 F1187.2 X120.658 Y112.154 E1394.19806
G1 F1173.3 X120.668 Y111.925 E1394.20782
G1 F2400 E1393.40782
G0 F15000 X120.669 Y111.442
G0 X102.659 Y111.442
G0 X102.658 Y111.952
G1 F2400 E1394.20782
G1 F1211.2 X102.639 Y112.566 E1394.23316
G1 F1189.6 X102.567 Y112.98 E1394.2508
G1 F1155.3 X102.439 Y113.367 E1394.26843
G1 F1067 X102.221 Y113.779 E1394.29025
G1 F984.8 X101.892 Y114.124 E1394.31443
G1 F921.4 X101.565 Y114.31 E1394.33482
G1 F863.1 X101.293 Y114.38 E1394.35108
G1 F842.5 X101.015 Y114.379 E1394.36756
G1 F863.1 X100.799 Y114.327 E1394.38042
G1 F934.3 X100.334 Y114.066 E1394.40893
G1 F994.6 X100.039 Y113.694 E1394.43277
G1 F1057.6 X99.89 Y113.402 E1394.44825
G1 F1142.1 X99.754 Y113.022 E1394.46591
G1 F1173.3 X99.676 Y112.66 E1394.48167
G1 F1187.2 X99.658 Y112.154 E1394.50298
G1 F1173.3 X99.668 Y111.925 E1394.51273
G1 F2400 E1393.71273
G0 F15000 X99.669 Y111.442
G0 X97.219 Y111.514
G0 X97.219 Y131.875
G0 X111.441 Y131.947
G0 X111.441 Y131.686
G1 F2400 E1394.51273
G1 F1201.5 X97.656 Y131.686 E1395.08585
G1 F1108.4 X97.449 Y131.643 E1395.09538
G1 F1102.3 X97.407 Y131.48 E1395.103
G1 F1196.7 X97.406 Y111.952 E1395.91813
G1 F1335 X97.592 Y111.755 E1395.92827
G1 F1501.8 X99.408 Y111.752 E1395.98867
G1 F1465.2 X99.531 Y111.781 E1395.99298
G1 F1272.7 X99.668 Y111.925 E1396.00078
G1 X99.802 Y111.779 E1396.00856
G1 F1465.2 X99.893 Y111.751 E1396.0118
G1 F1501.8 X102.413 Y111.752 E1396.09562
G1 F1479.6 X102.532 Y111.784 E1396.09978
G1 F1329.1 X102.658 Y111.952 E1396.10767
G1 X102.784 Y111.784 E1396.11556
G1 F1479.6 X102.904 Y111.752 E1396.11975
G1 F1501.8 X120.408 Y111.752 E1396.70194
G1 F1465.2 X120.531 Y111.781 E1396.70625
G1 F1272.7 X120.668 Y111.925 E1396.71405
G1 X120.802 Y111.779 E1396.72183
G1 F1465.2 X120.893 Y111.751 E1396.72507
G1 F1501.8 X123.413 Y111.752 E1396.80889
G1 F1479.6 X123.532 Y111.784 E1396.81305
G1 F1329.1 X123.658 Y111.952 E1396.82094
G1 X123.784 Y111.784 E1396.82883
G1 F1479.6 X123.904 Y111.752 E1396.83303
G1 F1501.8 X125.717 Y111.752 E1396.89333
G1 F1335 X125.906 Y111.952 E1396.90362
G1 F1196.7 X125.905 Y131.48 E1397.71875
G1 F1104.3 X125.863 Y131.643 E1397.72636
G1 F1100.2 X125.7 Y131.685 E1397.73401
G1 F1194.3 X111.441 Y131.686 E1398.33038
G0 F15000 X111.433 Y132.185
G1 F1191.9 X125.743 Y132.184 E1398.93008
G1 F1100.2 X126.07 Y132.143 E1398.94505
G1 F1025.1 X126.363 Y132.143 E1398.95932
G1 X126.363 Y131.85 E1398.9736
G1 F1104.3 X126.405 Y131.523 E1398.98851
G1 F1196.7 X126.406 Y111.952 E1399.80543
G1 F1335 X126.456 Y111.269 E1399.83106
G1 F1501.8 X126.456 Y110.736 E1399.84879
G1 X96.856 Y110.736 E1400.83329
G1 X96.856 Y111.269 E1400.85101
G1 F1335 X96.906 Y111.952 E1400.87664
G1 F1196.7 X96.908 Y131.523 E1401.69356
G1 F1102.3 X96.949 Y131.85 E1401.7085
G1 F1026.9 X96.949 Y132.143 E1401.72275
G1 X97.242 Y132.143 E1401.737
G1 F1108.4 X97.656 Y132.186 E1401.75576
G1 F1199.1 X111.433 Y132.185 E1402.32969
G1 F2400 E1401.52969
;MESH:NONMESH
G0 F300 X111.433 Y132.185 Z19.4
G0 F15000 X111.433 Y131.927
G0 X97.219 Y131.875
G0 X97.219 Y111.514
G0 X97.389 Y111.469
;TIME_ELAPSED:2008.552606
;LAYER:96
;note -- min layer time used
;TYPE:WALL-INNER
;MESH:Camera mount.stl(1)
G1 F2400 E1402.32969
G1 F919 X97.533 Y111.449 E1402.33751
G1 F956 X99.408 Y111.444 E1402.43448
G1 F932 X99.658 Y111.466 E1402.4478
G1 F923.3 X99.785 Y111.449 E1402.45466
G1 F951.4 X110.097 Y111.446 E1402.99056
G1 F960.6 X120.409 Y111.444 E1403.52132
G1 F932 X120.658 Y111.466 E1403.53458
G1 F923.3 X120.785 Y111.449 E1403.54144
G1 F956 X125.656 Y111.444 E1403.79337
G1 F927.6 X125.923 Y111.469 E1403.80766
G1 F2400 E1403.00766
G0 F15000 X123.652 Y111.642
G0 X123.652 Y112.136
;TYPE:WALL-OUTER
G1 F2400 E1403.80766
G1 F1170.5 X123.615 Y112.555 E1403.82543
G1 F1154.6 X123.556 Y112.822 E1403.83714
G1 F1141.3 X123.439 Y113.167 E1403.85292
G1 F1056.2 X123.221 Y113.579 E1403.87474
G1 F974.8 X122.892 Y113.924 E1403.89892
G1 F912 X122.565 Y114.11 E1403.91932
G1 F854.3 X122.293 Y114.18 E1403.93557
G1 F835.1 X122.017 Y114.18 E1403.95191
G1 F877 X121.705 Y114.104 E1403.97001
G1 F952.9 X121.315 Y113.84 E1403.99445
G1 F986.1 X121.032 Y113.483 E1404.01729
G1 F1048.7 X120.874 Y113.168 E1404.03391
G1 F1117.7 X120.783 Y112.918 E1404.04568
G1 F1130.5 X120.695 Y112.554 E1404.06205
G1 F1161.4 X120.658 Y112.136 E1404.07992
G1 F2400 E1403.27992
G0 F15000 X120.658 Y111.642
G0 X102.652 Y111.642
G0 X102.652 Y112.136
G1 F2400 E1404.07992
G1 F1170.5 X102.615 Y112.555 E1404.09769
G1 F1154.6 X102.556 Y112.822 E1404.1094
G1 F1141.3 X102.439 Y113.167 E1404.12518
G1 F1056.2 X102.221 Y113.579 E1404.147
G1 F974.8 X101.892 Y113.924 E1404.17118
G1 F912 X101.565 Y114.11 E1404.19157
G1 F854.3 X101.293 Y114.18 E1404.20783
G1 F835.1 X101.017 Y114.18 E1404.22417
G1 F854.3 X100.783 Y114.123 E1404.23811
G1 F923.3 X100.333 Y113.865 E1404.26588
G1 F984.5 X100.039 Y113.494 E1404.28966
G1 F1046.9 X99.89 Y113.202 E1404.30514
G1 F1115.6 X99.783 Y112.918 E1404.31859
G1 F1130.5 X99.695 Y112.554 E1404.33497
G1 F1161.4 X99.658 Y112.136 E1404.35283
G1 F2400 E1403.55283
G0 F15000 X99.658 Y111.642
G0 X97.219 Y111.714
G0 X97.219 Y131.875
G0 X111.441 Y131.947
G0 X111.441 Y131.686
G1 F2400 E1404.35283
G1 F1189.2 X97.656 Y131.686 E1404.92595
G1 F1097.1 X97.449 Y131.643 E1404.93548
G1 F1091.1 X97.407 Y131.48 E1404.9431
G1 F1184.5 X97.406 Y112.152 E1405.74988
G1 F1321.4 X97.592 Y111.955 E1405.76002
G1 F1486.6 X99.408 Y111.952 E1405.82042
G1 F1457.4 X99.529 Y111.982 E1405.82465
G1 F1295.5 X99.658 Y112.136 E1405.83232
G1 X99.787 Y111.982 E1405.83999
G1 F1457.4 X99.873 Y111.955 E1405.84304
G1 F1486.6 X102.404 Y111.952 E1405.92722
G1 F1457.4 X102.524 Y111.983 E1405.93143
G1 F1304 X102.652 Y112.136 E1405.93899
G1 X102.78 Y111.983 E1405.94656
G1 F1457.4 X102.9 Y111.952 E1405.95076
G1 F1486.6 X120.408 Y111.952 E1406.53308
G1 F1457.4 X120.529 Y111.982 E1406.53731
G1 F1295.5 X120.658 Y112.136 E1406.54498
G1 X120.787 Y111.982 E1406.55264
G1 F1457.4 X120.873 Y111.955 E1406.5557
G1 F1486.6 X123.404 Y111.952 E1406.63988
G1 F1457.4 X123.524 Y111.983 E1406.64409
G1 F1304 X123.652 Y112.136 E1406.65165
G1 X123.78 Y111.983 E1406.65921
G1 F1457.4 X123.9 Y111.952 E1406.66342
G1 F1486.6 X125.717 Y111.952 E1406.72385
G1 F1321.4 X125.906 Y112.152 E1406.73415
G1 F1184.5 X125.905 Y131.48 E1407.54093
G1 F1093.1 X125.863 Y131.643 E1407.54854
G1 F1089.1 X125.7 Y131.685 E1407.55618
G1 F1182.2 X111.441 Y131.686 E1408.15256
G0 F15000 X111.433 Y132.185
G1 F1179.8 X125.743 Y132.184 E1408.75226
G1 F1089.1 X126.07 Y132.143 E1408.76722
G1 F1014.7 X126.363 Y132.143 E1408.7815
G1 X126.363 Y131.85 E1408.79578
G1 F1093.1 X126.405 Y131.523 E1408.81069
G1 F1184.5 X126.406 Y112.152 E1409.61926
G1 F1321.4 X126.456 Y111.469 E1409.64489
G1 F1486.6 X126.456 Y110.936 E1409.66262
G1 X96.856 Y110.936 E1410.64712
G1 X96.856 Y111.469 E1410.66484
G1 F1321.4 X96.906 Y112.152 E1410.69047
G1 F1184.5 X96.908 Y131.523 E1411.49904
G1 F1091.1 X96.949 Y131.85 E1411.51398
G1 F1016.4 X96.949 Y132.143 E1411.52823
G1 X97.242 Y132.143 E1411.54248
G1 F1097.1 X97.656 Y132.186 E1411.56124
G1 F1186.9 X111.433 Y132.185 E1412.13517
G1 F2400 E1411.33517
;MESH:NONMESH
G0 F300 X111.433 Y132.185 Z19.6
G0 F15000 X111.433 Y131.927
G0 X97.219 Y131.875
G0 X97.219 Y111.714
G0 X97.389 Y111.669
;TIME_ELAPSED:2023.609791
;LAYER:97
;note -- min layer time used
;TYPE:WALL-INNER
;MESH:Camera mount.stl(1)
G1 F2400 E1412.13517
G1 F910.6 X97.533 Y111.649 E1412.14299
G1 F947.2 X99.424 Y111.644 E1412.24079
G1 F919.1 X99.69 Y111.669 E1412.25503
G1 F910.6 X99.833 Y111.649 E1412.2628
G1 F942.6 X110.129 Y111.646 E1412.79787
G1 F951.8 X120.425 Y111.644 E1413.32781
G1 F919.1 X120.69 Y111.669 E1413.34199
G1 F910.6 X120.833 Y111.649 E1413.34976
G1 F947.2 X125.656 Y111.644 E1413.59921
G1 F919.1 X125.923 Y111.669 E1413.6135
G1 F2400 E1412.8135
G0 F15000 X123.616 Y111.843
G0 X123.615 Y112.398
;TYPE:WALL-OUTER
G1 F2400 E1413.6135
G1 F1171.3 X123.528 Y112.713 E1413.62717
G1 F1113.7 X123.439 Y112.967 E1413.63901
G1 F1046.4 X123.221 Y113.379 E1413.66083
G1 F965.8 X122.892 Y113.724 E1413.68501
G1 F903.6 X122.565 Y113.91 E1413.7054
G1 F846.5 X122.293 Y113.98 E1413.72166
G1 F827.5 X122.017 Y113.98 E1413.738
G1 F847.7 X121.779 Y113.922 E1413.75215
G1 F896.7 X121.495 Y113.767 E1413.76983
G1 F962.7 X121.223 Y113.542 E1413.78779
G1 F1033.6 X120.983 Y113.2 E1413.80759
G1 F1095.1 X120.804 Y112.786 E1413.82777
G1 F1128.6 X120.706 Y112.421 E1413.84417
G1 F2400 E1413.04417
G0 F15000 X120.707 Y111.842
G0 X102.617 Y111.842
G0 X102.616 Y112.401
G1 F2400 E1413.84417
G1 F1173.6 X102.525 Y112.72 E1413.85802
G1 F1115.8 X102.439 Y112.967 E1413.8695
G1 F1046.4 X102.221 Y113.379 E1413.89132
G1 F965.8 X101.892 Y113.724 E1413.9155
G1 F903.6 X101.565 Y113.91 E1413.9359
G1 F846.5 X101.293 Y113.98 E1413.95215
G1 F827.5 X101.017 Y113.98 E1413.96849
G1 F847.7 X100.779 Y113.922 E1413.98265
G1 F899.5 X100.472 Y113.752 E1414.00176
G1 F954.9 X100.221 Y113.54 E1414.01862
G1 F1022.8 X99.982 Y113.198 E1414.0386
G1 F1095.1 X99.804 Y112.786 E1414.05868
G1 F1128.6 X99.706 Y112.421 E1414.07508
G1 F2400 E1413.27508
G0 F15000 X99.706 Y111.842
G0 X97.219 Y111.914
G0 X97.219 Y131.875
G0 X111.441 Y131.947
G0 X111.441 Y131.686
G1 F2400 E1414.07508
G1 F1178.3 X97.656 Y131.686 E1414.6482
G1 F1087 X97.449 Y131.643 E1414.65773
G1 F1081 X97.407 Y131.48 E1414.66535
G1 F1173.6 X97.406 Y112.352 E1415.46378
G1 F1309.2 X97.592 Y112.155 E1415.47392
G1 F1472.9 X99.424 Y112.152 E1415.53485
G1 X99.541 Y112.189 E1415.53894
G1 F1339 X99.658 Y112.296 E1415.54474
G1 F1178.3 X99.706 Y112.421 E1415.5503
G1 X99.722 Y112.296 E1415.55554
G1 F1339 X99.921 Y112.155 E1415.56447
G1 F1472.9 X102.38 Y112.152 E1415.64625
G1 X102.49 Y112.184 E1415.65006
G1 F1376.5 X102.604 Y112.301 E1415.65588
G1 F1258.9 X102.616 Y112.401 E1415.6598
G1 X102.648 Y112.3 E1415.66392
G1 F1376.5 X102.759 Y112.182 E1415.66968
G1 F1472.9 X102.872 Y112.148 E1415.67361
G1 X120.424 Y112.152 E1416.25739
G1 X120.541 Y112.189 E1416.26147
G1 F1339 X120.658 Y112.296 E1416.26727
G1 F1178.3 X120.706 Y112.421 E1416.27284
G1 X120.722 Y112.296 E1416.27808
G1 F1339 X120.921 Y112.155 E1416.287
G1 F1472.9 X123.38 Y112.152 E1416.36879
G1 X123.491 Y112.185 E1416.37264
G1 F1370.1 X123.605 Y112.307 E1416.37861
G1 F1258.9 X123.615 Y112.398 E1416.38217
G1 X123.643 Y112.307 E1416.38588
G1 F1370.1 X123.757 Y112.185 E1416.39185
G1 F1472.9 X123.868 Y112.152 E1416.3957
G1 X125.717 Y112.152 E1416.4572
G1 F1309.2 X125.906 Y112.352 E1416.46749
G1 F1173.6 X125.905 Y131.48 E1417.26592
G1 F1083 X125.863 Y131.643 E1417.27354
G1 F1079 X125.7 Y131.685 E1417.28118
G1 F1171.3 X111.441 Y131.686 E1417.87756
G0 F15000 X111.433 Y132.185
G1 F1168.9 X125.743 Y132.184 E1418.47726
G1 F1079 X126.07 Y132.143 E1418.49222
G1 F1005.4 X126.363 Y132.143 E1418.5065
G1 X126.363 Y131.85 E1418.52077
G1 F1083 X126.405 Y131.523 E1418.53569
G1 F1173.6 X126.406 Y112.352 E1419.33591
G1 F1309.2 X126.456 Y111.669 E1419.36154
G1 F1472.9 X126.456 Y111.136 E1419.37926
G1 X96.856 Y111.136 E1420.36376
G1 X96.856 Y111.669 E1420.38149
G1 F1309.2 X96.906 Y112.352 E1420.40712
G1 F1173.6 X96.908 Y131.523 E1421.20734
G1 F1081 X96.949 Y131.85 E1421.22228
G1 F1007.1 X96.949 Y132.143 E1421.23653
G1 X97.242 Y132.143 E1421.25078
G1 F1087 X97.656 Y132.186 E1421.26954
G1 F1175.9 X111.433 Y132.185 E1421.84347
G1 F2400 E1421.04347
;MESH:NONMESH
G0 F300 X111.433 Y132.185 Z19.8
G0 F15000 X111.433 Y131.927
G0 X97.219 Y131.875
G0 X97.219 Y111.914
G0 X97.389 Y111.869
;TIME_ELAPSED:2038.683368
;LAYER:98
;note -- min layer time used
;TYPE:WALL-INNER
;MESH:Camera mount.stl(1)
G1 F2400 E1421.84347
G1 F898.7 X97.533 Y111.849 E1421.85129
G1 F934.8 X99.52 Y111.844 E1421.95406
G1 F878.3 X99.88 Y111.89 E1421.97403
G1 F870.4 X100.117 Y111.849 E1421.98739
G1 F934.8 X102.24 Y111.844 E1422.09719
G1 F905.7 X102.511 Y111.87 E1422.11173
G1 F900.1 X102.67 Y111.847 E1422.12036
G1 F937.8 X120.52 Y111.844 E1423.04058
G1 F878.3 X120.88 Y111.89 E1423.06056
G1 F870.4 X121.117 Y111.849 E1423.07392
G1 F934.8 X123.24 Y111.844 E1423.18372
G1 F904.3 X123.516 Y111.871 E1423.19855
G1 F895.9 X123.669 Y111.849 E1423.20689
G1 F934.8 X125.656 Y111.844 E1423.30965
G1 F907.1 X125.923 Y111.869 E1423.32395
G1 F2400 E1422.52395
G0 F15000 X123.49 Y112.042
G0 X123.49 Y112.632
;TYPE:WALL-OUTER
G1 F2400 E1423.32395
G1 F1068.8 X123.303 Y113.05 E1423.34466
G1 F993.9 X123.122 Y113.283 E1423.35901
G1 F947 X122.888 Y113.528 E1423.37631
G1 F893.1 X122.565 Y113.71 E1423.39638
G1 F835.4 X122.293 Y113.78 E1423.41263
G1 F816.6 X122.017 Y113.78 E1423.42897
G1 F836.6 X121.779 Y113.722 E1423.44313
G1 F885 X121.495 Y113.567 E1423.4608
G1 F939.3 X121.229 Y113.347 E1423.47857
G1 F985.5 X121.015 Y113.046 E1423.49669
G1 F1051.4 X120.897 Y112.831 E1423.50797
G1 F2400 E1422.70797
G0 F15000 X120.823 Y112.142
G0 X102.492 Y112.629
G1 F2400 E1423.50797
G1 F1070.8 X102.304 Y113.049 E1423.52874
G1 F995.6 X102.122 Y113.283 E1423.54314
G1 F947 X101.888 Y113.528 E1423.56044
G1 F893.1 X101.565 Y113.71 E1423.5805
G1 F835.4 X101.293 Y113.78 E1423.59676
G1 F816.6 X101.017 Y113.78 E1423.6131
G1 F836.6 X100.779 Y113.722 E1423.62725
G1 F887.7 X100.472 Y113.552 E1423.64637
G1 F940.8 X100.221 Y113.34 E1423.66325
G1 F982.2 X100.016 Y113.047 E1423.68085
G1 F1049.5 X99.897 Y112.831 E1423.69221
G1 F2400 E1422.89221
G0 F15000 X99.172 Y113.497
G0 X99.897 Y130.772
G0 X111.441 Y131.686
G1 F2400 E1423.69221
G1 F1162.9 X97.656 Y131.686 E1424.26533
G1 F1072.8 X97.449 Y131.643 E1424.27486
G1 F1066.9 X97.407 Y131.48 E1424.28248
G1 F1158.2 X97.406 Y112.552 E1425.07257
G1 F1292.1 X97.592 Y112.355 E1425.0827
G1 F1453.6 X99.591 Y112.352 E1425.14919
G1 X99.694 Y112.452 E1425.15397
G1 F1253.1 X99.897 Y112.831 E1425.17055
G1 F1193.9 X99.893 Y112.686 E1425.17643
G1 F1374.6 X100.161 Y112.355 E1425.19141
G1 F1453.6 X102.295 Y112.352 E1425.26238
G1 F1333.6 X102.463 Y112.479 E1425.27002
G1 F1167.5 X102.492 Y112.629 E1425.27635
G1 X102.567 Y112.479 E1425.28329
G1 F1333.6 X102.734 Y112.348 E1425.29098
G1 F1453.6 X120.591 Y112.352 E1425.88491
G1 X120.694 Y112.452 E1425.88969
G1 F1253.1 X120.897 Y112.831 E1425.90627
G1 F1193.9 X120.893 Y112.686 E1425.91215
G1 F1374.6 X121.161 Y112.355 E1425.92713
G1 F1453.6 X123.298 Y112.352 E1425.9982
G1 F1336.6 X123.464 Y112.479 E1426.00576
G1 F1169.9 X123.49 Y112.632 E1426.01218
G1 X123.568 Y112.479 E1426.01927
G1 F1336.6 X123.757 Y112.355 E1426.02745
G1 F1453.6 X125.717 Y112.352 E1426.09264
G1 F1292.1 X125.906 Y112.552 E1426.10294
G1 F1158.2 X125.905 Y131.48 E1426.89302
G1 F1068.8 X125.863 Y131.643 E1426.90063
G1 F1064.9 X125.7 Y131.685 E1426.90828
G1 F1155.9 X111.441 Y131.686 E1427.50465
G0 F15000 X111.433 Y132.185
G1 F1153.6 X125.743 Y132.184 E1428.10435
G1 F1064.9 X126.07 Y132.143 E1428.11932
G1 F992.2 X126.363 Y132.143 E1428.13359
G1 X126.363 Y131.85 E1428.14787
G1 F1068.8 X126.405 Y131.523 E1428.16278
G1 F1158.2 X126.406 Y112.552 E1428.95466
G1 F1292.1 X126.456 Y111.869 E1428.98028
G1 F1453.6 X126.456 Y111.336 E1428.99801
G1 X96.856 Y111.336 E1429.98251
G1 X96.856 Y111.869 E1430.00024
G1 F1292.1 X96.906 Y112.552 E1430.02586
G1 F1158.2 X96.908 Y131.523 E1430.81774
G1 F1066.9 X96.949 Y131.85 E1430.83268
G1 F993.9 X96.949 Y132.143 E1430.84693
G1 X97.242 Y132.143 E1430.86118
G1 F1072.8 X97.656 Y132.186 E1430.87994
G1 F1160.6 X111.433 Y132.185 E1431.45387
G1 F2400 E1430.65387
;MESH:NONMESH
G0 F300 X111.433 Y132.185 Z20
G0 F15000 X111.433 Y131.927
G0 X97.219 Y131.875
G0 X97.219 Y112.114
G0 X97.389 Y112.069
;TIME_ELAPSED:2053.593555
;LAYER:99
;note -- min layer time used
;TYPE:WALL-INNER
;MESH:Camera mount.stl(1)
G1 F2400 E1431.45387
G1 F888.8 X97.533 Y112.049 E1431.46169
G1 F924.6 X99.66 Y112.044 E1431.57169
G1 F833.4 X100.12 Y112.119 E1431.59843
G1 F826.3 X100.457 Y112.049 E1431.61835
G1 F924.6 X101.772 Y112.044 E1431.68637
G1 F839.5 X102.212 Y112.112 E1431.71172
G1 F832.2 X102.529 Y112.049 E1431.7303
G1 F920.1 X111.595 Y112.046 E1432.20145
G1 F929 X120.661 Y112.044 E1432.66807
G1 F833.4 X121.12 Y112.119 E1432.69476
G1 F826.3 X121.457 Y112.049 E1432.71468
G1 F924.6 X122.772 Y112.044 E1432.78269
G1 F839.5 X123.212 Y112.112 E1432.80805
G1 F832.2 X123.529 Y112.049 E1432.82662
G1 F924.6 X125.656 Y112.044 E1432.93662
G1 F897.1 X125.923 Y112.069 E1432.95092
G1 F2400 E1432.15092
G0 F15000 X123.399 Y112.342
G0 X123.058 Y113.181
;TYPE:WALL-OUTER
G1 F2400 E1432.95092
G1 F1000.1 X122.977 Y113.264 E1432.95646
G1 F915.7 X122.708 Y113.435 E1432.97311
G1 F834.6 X122.424 Y113.552 E1432.9907
G1 F821.5 X122.1 Y113.6 E1433.00977
G1 F838.3 X121.74 Y113.506 E1433.03099
G1 F867.4 X121.392 Y113.301 E1433.05326
G1 F917.2 X121.257 Y113.151 E1433.06378
G1 F2400 E1432.26378
G0 F15000 X120.482 Y113.731
G0 X102.819 Y113.747
G0 X102.058 Y113.181
G1 F2400 E1433.06378
G1 F1000.1 X101.977 Y113.264 E1433.06932
G1 F915.7 X101.708 Y113.435 E1433.08597
G1 F834.6 X101.424 Y113.552 E1433.10357
G1 F821.5 X101.1 Y113.6 E1433.12263
G1 F838.3 X100.74 Y113.506 E1433.14385
G1 F871.3 X100.468 Y113.352 E1433.16101
G1 F923.1 X100.279 Y113.176 E1433.17439
G1 F2400 E1432.37439
G0 F15000 X99.571 Y113.837
G0 X100.279 Y130.772
G0 X111.441 Y131.686
G1 F2400 E1433.17439
G1 F1150.1 X97.656 Y131.686 E1433.7475
G1 F1061 X97.449 Y131.643 E1433.75703
G1 F1055.2 X97.407 Y131.48 E1433.76466
G1 F1145.6 X97.406 Y112.752 E1434.54639
G1 F1277.9 X97.592 Y112.555 E1434.55653
G1 F1437.7 X99.66 Y112.552 E1434.62531
G1 F1430.5 X99.806 Y112.599 E1434.63044
G1 F1409.5 X99.97 Y112.914 E1434.64248
G1 F1272.3 X100.095 Y113.058 E1434.64965
G1 F1045.6 X100.279 Y113.176 E1434.65965
G1 X100.253 Y112.989 E1434.66828
G1 F1272.3 X100.307 Y112.896 E1434.67232
G1 F1409.5 X100.423 Y112.606 E1434.68292
G1 F1430.5 X100.545 Y112.555 E1434.68734
G1 F1437.7 X101.772 Y112.552 E1434.72815
G1 X101.886 Y112.587 E1434.73212
G1 X101.951 Y112.661 E1434.73539
G1 F1382.4 X102.028 Y112.914 E1434.74454
G1 F1152.4 X102.058 Y113.181 E1434.75569
G1 X102.295 Y112.972 E1434.7688
G1 F1356.3 X102.509 Y112.599 E1434.78396
G1 F1409.5 X102.617 Y112.555 E1434.78792
G1 F1437.7 X120.66 Y112.552 E1435.38803
G1 X120.807 Y112.615 E1435.39335
G1 F1392.4 X121.003 Y112.953 E1435.40677
G1 F1112.3 X121.257 Y113.151 E1435.42061
G1 F1110.2 X121.299 Y112.893 E1435.43187
G1 F1362.7 X121.425 Y112.605 E1435.4429
G1 F1413 X121.545 Y112.555 E1435.4473
G1 F1437.7 X122.772 Y112.552 E1435.48811
G1 X122.886 Y112.587 E1435.49208
G1 X122.951 Y112.661 E1435.49535
G1 F1382.4 X123.028 Y112.914 E1435.5045
G1 F1152.4 X123.058 Y113.181 E1435.51565
G1 X123.295 Y112.972 E1435.52876
G1 F1356.3 X123.509 Y112.599 E1435.54392
G1 F1409.5 X123.617 Y112.555 E1435.54788
G1 F1437.7 X125.717 Y112.552 E1435.61772
G1 F1277.9 X125.906 Y112.752 E1435.62802
G1 F1145.6 X125.905 Y131.48 E1436.40975
G1 F1057.1 X125.863 Y131.643 E1436.41737
G1 F1053.2 X125.7 Y131.685 E1436.42501
G1 F1143.3 X111.441 Y131.686 E1437.02139
G0 F15000 X111.433 Y132.185
G1 F1141 X125.743 Y132.184 E1437.62109
G1 F1053.2 X126.07 Y132.143 E1437.63605
G1 F981.4 X126.363 Y132.143 E1437.65033
G1 X126.363 Y131.85 E1437.6646
G1 F1057.1 X126.405 Y131.523 E1437.67952
G1 F1145.6 X126.406 Y112.752 E1438.46304
G1 F1277.9 X126.456 Y112.069 E1438.48867
G1 F1437.7 X126.456 Y111.536 E1438.5064
G1 X96.856 Y111.536 E1439.4909
G1 X96.856 Y112.069 E1439.50862
G1 F1277.9 X96.906 Y112.752 E1439.53425
G1 F1145.6 X96.908 Y131.523 E1440.31778
G1 F1055.2 X96.949 Y131.85 E1440.33271
G1 F983 X96.949 Y132.143 E1440.34697
G1 X97.242 Y132.143 E1440.36122
G1 F1061 X97.656 Y132.186 E1440.37998
G1 F1147.8 X111.433 Y132.185 E1440.9539
G1 F2400 E1440.1539
;MESH:NONMESH
G0 F300 X111.433 Y132.185 Z20.2
G0 F15000 X111.433 Y131.927
G0 X97.219 Y131.875
G0 X97.219 Y112.315
G0 X97.389 Y112.269
;TIME_ELAPSED:2068.484056
;LAYER:100
;note -- min layer time used
;TYPE:WALL-INNER
;MESH:Camera mount.stl(1)
G1 F2400 E1440.9539
G1 F935.7 X97.533 Y112.249 E1440.96172
G1 F973.3 X99.872 Y112.244 E1441.0827
G1 F2400 E1440.2827
G0 F15000 X100.351 Y112.889
G0 X101.138 Y113.144
G1 F2400 E1441.0827
G1 F1513.5 X101.351 Y113.111 E1441.08987
G1 X101.563 Y113.011 E1441.09766
G1 X101.777 Y112.829 E1441.10701
G1 X101.961 Y112.585 E1441.11717
G1 F1182.4 X102.318 Y112.247 E1441.1381
G1 X101.738 Y112.137 E1441.16323
G1 F1513.5 X100.572 Y112.136 E1441.20201
G1 F1191.7 X99.872 Y112.244 E1441.23193
G1 X100.349 Y112.587 E1441.25675
G1 F1513.5 X100.531 Y112.825 E1441.26671
G1 X100.801 Y113.054 E1441.27849
G1 X101.138 Y113.144 E1441.29009
G0 F15000 X101.759 Y112.535
G0 X102.318 Y112.247
G1 F979.6 X109.755 Y112.242 E1441.67225
G1 F1153.1 X110.522 Y112.154 E1441.70596
G1 F1532.7 X111.656 Y112.112 E1441.74323
G1 F1517.3 X112.828 Y112.158 E1441.78214
G1 F1140.1 X113.559 Y112.244 E1441.81464
G1 F982.8 X120.872 Y112.244 E1442.18922
G1 F2400 E1441.38922
G0 F15000 X121.352 Y112.889
G0 X122.138 Y113.144
G1 F2400 E1442.18922
G1 F1513.5 X122.351 Y113.111 E1442.19639
G1 X122.563 Y113.011 E1442.20418
G1 X122.777 Y112.829 E1442.21353
G1 X122.961 Y112.585 E1442.22369
G1 F1182.4 X123.318 Y112.247 E1442.24462
G1 X122.738 Y112.137 E1442.26975
G1 F1513.5 X121.57 Y112.136 E1442.3086
G1 F1191.7 X120.872 Y112.244 E1442.33843
G1 X121.348 Y112.586 E1442.36319
G1 F1513.5 X121.534 Y112.828 E1442.37334
G1 X121.801 Y113.055 E1442.385
G1 X122.138 Y113.144 E1442.39659
G0 F15000 X122.759 Y112.535
G0 X123.318 Y112.247
G1 F976.5 X125.657 Y112.244 E1442.51718
G1 F944.5 X125.923 Y112.269 E1442.53142
G1 F2400 E1441.73142
G0 F15000 X126.095 Y112.515
G0 X126.095 Y131.875
G0 X111.441 Y131.947
G0 X111.441 Y131.686
;TYPE:WALL-OUTER
G1 F2400 E1442.53142
G1 F1210.8 X97.656 Y131.686 E1443.10453
G1 F1117 X97.449 Y131.643 E1443.11406
G1 F1110.8 X97.407 Y131.48 E1443.12169
G1 F1206 X97.406 Y112.952 E1443.89507
G1 F1345.3 X97.592 Y112.755 E1443.90521
G1 F1513.5 X99.872 Y112.752 E1443.98104
G1 X100.031 Y112.83 E1443.98693
G1 X100.239 Y113.101 E1443.9983
G1 X100.598 Y113.408 E1444.01401
G1 X101.071 Y113.558 E1444.03051
G1 X101.469 Y113.498 E1444.0439
G1 X101.782 Y113.35 E1444.05541
G1 X102.069 Y113.105 E1444.06796
G1 X102.28 Y112.827 E1444.07957
G1 X102.405 Y112.751 E1444.08444
G1 X109.813 Y112.748 E1444.33083
G1 X110.593 Y112.566 E1444.35747
G1 X111.671 Y112.488 E1444.39342
G1 X112.731 Y112.569 E1444.42878
G1 X113.5 Y112.752 E1444.45507
G1 X120.872 Y112.752 E1444.70026
G1 X121.031 Y112.83 E1444.70615
G1 X121.242 Y113.105 E1444.71768
G1 X121.6 Y113.408 E1444.73328
G1 X122.071 Y113.558 E1444.74972
G1 X122.469 Y113.498 E1444.76311
G1 X122.782 Y113.35 E1444.77462
G1 X123.069 Y113.105 E1444.78717
G1 X123.28 Y112.827 E1444.79878
G1 X123.405 Y112.751 E1444.80365
G1 X125.717 Y112.752 E1444.88054
G1 F1345.3 X125.906 Y112.952 E1444.89084
G1 F1206 X125.905 Y131.48 E1445.66423
G1 F1112.9 X125.863 Y131.643 E1445.67184
G1 F1108.8 X125.7 Y131.685 E1445.67948
G1 F1203.6 X111.441 Y131.686 E1446.27586
G0 F15000 X111.433 Y132.185
G1 F1201.2 X125.743 Y132.184 E1446.87556
G1 F1108.8 X126.07 Y132.143 E1446.89052
G1 F1033.1 X126.363 Y132.143 E1446.9048
G1 X126.363 Y131.85 E1446.91908
G1 F1112.9 X126.405 Y131.523 E1446.93399
G1 F1206 X126.406 Y112.952 E1447.70917
G1 F1345.3 X126.456 Y112.269 E1447.73479
G1 F1513.5 X126.456 Y111.736 E1447.75252
G1 X96.856 Y111.736 E1448.73702
G1 X96.856 Y112.269 E1448.75475
G1 F1345.3 X96.906 Y112.952 E1448.78037
G1 F1206 X96.908 Y131.523 E1449.55555
G1 F1110.8 X96.949 Y131.85 E1449.57049
G1 F1034.9 X96.949 Y132.143 E1449.58474
G1 X97.242 Y132.143 E1449.59899
G1 F1117 X97.656 Y132.186 E1449.61775
G1 F1208.4 X111.433 Y132.185 E1450.19168
G1 F2400 E1449.39168
G0 F15000 X111.433 Y131.927
G0 X97.219 Y131.875
G0 X97.219 Y112.515
G0 X101.212 Y112.237
G0 X101.211 Y112.632
;TYPE:SKIN
G1 F2400 E1450.19168
G1 F898.2 X101.169 Y112.705 E1450.1964
G1 X101.085 Y112.705 E1450.20111
G1 X101.043 Y112.632 E1450.20583
G1 X101.085 Y112.559 E1450.21055
G1 X101.169 Y112.559 E1450.21525
G1 X101.211 Y112.632 E1450.21997
G1 F2400 E1449.41997
G0 F15000 X101.212 Y112.237
G0 X97.095 Y111.975
G0 X97.095 Y131.999
G0 X126.219 Y131.999
G0 X126.219 Y111.975
G0 X122.212 Y112.237
G0 X122.211 Y112.632
G1 F2400 E1450.21997
G1 F898.2 X122.169 Y112.705 E1450.22469
G1 X122.085 Y112.705 E1450.2294
G1 X122.043 Y112.632 E1450.23412
G1 X122.085 Y112.559 E1450.23884
G1 X122.169 Y112.559 E1450.24355
G1 X122.211 Y112.632 E1450.24827
G1 F2400 E1449.44827
;MESH:NONMESH
G0 F300 X122.211 Y112.632 Z20.4
G0 F15000 X122.212 Y112.237
G0 X126.219 Y111.975
G0 X126.219 Y131.999
G0 X97.095 Y131.999
G0 X97.095 Y111.975
G0 X97.39 Y112.442
G0 X97.389 Y112.469
;TIME_ELAPSED:2085.924918
;LAYER:101
;note -- min layer time used
;TYPE:WALL-INNER
;MESH:Camera mount.stl(1)
G1 F2400 E1450.24827
G1 F847 X97.533 Y112.449 E1450.25609
G1 F881.1 X100.208 Y112.444 E1450.39444
G0 F15000 X100.844 Y112.579
G0 X101.266 Y112.614
G0 X101.341 Y112.867
G1 F1109.3 X101.696 Y112.645 E1450.41164
G1 F978.6 X101.982 Y112.447 E1450.42784
G1 X101.603 Y112.383 E1450.44573
G1 F1098.2 X100.701 Y112.387 E1450.48316
G1 F980.4 X100.208 Y112.444 E1450.50623
G1 X100.613 Y112.642 E1450.52718
G1 F1091.7 X100.973 Y112.862 E1450.54479
G1 F1100.4 X101.341 Y112.867 E1450.56003
G0 F15000 X101.982 Y112.447
G1 F883.9 X108.59 Y112.444 E1450.9007
G1 F2400 E1450.1007
G0 F15000 X108.159 Y112.524
G0 X97.219 Y112.715
G0 X97.219 Y131.875
G0 X126.095 Y131.875
G0 X126.095 Y112.715
G0 X115.154 Y112.525
G0 X114.723 Y112.444
G1 F2400 E1450.9007
G1 F889.6 X121.208 Y112.444 E1451.23286
G0 F15000 X121.973 Y112.862
G1 F1100.4 X122.341 Y112.867 E1451.2481
G1 F1109.3 X122.696 Y112.645 E1451.2653
G1 F978.6 X122.982 Y112.447 E1451.2815
G1 X122.603 Y112.383 E1451.2994
G1 F1098.2 X121.701 Y112.387 E1451.33682
G1 F980.4 X121.208 Y112.444 E1451.35989
G1 X121.613 Y112.642 E1451.38084
G1 F1091.7 X121.973 Y112.862 E1451.39845
G0 F15000 X122.048 Y112.614
G0 X122.47 Y112.579
G0 X122.982 Y112.447
G1 F883.9 X125.657 Y112.444 E1451.53636
G1 F854.9 X125.923 Y112.469 E1451.5506
G1 F2400 E1450.7506
G0 F15000 X126.095 Y112.715
G0 X126.095 Y131.875
G0 X111.433 Y131.927
G0 X111.433 Y132.185
;TYPE:WALL-OUTER
G1 F2400 E1451.5506
G1 F1087.3 X125.743 Y132.184 E1452.1503
G1 F1003.7 X126.07 Y132.143 E1452.16526
G1 F935.2 X126.363 Y132.143 E1452.17954
G1 X126.363 Y131.85 E1452.19382
G1 F1007.4 X126.405 Y131.523 E1452.20873
G1 F1091.7 X126.406 Y113.152 E1452.97556
G1 F1217.8 X126.456 Y112.469 E1453.00119
G1 F1370 X126.456 Y111.936 E1453.01891
G1 X114.001 Y111.936 E1453.43317
G1 X114.165 Y112.187 E1453.44314
G1 X114.114 Y112.48 E1453.45303
G1 X113.916 Y112.644 E1453.46158
G1 X113.846 Y112.644 E1453.46391
G1 X114.627 Y112.952 E1453.49183
G1 X121.208 Y112.952 E1453.71072
G1 X121.333 Y112.995 E1453.71512
G1 X121.527 Y113.149 E1453.72335
G1 X121.84 Y113.298 E1453.73488
G1 X122.156 Y113.346 E1453.74551
G1 X122.472 Y113.298 E1453.75615
G1 X122.784 Y113.149 E1453.76765
G1 X123.069 Y112.951 E1453.77919
G1 X125.717 Y112.952 E1453.86726
G1 F1217.8 X125.906 Y113.152 E1453.87756
G1 F1091.7 X125.905 Y131.48 E1454.64259
G1 F1007.4 X125.863 Y131.643 E1454.65021
G1 F1003.7 X125.7 Y131.685 E1454.65785
G1 F1091.7 X97.656 Y131.686 E1455.82845
G1 F1011.1 X97.449 Y131.643 E1455.83798
G1 F1005.5 X97.407 Y131.48 E1455.8456
G1 F1091.7 X97.406 Y113.152 E1456.61064
G1 F1217.8 X97.592 Y112.955 E1456.62078
G1 F1370 X100.208 Y112.952 E1456.70779
G1 X100.333 Y112.995 E1456.71218
G1 X100.527 Y113.149 E1456.72042
G1 X100.84 Y113.298 E1456.73195
G1 X101.156 Y113.346 E1456.74258
G1 X101.472 Y113.298 E1456.75321
G1 X101.784 Y113.149 E1456.76471
G1 X102.069 Y112.951 E1456.77626
G1 X108.686 Y112.952 E1456.99634
G1 X109.466 Y112.644 E1457.02423
G1 X109.396 Y112.644 E1457.02656
G1 X109.199 Y112.483 E1457.03502
G1 X109.148 Y112.215 E1457.0441
G1 X109.267 Y111.991 E1457.05253
G1 X109.403 Y111.936 E1457.05741
G1 X96.856 Y111.936 E1457.47473
G1 X96.856 Y112.469 E1457.49245
G1 F1217.8 X96.906 Y113.152 E1457.51808
G1 F1091.7 X96.908 Y131.523 E1458.28491
G1 F1005.5 X96.949 Y131.85 E1458.29985
G1 F936.8 X96.949 Y132.143 E1458.3141
G1 X97.242 Y132.143 E1458.32835
G1 F1011.1 X97.656 Y132.186 E1458.34711
G1 F1093.8 X111.433 Y132.185 E1458.92103
G1 F2400 E1458.12103
;MESH:NONMESH
G0 F300 X111.433 Y132.185 Z20.6
G0 F15000 X111.433 Y131.927
G0 X97.219 Y131.875
G0 X97.219 Y112.715
G0 X97.389 Y112.669
;TIME_ELAPSED:2101.696183
;LAYER:102
;note -- min layer time used
;TYPE:WALL-INNER
;MESH:Camera mount.stl(1)
G1 F2400 E1458.92103
G1 F801.5 X97.533 Y112.649 E1458.92886
G1 F835 X107.659 Y112.642 E1459.45173
G1 F2400 E1458.65173
G0 F15000 X107.383 Y112.714
G0 X97.219 Y112.915
G0 X97.219 Y131.875
G0 X126.095 Y131.875
G0 X126.095 Y112.915
G0 X115.929 Y112.718
G0 X115.65 Y112.644
G1 F2400 E1459.45173
G1 F841.8 X125.656 Y112.644 E1459.96424
G1 F809 X125.923 Y112.669 E1459.97853
G1 F2400 E1459.17853
G0 F15000 X126.095 Y112.915
G0 X126.095 Y131.875
G0 X111.433 Y131.927
G0 X111.433 Y132.185
;TYPE:WALL-OUTER
G1 F2400 E1459.97853
G1 F1028.9 X125.743 Y132.184 E1460.57823
G1 F949.7 X126.07 Y132.143 E1460.59319
G1 F884.9 X126.363 Y132.143 E1460.60747
G1 X126.363 Y131.85 E1460.62175
G1 F953.2 X126.405 Y131.523 E1460.63666
G1 F1033 X126.406 Y113.352 E1461.39515
G1 F1152.3 X126.456 Y112.669 E1461.42077
G1 F1296.4 X126.456 Y112.136 E1461.4385
G1 X114.925 Y112.136 E1461.82202
G1 X115.062 Y112.19 E1461.82692
G1 X115.182 Y112.426 E1461.83572
G1 X115.114 Y112.694 E1461.84492
G1 X114.92 Y112.844 E1461.85308
G1 X114.829 Y112.844 E1461.8561
G1 X115.381 Y113.152 E1461.87713
G1 X125.717 Y113.152 E1462.2209
G1 F1152.3 X125.906 Y113.352 E1462.2312
G1 F1033 X125.905 Y131.48 E1462.98789
G1 F953.2 X125.863 Y131.643 E1462.9955
G1 F949.7 X125.7 Y131.685 E1463.00315
G1 F1033 X97.656 Y131.686 E1464.17374
G1 F956.7 X97.449 Y131.643 E1464.18327
G1 F951.5 X97.407 Y131.48 E1464.1909
G1 F1033 X97.406 Y113.352 E1464.94759
G1 F1152.3 X97.592 Y113.155 E1464.95773
G1 F1296.4 X107.931 Y113.148 E1465.3016
G1 X108.475 Y112.844 E1465.32233
G1 X108.388 Y112.844 E1465.32522
G1 X108.194 Y112.694 E1465.33338
G1 X108.126 Y112.426 E1465.34258
G1 X108.246 Y112.19 E1465.35138
G1 X108.385 Y112.136 E1465.35634
G1 X96.856 Y112.136 E1465.7398
G1 X96.856 Y112.669 E1465.75753
G1 F1152.3 X96.906 Y113.352 E1465.78315
G1 F1033 X96.908 Y131.523 E1466.54163
G1 F951.5 X96.949 Y131.85 E1466.55657
G1 F886.4 X96.949 Y132.143 E1466.57082
G1 X97.242 Y132.143 E1466.58507
G1 F956.7 X97.656 Y132.186 E1466.60383
G1 F1035 X111.433 Y132.185 E1467.17776
G1 F2400 E1466.37776
;MESH:NONMESH
G0 F300 X111.433 Y132.185 Z20.8
G0 F15000 X111.433 Y131.927
G0 X97.219 Y131.875
G0 X97.219 Y112.915
G0 X97.389 Y112.869
;TIME_ELAPSED:2117.026011
;LAYER:103
;note -- min layer time used
;TYPE:WALL-INNER
;MESH:Camera mount.stl(1)
G1 F2400 E1467.17776
G1 F780.7 X97.533 Y112.849 E1467.18558
G1 F814.7 X106.95 Y112.842 E1467.67106
G1 F2400 E1466.87106
G0 F15000 X106.736 Y112.913
G0 X97.219 Y113.115
G0 X97.219 Y131.875
G0 X126.095 Y131.875
G0 X126.095 Y113.115
G0 X116.576 Y112.916
G0 X116.362 Y112.844
G1 F2400 E1467.67106
G1 F820 X125.656 Y112.844 E1468.1471
G1 F788 X125.923 Y112.869 E1468.16139
G1 F2400 E1467.36139
G0 F15000 X126.095 Y113.115
G0 X126.095 Y131.875
G0 X111.433 Y131.927
G0 X111.433 Y132.185
;TYPE:WALL-OUTER
G1 F2400 E1468.16139
G1 F1002.3 X125.743 Y132.184 E1468.76109
G1 F925.2 X126.07 Y132.143 E1468.77606
G1 F862 X126.363 Y132.143 E1468.79033
G1 X126.363 Y131.85 E1468.80461
G1 F928.6 X126.405 Y131.523 E1468.81952
G1 F1006.3 X126.406 Y113.552 E1469.56966
G1 F1122.5 X126.456 Y112.869 E1469.59528
G1 F1262.8 X126.456 Y112.336 E1469.61301
G1 X115.641 Y112.337 E1469.97272
G1 X115.794 Y112.421 E1469.97853
G1 X115.889 Y112.649 E1469.98674
G1 X115.815 Y112.917 E1469.99599
G1 X115.739 Y113.011 E1470.00001
G1 X115.546 Y113.044 E1470.00652
G1 X115.764 Y113.171 E1470.01491
G1 X116.007 Y113.352 E1470.02499
G1 X125.717 Y113.352 E1470.34795
G1 F1122.5 X125.906 Y113.552 E1470.35824
G1 F1006.3 X125.905 Y131.48 E1471.10658
G1 F928.6 X125.863 Y131.643 E1471.1142
G1 F925.2 X125.7 Y131.685 E1471.12184
G1 F1006.3 X97.656 Y131.686 E1472.29244
G1 F932 X97.449 Y131.643 E1472.30196
G1 F926.9 X97.407 Y131.48 E1472.30959
G1 F1006.3 X97.406 Y113.552 E1473.05793
G1 F1122.5 X97.592 Y113.355 E1473.06807
G1 F1262.8 X107.305 Y113.348 E1473.39113
G1 X107.565 Y113.157 E1473.40186
G1 X107.768 Y113.044 E1473.40959
G1 X107.57 Y113.012 E1473.41626
G1 X107.494 Y112.918 E1473.42028
G1 X107.422 Y112.646 E1473.42963
G1 X107.518 Y112.421 E1473.43777
G1 X107.671 Y112.337 E1473.44358
G1 X96.856 Y112.336 E1473.80328
G1 X96.856 Y112.869 E1473.82101
G1 F1122.5 X96.906 Y113.552 E1473.84664
G1 F1006.3 X96.908 Y131.523 E1474.59677
G1 F926.9 X96.949 Y131.85 E1474.61171
G1 F863.5 X96.949 Y132.143 E1474.62596
G1 X97.242 Y132.143 E1474.64021
G1 F932 X97.656 Y132.186 E1474.65897
G1 F1008.3 X111.433 Y132.185 E1475.2329
G1 F2400 E1474.4329
;MESH:NONMESH
G0 F300 X111.433 Y132.185 Z21
G0 F15000 X111.433 Y131.927
G0 X97.219 Y131.875
G0 X97.219 Y113.115
G0 X97.389 Y113.069
;TIME_ELAPSED:2132.332043
;LAYER:104
;note -- min layer time used
;TYPE:WALL-INNER
;MESH:Camera mount.stl(1)
G1 F2400 E1475.2329
G1 F762.6 X97.533 Y113.049 E1475.24072
G1 F793.3 X106.346 Y113.044 E1475.69652
G1 F2400 E1474.89652
G0 F15000 X106.197 Y113.093
G0 X97.219 Y113.315
G0 X97.219 Y131.875
G0 X126.095 Y131.875
G0 X126.095 Y113.315
G0 X117.116 Y113.094
G0 X116.966 Y113.044
G1 F2400 E1475.69652
G1 F801 X125.656 Y113.044 E1476.14163
G1 F769.8 X125.923 Y113.069 E1476.15592
G1 F2400 E1475.35592
G0 F15000 X126.095 Y113.315
G0 X126.095 Y131.875
G0 X111.433 Y131.927
G0 X111.433 Y132.185
;TYPE:WALL-OUTER
G1 F2400 E1476.15592
G1 F979 X125.743 Y132.184 E1476.75562
G1 F903.7 X126.07 Y132.143 E1476.77059
G1 F842 X126.363 Y132.143 E1476.78486
G1 X126.363 Y131.85 E1476.79914
G1 F907 X126.405 Y131.523 E1476.81405
G1 F982.9 X126.406 Y113.752 E1477.55584
G1 F1096.5 X126.456 Y113.069 E1477.58146
G1 F1233.5 X126.456 Y112.536 E1477.59919
G1 X116.253 Y112.537 E1477.93854
G1 X116.415 Y112.654 E1477.94519
G1 X116.486 Y112.88 E1477.95307
G1 X116.395 Y113.143 E1477.96233
G1 X116.22 Y113.244 E1477.96905
G1 X116.134 Y113.244 E1477.97191
G1 X116.543 Y113.552 E1477.98894
G1 X125.717 Y113.552 E1478.29406
G1 F1096.5 X125.906 Y113.752 E1478.30436
G1 F982.9 X125.905 Y131.48 E1479.04435
G1 F907 X125.863 Y131.643 E1479.05197
G1 F903.7 X125.7 Y131.685 E1479.05961
G1 F982.9 X97.656 Y131.686 E1480.23021
G1 F910.4 X97.449 Y131.643 E1480.23974
G1 F905.4 X97.407 Y131.48 E1480.24736
G1 F982.9 X97.406 Y113.752 E1480.98736
G1 F1096.5 X97.592 Y113.555 E1480.99749
G1 F1233.5 X106.769 Y113.552 E1481.30272
G1 X107.179 Y113.244 E1481.31978
G1 X107.088 Y113.244 E1481.32281
G1 X106.914 Y113.144 E1481.32948
G1 X106.825 Y112.877 E1481.33884
G1 X106.897 Y112.655 E1481.3466
G1 X107.057 Y112.536 E1481.35324
G1 X96.856 Y112.536 E1481.69252
G1 X96.856 Y113.069 E1481.71025
G1 F1096.5 X96.906 Y113.752 E1481.73587
G1 F982.9 X96.908 Y131.523 E1482.47766
G1 F905.4 X96.949 Y131.85 E1482.4926
G1 F843.4 X96.949 Y132.143 E1482.50685
G1 X97.242 Y132.143 E1482.5211
G1 F910.4 X97.656 Y132.186 E1482.53986
G1 F984.9 X111.433 Y132.185 E1483.11379
G1 F2400 E1482.31379
;MESH:NONMESH
G0 F300 X111.433 Y132.185 Z21.2
G0 F15000 X111.433 Y131.927
G0 X97.219 Y131.875
G0 X97.219 Y113.315
G0 X97.389 Y113.269
;TIME_ELAPSED:2147.620600
;LAYER:105
;note -- min layer time used
;TYPE:WALL-INNER
;MESH:Camera mount.stl(1)
G1 F2400 E1483.11379
G1 F746.3 X97.533 Y113.249 E1483.12161
G1 F778.8 X105.811 Y113.242 E1483.54837
G1 F2400 E1482.74837
G0 F15000 X105.717 Y113.279
G0 X97.219 Y113.515
G0 X97.219 Y131.875
G0 X126.095 Y131.875
G0 X126.095 Y113.515
G0 X117.593 Y113.287
G0 X117.496 Y113.247
G1 F2400 E1483.54837
G1 F787.7 X125.656 Y113.244 E1483.96429
G1 F753.3 X125.923 Y113.269 E1483.97858
G1 F2400 E1483.17858
G0 F15000 X126.095 Y113.515
G0 X126.095 Y131.875
G0 X111.433 Y131.927
G0 X111.433 Y132.185
;TYPE:WALL-OUTER
G1 F2400 E1483.97858
G1 F958.1 X125.743 Y132.184 E1484.57828
G1 F884.4 X126.07 Y132.143 E1484.59325
G1 F824 X126.363 Y132.143 E1484.60752
G1 X126.363 Y131.85 E1484.6218
G1 F887.6 X126.405 Y131.523 E1484.63671
G1 F961.9 X126.406 Y113.952 E1485.37015
G1 F1073 X126.456 Y113.269 E1485.39578
G1 F1207.2 X126.456 Y112.736 E1485.4135
G1 X116.783 Y112.736 E1485.73523
G1 X116.949 Y112.86 E1485.74212
G1 X117.018 Y113.085 E1485.74995
G1 X116.905 Y113.374 E1485.76027
G1 X116.663 Y113.444 E1485.76865
G1 X116.988 Y113.752 E1485.78354
G1 X125.717 Y113.752 E1486.07387
G1 F1073 X125.906 Y113.952 E1486.08416
G1 F961.9 X125.905 Y131.48 E1486.81581
G1 F887.6 X125.863 Y131.643 E1486.82342
G1 F884.4 X125.7 Y131.685 E1486.83106
G1 F961.9 X97.656 Y131.686 E1488.00166
G1 F890.9 X97.449 Y131.643 E1488.01119
G1 F886 X97.407 Y131.48 E1488.01882
G1 F961.9 X97.406 Y113.952 E1488.75046
G1 F1073 X97.592 Y113.755 E1488.7606
G1 F1207.2 X106.322 Y113.748 E1489.05096
G1 X106.632 Y113.448 E1489.06531
G1 X106.403 Y113.374 E1489.07331
G1 X106.29 Y113.081 E1489.08376
G1 X106.361 Y112.854 E1489.09167
G1 X106.521 Y112.737 E1489.09826
G1 X96.856 Y112.736 E1489.41972
G1 X96.856 Y113.269 E1489.43745
G1 F1073 X96.906 Y113.952 E1489.46307
G1 F961.9 X96.908 Y131.523 E1490.19651
G1 F886 X96.949 Y131.85 E1490.21145
G1 F825.4 X96.949 Y132.143 E1490.2257
G1 X97.242 Y132.143 E1490.23995
G1 F890.9 X97.656 Y132.186 E1490.25871
G1 F963.8 X111.433 Y132.185 E1490.83264
G1 F2400 E1490.03264
;MESH:NONMESH
G0 F300 X111.433 Y132.185 Z21.4
G0 F15000 X111.433 Y131.927
G0 X97.219 Y131.875
G0 X97.219 Y113.515
G0 X97.389 Y113.469
;TIME_ELAPSED:2162.890876
;LAYER:106
;note -- min layer time used
;TYPE:WALL-INNER
;MESH:Camera mount.stl(1)
G1 F2400 E1490.83264
G1 F732.3 X97.533 Y113.449 E1490.84046
G1 F764.2 X105.373 Y113.442 E1491.24464
G1 F2400 E1490.44464
G0 F15000 X105.299 Y113.471
G0 X97.219 Y113.715
G0 X97.219 Y131.875
G0 X126.095 Y131.875
G0 X126.095 Y113.715
G0 X118.013 Y113.475
G0 X117.937 Y113.444
G1 F2400 E1491.24464
G1 F769.2 X125.656 Y113.444 E1491.64001
G1 F739.2 X125.923 Y113.469 E1491.6543
G1 F2400 E1490.8543
G0 F15000 X126.095 Y113.715
G0 X126.095 Y131.875
G0 X111.433 Y131.927
G0 X111.433 Y132.185
;TYPE:WALL-OUTER
G1 F2400 E1491.6543
G1 F940.1 X125.743 Y132.184 E1492.254
G1 F867.8 X126.07 Y132.143 E1492.26896
G1 F808.6 X126.363 Y132.143 E1492.28324
G1 X126.363 Y131.85 E1492.29752
G1 F871 X126.405 Y131.523 E1492.31243
G1 F943.9 X126.406 Y114.152 E1493.03752
G1 F1052.9 X126.456 Y113.469 E1493.06315
G1 F1184.5 X126.456 Y112.936 E1493.08087
G1 X117.237 Y112.936 E1493.3875
G1 X117.399 Y113.091 E1493.39496
G1 X117.452 Y113.295 E1493.40197
G1 X117.327 Y113.577 E1493.41223
G1 X117.085 Y113.644 E1493.42058
G1 X117.405 Y113.952 E1493.43535
G1 X125.717 Y113.952 E1493.71181
G1 F1052.9 X125.906 Y114.152 E1493.7221
G1 F943.9 X125.905 Y131.48 E1494.4454
G1 F871 X125.863 Y131.643 E1494.45301
G1 F867.8 X125.7 Y131.685 E1494.46066
G1 F943.9 X97.656 Y131.686 E1495.63125
G1 F874.2 X97.449 Y131.643 E1495.64078
G1 F869.4 X97.407 Y131.48 E1495.64841
G1 F943.9 X97.406 Y114.152 E1496.37171
G1 F1052.9 X97.592 Y113.955 E1496.38184
G1 F1184.5 X105.907 Y113.948 E1496.6584
G1 X106.224 Y113.644 E1496.67301
G1 X105.983 Y113.578 E1496.68132
G1 X105.856 Y113.295 E1496.69164
G1 X105.909 Y113.091 E1496.69865
G1 X106.071 Y112.936 E1496.70611
G1 X96.856 Y112.936 E1497.0126
G1 X96.856 Y113.469 E1497.03033
G1 F1052.9 X96.906 Y114.152 E1497.05595
G1 F943.9 X96.908 Y131.523 E1497.78104
G1 F869.4 X96.949 Y131.85 E1497.79598
G1 F809.9 X96.949 Y132.143 E1497.81023
G1 X97.242 Y132.143 E1497.82448
G1 F874.2 X97.656 Y132.186 E1497.84324
G1 F945.7 X111.433 Y132.185 E1498.41717
G1 F2400 E1497.61717
;MESH:NONMESH
G0 F300 X111.433 Y132.185 Z21.6
G0 F15000 X111.433 Y131.927
G0 X97.219 Y131.875
G0 X97.219 Y113.715
G0 X97.389 Y113.669
;TIME_ELAPSED:2178.145381
;LAYER:107
;note -- min layer time used
;TYPE:WALL-INNER
;MESH:Camera mount.stl(1)
G1 F2400 E1498.41717
G1 F718.8 X97.533 Y113.649 E1498.42499
G1 F750.1 X104.957 Y113.642 E1498.80772
G1 F2400 E1498.00772
G0 F15000 X104.904 Y113.666
G0 X97.219 Y113.915
G0 X97.219 Y131.875
G0 X126.095 Y131.875
G0 X126.095 Y113.915
G0 X118.408 Y113.668
G0 X118.357 Y113.644
G1 F2400 E1498.80772
G1 F755 X125.656 Y113.644 E1499.18158
G1 F725.5 X125.923 Y113.669 E1499.19587
G1 F2400 E1498.39587
G0 F15000 X126.095 Y113.915
G0 X126.095 Y131.875
G0 X111.433 Y131.927
G0 X111.433 Y132.185
;TYPE:WALL-OUTER
G1 F2400 E1499.19587
G1 F922.8 X125.743 Y132.184 E1499.79557
G1 F851.8 X126.07 Y132.143 E1499.81053
G1 F793.6 X126.363 Y132.143 E1499.82481
G1 X126.363 Y131.85 E1499.83909
G1 F854.9 X126.405 Y131.523 E1499.854
G1 F926.4 X126.406 Y114.352 E1500.57074
G1 F1033.5 X126.456 Y113.669 E1500.59637
G1 F1162.7 X126.456 Y113.136 E1500.61409
G1 X117.656 Y113.136 E1500.90678
G1 X117.819 Y113.291 E1500.91426
G1 X117.872 Y113.495 E1500.92127
G1 X117.729 Y113.794 E1500.9323
G1 X117.519 Y113.844 E1500.93948
G1 X117.768 Y114.152 E1500.95265
G1 X125.717 Y114.152 E1501.21704
G1 F1033.5 X125.906 Y114.352 E1501.22733
G1 F926.4 X125.905 Y131.48 E1501.94228
G1 F854.9 X125.863 Y131.643 E1501.94989
G1 F851.8 X125.7 Y131.685 E1501.95754
G1 F926.4 X97.656 Y131.686 E1503.12813
G1 F858.1 X97.449 Y131.643 E1503.13766
G1 F853.3 X97.407 Y131.48 E1503.14529
G1 F926.4 X97.406 Y114.352 E1503.86024
G1 F1033.5 X97.592 Y114.155 E1503.87038
G1 F1162.7 X105.546 Y114.148 E1504.13493
G1 X105.801 Y113.844 E1504.14812
G1 X105.584 Y113.795 E1504.15552
G1 X105.44 Y113.495 E1504.16659
G1 X105.493 Y113.291 E1504.1736
G1 X105.655 Y113.136 E1504.18106
G1 X96.856 Y113.136 E1504.47371
G1 X96.856 Y113.669 E1504.49144
G1 F1033.5 X96.906 Y114.352 E1504.51707
G1 F926.4 X96.908 Y131.523 E1505.23381
G1 F853.3 X96.949 Y131.85 E1505.24874
G1 F795 X96.949 Y132.143 E1505.263
G1 X97.242 Y132.143 E1505.27725
G1 F858.1 X97.656 Y132.186 E1505.29601
G1 F928.3 X111.433 Y132.185 E1505.86993
G1 F2400 E1505.06993
;MESH:NONMESH
G0 F300 X111.433 Y132.185 Z21.8
G0 F15000 X111.433 Y131.927
G0 X97.219 Y131.875
G0 X97.219 Y113.915
G0 X97.389 Y113.869
;TIME_ELAPSED:2193.385601
;LAYER:108
;note -- min layer time used
;TYPE:WALL-INNER
;MESH:Camera mount.stl(1)
G1 F2400 E1505.86993
G1 F706.9 X97.533 Y113.849 E1505.87776
G1 F735.3 X104.599 Y113.844 E1506.24321
G1 F2400 E1505.44321
G0 F15000 X104.567 Y113.858
G0 X97.219 Y114.115
G0 X97.219 Y131.875
G0 X126.095 Y131.875
G0 X126.095 Y114.115
G0 X118.745 Y113.86
G0 X118.713 Y113.844
G1 F2400 E1506.24321
G1 F742.5 X125.656 Y113.844 E1506.59883
G1 F713.5 X125.923 Y113.869 E1506.61312
G1 F2400 E1505.81312
G0 F15000 X126.095 Y114.115
G0 X126.095 Y131.875
G0 X111.433 Y131.927
G0 X111.433 Y132.185
;TYPE:WALL-OUTER
G1 F2400 E1506.61312
G1 F907.5 X125.743 Y132.184 E1507.21282
G1 F837.7 X126.07 Y132.143 E1507.22779
G1 F780.5 X126.363 Y132.143 E1507.24206
G1 X126.363 Y131.85 E1507.25634
G1 F840.7 X126.405 Y131.523 E1507.27125
G1 F911.1 X126.406 Y114.552 E1507.97965
G1 F1016.4 X126.456 Y113.869 E1508.00527
G1 F1143.4 X126.456 Y113.336 E1508.023
G1 X118.028 Y113.336 E1508.30332
G1 X118.186 Y113.523 E1508.31146
G1 X118.225 Y113.707 E1508.31771
G1 X118.068 Y113.998 E1508.32871
G1 X117.847 Y114.044 E1508.33622
G1 X118.102 Y114.352 E1508.34952
G1 X125.717 Y114.352 E1508.60279
G1 F1016.4 X125.906 Y114.552 E1508.61309
G1 F911.1 X125.905 Y131.48 E1509.31969
G1 F840.7 X125.863 Y131.643 E1509.3273
G1 F837.7 X125.7 Y131.685 E1509.33495
G1 F911.1 X97.656 Y131.686 E1510.50554
G1 F843.8 X97.449 Y131.643 E1510.51507
G1 F839.2 X97.407 Y131.48 E1510.5227
G1 F911.1 X97.406 Y114.552 E1511.2293
G1 F1016.4 X97.592 Y114.355 E1511.23944
G1 F1143.4 X105.21 Y114.352 E1511.49281
G1 X105.466 Y114.044 E1511.50613
G1 X105.242 Y114 E1511.51373
G1 X105.087 Y113.707 E1511.52475
G1 X105.126 Y113.524 E1511.53097
G1 X105.283 Y113.336 E1511.53912
G1 X96.856 Y113.336 E1511.8194
G1 X96.856 Y113.869 E1511.83713
G1 F1016.4 X96.906 Y114.552 E1511.86276
G1 F911.1 X96.908 Y131.523 E1512.57115
G1 F839.2 X96.949 Y131.85 E1512.58609
G1 F781.8 X96.949 Y132.143 E1512.60034
G1 X97.242 Y132.143 E1512.61459
G1 F843.8 X97.656 Y132.186 E1512.63335
G1 F912.9 X111.433 Y132.185 E1513.20728
G1 F2400 E1512.40728
;MESH:NONMESH
G0 F300 X111.433 Y132.185 Z22
G0 F15000 X111.433 Y131.927
G0 X97.219 Y131.875
G0 X97.219 Y114.115
G0 X97.389 Y114.069
;TIME_ELAPSED:2208.610373
;LAYER:109
;note -- min layer time used
;TYPE:WALL-INNER
;MESH:Camera mount.stl(1)
G1 F2400 E1513.20728
G1 F695.4 X97.533 Y114.049 E1513.2151
G1 F723.4 X104.267 Y114.044 E1513.56338
G1 F2400 E1512.76338
G0 F15000 X104.234 Y114.059
G0 X97.219 Y114.315
G0 X97.219 Y131.875
G0 X126.095 Y131.875
G0 X126.095 Y114.315
G0 X119.079 Y114.06
G0 X119.045 Y114.044
G1 F2400 E1513.56338
G1 F730.4 X125.656 Y114.044 E1513.902
G1 F702 X125.923 Y114.069 E1513.91629
G1 F2400 E1513.11629
G0 F15000 X126.095 Y114.315
G0 X126.095 Y131.875
G0 X111.433 Y131.927
G0 X111.433 Y132.185
;TYPE:WALL-OUTER
G1 F2400 E1513.91629
G1 F892.8 X125.743 Y132.184 E1514.51599
G1 F824.1 X126.07 Y132.143 E1514.53095
G1 F767.8 X126.363 Y132.143 E1514.54523
G1 X126.363 Y131.85 E1514.5595
G1 F827.1 X126.405 Y131.523 E1514.57442
G1 F896.3 X126.406 Y114.752 E1515.27446
G1 F999.9 X126.456 Y114.069 E1515.30009
G1 F1124.9 X126.456 Y113.536 E1515.31782
G1 X118.363 Y113.536 E1515.58699
G1 X118.518 Y113.724 E1515.59509
G1 X118.557 Y113.907 E1515.60132
G1 X118.382 Y114.214 E1515.61307
G1 X118.179 Y114.244 E1515.6199
G1 X118.436 Y114.552 E1515.63324
G1 X125.717 Y114.552 E1515.87541
G1 F999.9 X125.906 Y114.752 E1515.8857
G1 F896.3 X125.905 Y131.48 E1516.58395
G1 F827.1 X125.863 Y131.643 E1516.59157
G1 F824.1 X125.7 Y131.685 E1516.59921
G1 F896.3 X97.656 Y131.686 E1517.76981
G1 F830.2 X97.449 Y131.643 E1517.77933
G1 F825.6 X97.407 Y131.48 E1517.78696
G1 F896.3 X97.406 Y114.752 E1518.48521
G1 F999.9 X97.592 Y114.555 E1518.49535
G1 F1124.9 X104.876 Y114.552 E1518.73762
G1 X105.131 Y114.244 E1518.75092
G1 X104.931 Y114.215 E1518.75764
G1 X104.755 Y113.907 E1518.76944
G1 X104.794 Y113.723 E1518.77569
G1 X104.952 Y113.536 E1518.78384
G1 X96.856 Y113.536 E1519.05311
G1 X96.856 Y114.069 E1519.07084
G1 F999.9 X96.906 Y114.752 E1519.09646
G1 F896.3 X96.908 Y131.523 E1519.79651
G1 F825.6 X96.949 Y131.85 E1519.81144
G1 F769.2 X96.949 Y132.143 E1519.8257
G1 X97.242 Y132.143 E1519.83995
G1 F830.2 X97.656 Y132.186 E1519.85871
G1 F898.1 X111.433 Y132.185 E1520.43263
G1 F2400 E1519.63263
;MESH:NONMESH
G0 F300 X111.433 Y132.185 Z22.2
G0 F15000 X111.433 Y131.927
G0 X97.219 Y131.875
G0 X97.219 Y114.315
G0 X97.389 Y114.269
;TIME_ELAPSED:2223.820489
;LAYER:110
;note -- min layer time used
;TYPE:WALL-INNER
;MESH:Camera mount.stl(1)
G1 F2400 E1520.43263
G1 F684.6 X97.533 Y114.249 E1520.44045
G1 F712.1 X103.95 Y114.244 E1520.77234
G1 F2400 E1519.97234
G0 F15000 X103.944 Y114.217
G0 X97.219 Y114.515
G0 X97.219 Y131.875
G0 X126.095 Y131.875
G0 X126.095 Y114.515
G0 X119.371 Y114.217
G0 X119.362 Y114.244
G1 F2400 E1520.77234
G1 F719 X125.656 Y114.244 E1521.09472
G1 F691 X125.923 Y114.269 E1521.10901
G1 F2400 E1520.30901
G0 F15000 X126.095 Y114.515
G0 X126.095 Y131.875
G0 X111.433 Y131.927
G0 X111.433 Y132.185
;TYPE:WALL-OUTER
G1 F2400 E1521.10901
G1 F878.8 X125.743 Y132.184 E1521.70871
G1 F811.2 X126.07 Y132.143 E1521.72368
G1 F755.9 X126.363 Y132.143 E1521.73795
G1 X126.363 Y131.85 E1521.75223
G1 F814.2 X126.405 Y131.523 E1521.76714
G1 F882.3 X126.406 Y114.952 E1522.45884
G1 F984.3 X126.456 Y114.269 E1522.48447
G1 F1107.3 X126.456 Y113.736 E1522.50219
G1 X118.692 Y113.736 E1522.76043
G1 X118.842 Y113.955 E1522.76925
G1 X118.87 Y114.118 E1522.77475
G1 X118.689 Y114.415 E1522.78632
G1 X118.478 Y114.444 E1522.79341
G1 X118.687 Y114.752 E1522.80579
G1 X125.717 Y114.752 E1523.03961
G1 F984.3 X125.906 Y114.952 E1523.0499
G1 F882.3 X125.905 Y131.48 E1523.7398
G1 F814.2 X125.863 Y131.643 E1523.74742
G1 F811.2 X125.7 Y131.685 E1523.75506
G1 F882.3 X97.656 Y131.686 E1524.92566
G1 F817.2 X97.449 Y131.643 E1524.93519
G1 F812.7 X97.407 Y131.48 E1524.94281
G1 F882.3 X97.406 Y114.952 E1525.63272
G1 F984.3 X97.592 Y114.755 E1525.64286
G1 F1107.3 X104.625 Y114.752 E1525.87677
G1 X104.832 Y114.444 E1525.88912
G1 X104.623 Y114.415 E1525.89613
G1 X104.442 Y114.118 E1525.9077
G1 X104.469 Y113.957 E1525.91313
G1 X104.616 Y113.736 E1525.92196
G1 X96.856 Y113.736 E1526.18006
G1 X96.856 Y114.269 E1526.19779
G1 F984.3 X96.906 Y114.952 E1526.22341
G1 F882.3 X96.908 Y131.523 E1526.91511
G1 F812.7 X96.949 Y131.85 E1526.93004
G1 F757.1 X96.949 Y132.143 E1526.9443
G1 X97.242 Y132.143 E1526.95855
G1 F817.2 X97.656 Y132.186 E1526.97731
G1 F884.1 X111.433 Y132.185 E1527.55123
G1 F2400 E1526.75123
;MESH:NONMESH
G0 F300 X111.433 Y132.185 Z22.4
G0 F15000 X111.433 Y131.927
G0 X97.219 Y131.875
G0 X97.219 Y114.515
G0 X97.389 Y114.469
;TIME_ELAPSED:2239.022567
;LAYER:111
;note -- min layer time used
;TYPE:WALL-INNER
;MESH:Camera mount.stl(1)
G1 F2400 E1527.55123
G1 F674.7 X97.533 Y114.449 E1527.55905
G1 F701.8 X103.682 Y114.444 E1527.87708
G1 F2400 E1527.07708
G0 F15000 X103.675 Y114.417
G0 X97.219 Y114.715
G0 X97.219 Y131.875
G0 X126.095 Y131.875
G0 X126.095 Y114.715
G0 X119.639 Y114.416
G0 X119.63 Y114.444
G1 F2400 E1527.87708
G1 F708.7 X125.656 Y114.444 E1528.18573
G1 F681 X125.923 Y114.469 E1528.20003
G1 F2400 E1527.40003
G0 F15000 X126.095 Y114.715
G0 X126.095 Y131.875
G0 X111.433 Y131.927
G0 X111.433 Y132.185
;TYPE:WALL-OUTER
G1 F2400 E1528.20003
G1 F866.2 X125.743 Y132.184 E1528.79973
G1 F799.5 X126.07 Y132.143 E1528.81469
G1 F744.9 X126.363 Y132.143 E1528.82897
G1 X126.363 Y131.85 E1528.84324
G1 F802.5 X126.405 Y131.523 E1528.85816
G1 F869.6 X126.406 Y115.152 E1529.54151
G1 F970.1 X126.456 Y114.469 E1529.56713
G1 F1091.4 X126.456 Y113.936 E1529.58486
G1 X118.962 Y113.936 E1529.83411
G1 X119.11 Y114.155 E1529.8429
G1 X119.138 Y114.318 E1529.8484
G1 X118.955 Y114.613 E1529.85995
G1 X118.748 Y114.644 E1529.86691
G1 X118.955 Y114.952 E1529.87925
G1 X125.717 Y114.952 E1530.10416
G1 F970.1 X125.906 Y115.152 E1530.11445
G1 F869.6 X125.905 Y131.48 E1530.79601
G1 F802.5 X125.863 Y131.643 E1530.80362
G1 F799.5 X125.7 Y131.685 E1530.81126
G1 F869.6 X97.656 Y131.686 E1531.98186
G1 F805.4 X97.449 Y131.643 E1531.99139
G1 F801 X97.407 Y131.48 E1531.99902
G1 F869.6 X97.406 Y115.152 E1532.68057
G1 F970.1 X97.592 Y114.955 E1532.69071
G1 F1091.4 X104.356 Y114.952 E1532.91568
G1 X104.562 Y114.643 E1532.92803
G1 X104.355 Y114.614 E1532.93499
G1 X104.174 Y114.318 E1532.94653
G1 X104.202 Y114.155 E1532.95203
G1 X104.35 Y113.936 E1532.96082
G1 X96.856 Y113.936 E1533.21007
G1 X96.856 Y114.469 E1533.2278
G1 F970.1 X96.906 Y115.152 E1533.25342
G1 F869.6 X96.908 Y131.523 E1533.93677
G1 F801 X96.949 Y131.85 E1533.95171
G1 F746.2 X96.949 Y132.143 E1533.96596
G1 X97.242 Y132.143 E1533.98021
G1 F805.4 X97.656 Y132.186 E1533.99897
G1 F871.3 X111.433 Y132.185 E1534.5729
G1 F2400 E1533.7729
;MESH:NONMESH
G0 F300 X111.433 Y132.185 Z22.6
G0 F15000 X111.433 Y131.927
G0 X97.219 Y131.875
G0 X97.219 Y114.715
G0 X97.389 Y114.669
;TIME_ELAPSED:2254.209477
;LAYER:112
;note -- min layer time used
;TYPE:WALL-INNER
;MESH:Camera mount.stl(1)
G1 F2400 E1534.5729
G1 F665 X97.533 Y114.649 E1534.58072
G1 F693.9 X103.416 Y114.642 E1534.884
G1 F2400 E1534.084
G0 F15000 X103.406 Y114.616
G0 X97.219 Y114.915
G0 X97.219 Y131.875
G0 X126.095 Y131.875
G0 X126.095 Y114.915
G0 X119.907 Y114.617
G0 X119.898 Y114.644
G1 F2400 E1534.884
G1 F698.5 X125.656 Y114.644 E1535.17893
G1 F671.2 X125.923 Y114.669 E1535.19323
G1 F2400 E1534.39323
G0 F15000 X126.095 Y114.915
G0 X126.095 Y131.875
G0 X111.433 Y131.927
G0 X111.433 Y132.185
;TYPE:WALL-OUTER
G1 F2400 E1535.19323
G1 F853.7 X125.743 Y132.184 E1535.79293
G1 F788 X126.07 Y132.143 E1535.80789
G1 F734.2 X126.363 Y132.143 E1535.82216
G1 X126.363 Y131.85 E1535.83644
G1 F790.9 X126.405 Y131.523 E1535.85135
G1 F857.1 X126.406 Y115.352 E1536.52636
G1 F956.1 X126.456 Y114.669 E1536.55198
G1 F1075.6 X126.456 Y114.136 E1536.56971
G1 X119.23 Y114.136 E1536.81005
G1 X119.378 Y114.355 E1536.81884
G1 X119.406 Y114.518 E1536.82434
G1 X119.215 Y114.821 E1536.83625
G1 X119.019 Y114.844 E1536.84281
G1 X119.192 Y115.152 E1536.85456
G1 X125.717 Y115.152 E1537.07159
G1 F956.1 X125.906 Y115.352 E1537.08188
G1 F857.1 X125.905 Y131.48 E1537.75509
G1 F790.9 X125.863 Y131.643 E1537.7627
G1 F788 X125.7 Y131.685 E1537.77034
G1 F857.1 X97.656 Y131.686 E1538.94094
G1 F793.8 X97.449 Y131.643 E1538.95047
G1 F789.4 X97.407 Y131.48 E1538.9581
G1 F857.1 X97.406 Y115.352 E1539.63131
G1 F956.1 X97.592 Y115.155 E1539.64144
G1 F1075.6 X104.12 Y115.147 E1539.85857
G1 X104.295 Y114.844 E1539.8702
G1 X104.098 Y114.821 E1539.8768
G1 X103.906 Y114.518 E1539.88873
G1 X103.934 Y114.355 E1539.89423
G1 X104.082 Y114.136 E1539.90302
G1 X96.856 Y114.136 E1540.14336
G1 X96.856 Y114.669 E1540.16109
G1 F956.1 X96.906 Y115.352 E1540.18671
G1 F857.1 X96.908 Y131.523 E1540.86171
G1 F789.4 X96.949 Y131.85 E1540.87665
G1 F735.5 X96.949 Y132.143 E1540.8909
G1 X97.242 Y132.143 E1540.90515
G1 F793.8 X97.656 Y132.186 E1540.92391
G1 F858.8 X111.433 Y132.185 E1541.49784
G1 F2400 E1540.69784
;MESH:NONMESH
G0 F300 X111.433 Y132.185 Z22.8
G0 F15000 X111.433 Y131.927
G0 X97.219 Y131.875
G0 X97.219 Y114.915
G0 X97.389 Y114.869
;TIME_ELAPSED:2269.379796
;LAYER:113
;note -- min layer time used
;TYPE:WALL-INNER
;MESH:Camera mount.stl(1)
G1 F2400 E1541.49784
G1 F657.1 X97.533 Y114.849 E1541.50566
G1 F685.7 X103.074 Y114.842 E1541.79132
G1 F2400 E1540.99132
G0 F15000 X97.219 Y115.115
G0 X97.219 Y131.875
G0 X126.095 Y131.875
G0 X126.095 Y115.115
G0 X120.24 Y114.844
G1 F2400 E1541.79132
G1 F690.2 X125.656 Y114.844 E1542.06873
G1 F663.2 X125.923 Y114.869 E1542.08302
G1 F2400 E1541.28302
G0 F15000 X126.095 Y115.115
G0 X126.095 Y131.875
G0 X111.433 Y131.927
G0 X111.433 Y132.185
;TYPE:WALL-OUTER
G1 F2400 E1542.08302
G1 F843.5 X125.743 Y132.184 E1542.68272
G1 F778.6 X126.07 Y132.143 E1542.69768
G1 F725.5 X126.363 Y132.143 E1542.71196
G1 X126.363 Y131.85 E1542.72624
G1 F781.5 X126.405 Y131.523 E1542.74115
G1 F846.9 X126.406 Y115.552 E1543.4078
G1 F944.8 X126.456 Y114.869 E1543.43343
G1 F1062.8 X126.456 Y114.336 E1543.45115
G1 X119.487 Y114.336 E1543.68294
G1 X119.75 Y114.825 E1543.70141
G1 F1124.7 X119.563 Y115.02 E1543.7099
G1 F1194.2 X119.2 Y115.021 E1543.72065
G1 F1201 X119.39 Y115.375 E1543.73247
G1 F1127.7 X120.24 Y115.352 E1543.75913
G1 F1062.8 X125.717 Y115.352 E1543.9413
G1 F944.8 X125.906 Y115.552 E1543.95159
G1 F846.9 X125.905 Y131.48 E1544.61645
G1 F781.5 X125.863 Y131.643 E1544.62406
G1 F778.6 X125.7 Y131.685 E1544.63171
G1 F846.9 X97.656 Y131.686 E1545.8023
G1 F784.4 X97.449 Y131.643 E1545.81183
G1 F780.1 X97.407 Y131.48 E1545.81946
G1 F846.9 X97.406 Y115.552 E1546.48432
G1 F944.8 X97.592 Y115.355 E1546.49446
G1 F1062.8 X103.074 Y115.348 E1546.67679
G1 F1130.7 X103.922 Y115.372 E1546.70331
G1 F1207.8 X104.11 Y115.02 E1546.71499
G1 X103.78 Y115.02 E1546.72465
G1 F1130.7 X103.562 Y114.827 E1546.73375
G1 F1062.8 X103.823 Y114.336 E1546.75225
G1 X96.856 Y114.336 E1546.98397
G1 X96.856 Y114.869 E1547.0017
G1 F944.8 X96.906 Y115.552 E1547.02732
G1 F846.9 X96.908 Y131.523 E1547.69398
G1 F780.1 X96.949 Y131.85 E1547.70891
G1 F726.7 X96.949 Y132.143 E1547.72316
G1 X97.242 Y132.143 E1547.73742
G1 F784.4 X97.656 Y132.186 E1547.75617
G1 F848.6 X111.433 Y132.185 E1548.3301
G1 F2400 E1547.5301
;MESH:NONMESH
G0 F300 X111.433 Y132.185 Z23
G0 F15000 X111.433 Y131.927
G0 X97.219 Y131.875
G0 X97.219 Y115.115
G0 X97.389 Y115.069
;TIME_ELAPSED:2284.532202
;LAYER:114
;note -- min layer time used
;TYPE:WALL-INNER
;MESH:Camera mount.stl(1)
G1 F2400 E1548.3301
G1 F648.6 X97.533 Y115.049 E1548.33792
G1 F676.8 X102.858 Y115.042 E1548.61244
G1 F2400 E1547.81244
G0 F15000 X97.219 Y115.315
G0 X97.219 Y131.875
G0 X126.095 Y131.875
G0 X126.095 Y115.315
G0 X120.456 Y115.044
G1 F2400 E1548.61244
G1 F681.2 X125.656 Y115.044 E1548.87879
G1 F654.6 X125.923 Y115.069 E1548.89308
G1 F2400 E1548.09308
G0 F15000 X126.095 Y115.315
G0 X126.095 Y131.875
G0 X111.433 Y131.927
G0 X111.433 Y132.185
;TYPE:WALL-OUTER
G1 F2400 E1548.89308
G1 F832.6 X125.743 Y132.184 E1549.49278
G1 F768.5 X126.07 Y132.143 E1549.50775
G1 F716.1 X126.363 Y132.143 E1549.52202
G1 X126.363 Y131.85 E1549.5363
G1 F771.4 X126.405 Y131.523 E1549.55121
G1 F835.9 X126.406 Y115.752 E1550.20952
G1 F932.5 X126.456 Y115.069 E1550.23514
G1 F1049.1 X126.456 Y114.536 E1550.25287
G1 X119.703 Y114.536 E1550.47747
G1 X119.966 Y115.025 E1550.49594
G1 F1110.1 X119.779 Y115.22 E1550.50443
G1 F1178.7 X119.416 Y115.221 E1550.51518
G1 F1185.4 X119.606 Y115.575 E1550.52701
G1 F1113.1 X120.456 Y115.552 E1550.55366
G1 F1049.1 X125.717 Y115.552 E1550.72864
G1 F932.5 X125.906 Y115.752 E1550.73894
G1 F835.9 X125.905 Y131.48 E1551.39545
G1 F771.4 X125.863 Y131.643 E1551.40306
G1 F768.5 X125.7 Y131.685 E1551.4107
G1 F835.9 X97.656 Y131.686 E1552.5813
G1 F774.2 X97.449 Y131.643 E1552.59083
G1 F770 X97.407 Y131.48 E1552.59846
G1 F835.9 X97.406 Y115.752 E1553.25497
G1 F932.5 X97.592 Y115.555 E1553.26511
G1 F1049.1 X102.858 Y115.548 E1553.44025
G1 F1116 X103.707 Y115.572 E1553.46681
G1 F1192.1 X103.897 Y115.22 E1553.47852
G1 X103.564 Y115.22 E1553.48826
G1 F1116 X103.345 Y115.026 E1553.49741
G1 F1049.1 X103.609 Y114.536 E1553.51592
G1 X96.856 Y114.536 E1553.74053
G1 X96.856 Y115.069 E1553.75825
G1 F932.5 X96.906 Y115.752 E1553.78388
G1 F835.9 X96.908 Y131.523 E1554.44218
G1 F770 X96.949 Y131.85 E1554.45712
G1 F717.3 X96.949 Y132.143 E1554.47137
G1 X97.242 Y132.143 E1554.48562
G1 F774.2 X97.656 Y132.186 E1554.50438
G1 F837.6 X111.433 Y132.185 E1555.07831
G1 F2400 E1554.27831
;MESH:NONMESH
G0 F300 X111.433 Y132.185 Z23.2
G0 F15000 X111.433 Y131.927
G0 X97.219 Y131.875
G0 X97.219 Y115.315
G0 X97.389 Y115.269
;TIME_ELAPSED:2299.670240
;LAYER:115
;note -- min layer time used
;TYPE:WALL-INNER
;MESH:Camera mount.stl(1)
G1 F2400 E1555.07831
G1 F640.1 X97.533 Y115.249 E1555.08613
G1 F667.9 X102.646 Y115.242 E1555.34972
G1 F2400 E1554.54972
G0 F15000 X97.219 Y115.515
G0 X97.219 Y131.875
G0 X126.095 Y131.875
G0 X126.095 Y115.515
G0 X120.664 Y115.244
G1 F2400 E1555.34972
G1 F672.3 X125.656 Y115.244 E1555.60541
G1 F646 X125.923 Y115.269 E1555.61971
G1 F2400 E1554.81971
G0 F15000 X126.095 Y115.515
G0 X126.095 Y131.875
G0 X111.433 Y131.927
G0 X111.433 Y132.185
;TYPE:WALL-OUTER
G1 F2400 E1555.61971
G1 F821.7 X125.743 Y132.184 E1556.21941
G1 F758.5 X126.07 Y132.143 E1556.23437
G1 F706.7 X126.363 Y132.143 E1556.24865
G1 X126.363 Y131.85 E1556.26292
G1 F761.2 X126.405 Y131.523 E1556.27784
G1 F824.9 X126.406 Y115.952 E1556.92779
G1 F920.3 X126.456 Y115.269 E1556.95342
G1 F1035.3 X126.456 Y114.736 E1556.97115
G1 X119.915 Y114.736 E1557.1887
G1 X120.173 Y115.227 E1557.20715
G1 F1095.5 X119.987 Y115.42 E1557.21557
G1 F1163.2 X119.645 Y115.421 E1557.2257
G1 F1169.8 X119.793 Y115.775 E1557.23699
G1 F1098.5 X120.664 Y115.752 E1557.2643
G1 F1035.3 X125.717 Y115.752 E1557.43237
G1 F920.3 X125.906 Y115.952 E1557.44266
G1 F824.9 X125.905 Y131.48 E1558.09083
G1 F761.2 X125.863 Y131.643 E1558.09844
G1 F758.5 X125.7 Y131.685 E1558.10608
G1 F824.9 X97.656 Y131.686 E1559.27668
G1 F764.1 X97.449 Y131.643 E1559.28621
G1 F759.8 X97.407 Y131.48 E1559.29383
G1 F824.9 X97.406 Y115.952 E1559.942
G1 F920.3 X97.592 Y115.755 E1559.95213
G1 F1035.3 X102.646 Y115.748 E1560.12023
G1 F1101.4 X103.52 Y115.772 E1560.14757
G1 F1179.8 X103.675 Y115.419 E1560.15882
G1 F1176.5 X103.352 Y115.42 E1560.16827
G1 F1101.4 X103.134 Y115.227 E1560.17738
G1 F1035.3 X103.395 Y114.736 E1560.19587
G1 X96.856 Y114.736 E1560.41336
G1 X96.856 Y115.269 E1560.43109
G1 F920.3 X96.906 Y115.952 E1560.45671
G1 F824.9 X96.908 Y131.523 E1561.10667
G1 F759.8 X96.949 Y131.85 E1561.1216
G1 F707.9 X96.949 Y132.143 E1561.13585
G1 X97.242 Y132.143 E1561.15011
G1 F764.1 X97.656 Y132.186 E1561.16886
G1 F826.6 X111.433 Y132.185 E1561.74279
G1 F2400 E1560.94279
;MESH:NONMESH
G0 F300 X111.433 Y132.185 Z23.4
G0 F15000 X111.433 Y131.927
G0 X97.219 Y131.875
G0 X97.219 Y115.515
G0 X97.389 Y115.469
;TIME_ELAPSED:2314.795158
;LAYER:116
;note -- min layer time used
;TYPE:WALL-INNER
;MESH:Camera mount.stl(1)
G1 F2400 E1561.74279
G1 F632.1 X97.533 Y115.449 E1561.75061
G1 F659.6 X102.482 Y115.442 E1562.00575
G1 F2400 E1561.20575
G0 F15000 X97.219 Y115.715
G0 X97.219 Y131.875
G0 X126.095 Y131.875
G0 X126.095 Y115.715
G0 X120.832 Y115.444
G1 F2400 E1562.00575
G1 F663.9 X125.656 Y115.444 E1562.25284
G1 F638 X125.923 Y115.469 E1562.26713
G1 F2400 E1561.46713
G0 F15000 X126.095 Y115.715
G0 X126.095 Y131.875
G0 X111.433 Y131.927
G0 X111.433 Y132.185
;TYPE:WALL-OUTER
G1 F2400 E1562.26713
G1 F811.4 X125.743 Y132.184 E1562.86683
G1 F749 X126.07 Y132.143 E1562.88179
G1 F697.9 X126.363 Y132.143 E1562.89607
G1 X126.363 Y131.85 E1562.91035
G1 F751.8 X126.405 Y131.523 E1562.92526
G1 F814.7 X126.406 Y116.152 E1563.56687
G1 F908.8 X126.456 Y115.469 E1563.59249
G1 F1022.4 X126.456 Y114.936 E1563.61022
G1 X120.13 Y114.937 E1563.82062
G1 X120.336 Y115.432 E1563.83846
G1 F1081.9 X120.155 Y115.62 E1563.84666
G1 F1148.8 X119.811 Y115.621 E1563.85684
G1 F1155.3 X119.961 Y115.975 E1563.86816
G1 F1084.8 X120.832 Y115.952 E1563.89547
G1 F1022.4 X125.717 Y115.952 E1564.05795
G1 F908.8 X125.906 Y116.152 E1564.06824
G1 F814.7 X125.905 Y131.48 E1564.70806
G1 F751.8 X125.863 Y131.643 E1564.71567
G1 F749 X125.7 Y131.685 E1564.72331
G1 F814.7 X97.656 Y131.686 E1565.89391
G1 F754.5 X97.449 Y131.643 E1565.90344
G1 F750.4 X97.407 Y131.48 E1565.91107
G1 F814.7 X97.406 Y116.152 E1566.55088
G1 F908.8 X97.592 Y115.955 E1566.56102
G1 F1022.4 X102.482 Y115.948 E1566.72366
G1 F1087.7 X103.351 Y115.972 E1566.75084
G1 F1161.8 X103.501 Y115.62 E1566.76204
G1 X103.188 Y115.62 E1566.7712
G1 F1087.7 X102.975 Y115.432 E1566.78008
G1 F1022.4 X103.183 Y114.936 E1566.79797
G1 X96.856 Y114.936 E1567.00841
G1 X96.856 Y115.469 E1567.02614
G1 F908.8 X96.906 Y116.152 E1567.05176
G1 F814.7 X96.908 Y131.523 E1567.69337
G1 F750.4 X96.949 Y131.85 E1567.7083
G1 F699.1 X96.949 Y132.143 E1567.72256
G1 X97.242 Y132.143 E1567.73681
G1 F754.5 X97.656 Y132.186 E1567.75557
G1 F816.3 X111.433 Y132.185 E1568.32949
G1 F2400 E1567.52949
;MESH:NONMESH
G0 F300 X111.433 Y132.185 Z23.6
G0 F15000 X111.433 Y131.927
G0 X97.219 Y131.875
G0 X97.219 Y115.715
G0 X97.389 Y115.669
;TIME_ELAPSED:2329.905644
;LAYER:117
;note -- min layer time used
;TYPE:WALL-INNER
;MESH:Camera mount.stl(1)
G1 F2400 E1568.32949
G1 F624.6 X97.533 Y115.649 E1568.33731
G1 F651.8 X102.31 Y115.642 E1568.58358
G1 F2400 E1567.78358
G0 F15000 X97.219 Y115.915
G0 X97.219 Y131.875
G0 X126.095 Y131.875
G0 X126.095 Y115.915
G0 X121.004 Y115.644
G1 F2400 E1568.58358
G1 F656.1 X125.656 Y115.644 E1568.82186
G1 F630.5 X125.923 Y115.669 E1568.83616
G1 F2400 E1568.03616
G0 F15000 X126.095 Y115.915
G0 X126.095 Y131.875
G0 X111.433 Y131.927
G0 X111.433 Y132.185
;TYPE:WALL-OUTER
G1 F2400 E1568.83616
G1 F801.9 X125.743 Y132.184 E1569.43586
G1 F740.2 X126.07 Y132.143 E1569.45082
G1 F689.7 X126.363 Y132.143 E1569.46509
G1 X126.363 Y131.85 E1569.47937
G1 F742.9 X126.405 Y131.523 E1569.49428
G1 F805.1 X126.406 Y116.352 E1570.12754
G1 F898.1 X126.456 Y115.669 E1570.15317
G1 F1010.4 X126.456 Y115.136 E1570.1709
G1 X120.299 Y115.136 E1570.37568
G1 X120.509 Y115.631 E1570.39356
G1 F1069.2 X120.327 Y115.82 E1570.40181
G1 F1135.2 X119.983 Y115.821 E1570.41199
G1 F1141.6 X120.133 Y116.175 E1570.42331
G1 F1072 X121.004 Y116.152 E1570.45062
G1 F1010.4 X125.717 Y116.152 E1570.60738
G1 F898.1 X125.906 Y116.352 E1570.61767
G1 F805.1 X125.905 Y131.48 E1571.24914
G1 F742.9 X125.863 Y131.643 E1571.25675
G1 F740.2 X125.7 Y131.685 E1571.2644
G1 F805.1 X97.656 Y131.686 E1572.43499
G1 F745.6 X97.449 Y131.643 E1572.44452
G1 F741.5 X97.407 Y131.48 E1572.45215
G1 F805.1 X97.406 Y116.352 E1573.08361
G1 F898.1 X97.592 Y116.155 E1573.09375
G1 F1010.4 X102.31 Y116.148 E1573.25067
G1 F1074.8 X103.179 Y116.172 E1573.27785
G1 F1148.1 X103.329 Y115.82 E1573.28905
G1 X103.016 Y115.82 E1573.29821
G1 F1074.8 X102.803 Y115.632 E1573.30709
G1 F1010.4 X103.011 Y115.136 E1573.32498
G1 X96.856 Y115.136 E1573.5297
G1 X96.856 Y115.669 E1573.54743
G1 F898.1 X96.906 Y116.352 E1573.57305
G1 F805.1 X96.908 Y131.523 E1574.20631
G1 F741.5 X96.949 Y131.85 E1574.22125
G1 F690.8 X96.949 Y132.143 E1574.2355
G1 X97.242 Y132.143 E1574.24975
G1 F745.6 X97.656 Y132.186 E1574.26851
G1 F806.7 X111.433 Y132.185 E1574.84244
G1 F2400 E1574.04244
;MESH:NONMESH
G0 F300 X111.433 Y132.185 Z23.8
G0 F15000 X111.433 Y131.927
G0 X97.219 Y131.875
G0 X97.219 Y115.915
G0 X97.389 Y115.869
;TIME_ELAPSED:2345.002808
;LAYER:118
;note -- min layer time used
;TYPE:WALL-INNER
;MESH:Camera mount.stl(1)
G1 F2400 E1574.84244
G1 F617.3 X97.533 Y115.849 E1574.85026
G1 F644.2 X102.138 Y115.842 E1575.08766
G1 F2400 E1574.28766
G0 F15000 X97.219 Y116.115
G0 X97.219 Y131.875
G0 X126.095 Y131.875
G0 X126.095 Y116.115
G0 X121.176 Y115.844
G1 F2400 E1575.08766
G1 F648.4 X125.656 Y115.844 E1575.31713
G1 F623.1 X125.923 Y115.869 E1575.33142
G1 F2400 E1574.53142
G0 F15000 X126.095 Y116.115
G0 X126.095 Y131.875
G0 X111.433 Y131.927
G0 X111.433 Y132.185
;TYPE:WALL-OUTER
G1 F2400 E1575.33142
G1 F792.5 X125.743 Y132.184 E1575.93112
G1 F731.5 X126.07 Y132.143 E1575.94608
G1 F681.6 X126.363 Y132.143 E1575.96036
G1 X126.363 Y131.85 E1575.97464
G1 F734.2 X126.405 Y131.523 E1575.98955
G1 F795.6 X126.406 Y116.552 E1576.61446
G1 F887.6 X126.456 Y115.869 E1576.64009
G1 F998.5 X126.456 Y115.336 E1576.65781
G1 X120.471 Y115.336 E1576.85688
G1 X120.681 Y115.831 E1576.87476
G1 F1056.6 X120.499 Y116.02 E1576.88301
G1 F1121.9 X120.153 Y116.021 E1576.89325
G1 F1128.3 X120.284 Y116.375 E1576.90436
G1 F1059.4 X121.176 Y116.352 E1576.93233
G1 F998.5 X125.717 Y116.352 E1577.08337
G1 F887.6 X125.906 Y116.552 E1577.09366
G1 F795.6 X125.905 Y131.48 E1577.71678
G1 F734.2 X125.863 Y131.643 E1577.72439
G1 F731.5 X125.7 Y131.685 E1577.73203
G1 F795.6 X97.656 Y131.686 E1578.90263
G1 F736.9 X97.449 Y131.643 E1578.91216
G1 F732.9 X97.407 Y131.48 E1578.91979
G1 F795.6 X97.406 Y116.552 E1579.54291
G1 F887.6 X97.592 Y116.355 E1579.55304
G1 F998.5 X102.138 Y116.348 E1579.70424
G1 F1062.3 X103.031 Y116.372 E1579.73217
G1 F1137.9 X103.159 Y116.019 E1579.74313
G1 F1134.7 X102.844 Y116.02 E1579.75235
G1 F1062.3 X102.631 Y115.831 E1579.76125
G1 F998.5 X102.841 Y115.336 E1579.77914
G1 X96.856 Y115.336 E1579.9782
G1 X96.856 Y115.869 E1579.99593
G1 F887.6 X96.906 Y116.552 E1580.02155
G1 F795.6 X96.908 Y131.523 E1580.64646
G1 F732.9 X96.949 Y131.85 E1580.6614
G1 F682.7 X96.949 Y132.143 E1580.67565
G1 X97.242 Y132.143 E1580.6899
G1 F736.9 X97.656 Y132.186 E1580.70866
G1 F797.2 X111.433 Y132.185 E1581.28259
G1 F2400 E1580.48259
;MESH:NONMESH
G0 F300 X111.433 Y132.185 Z24
G0 F15000 X111.433 Y131.927
G0 X97.219 Y131.875
G0 X97.219 Y116.115
G0 X97.389 Y116.069
;TIME_ELAPSED:2360.086633
;LAYER:119
;note -- min layer time used
;TYPE:WALL-INNER
;MESH:Camera mount.stl(1)
G1 F2400 E1581.28259
G1 F610.2 X97.533 Y116.049 E1581.29041
G1 F636.7 X102.002 Y116.042 E1581.5208
G1 F2400 E1580.7208
G0 F15000 X97.219 Y116.315
G0 X97.219 Y131.875
G0 X126.095 Y131.875
G0 X126.095 Y116.315
G0 X121.308 Y116.044
G1 F2400 E1581.5208
G1 F640.9 X125.656 Y116.044 E1581.74351
G1 F615.9 X125.923 Y116.069 E1581.7578
G1 F2400 E1580.9578
G0 F15000 X126.095 Y116.315
G0 X126.095 Y131.875
G0 X111.433 Y131.927
G0 X111.433 Y132.185
;TYPE:WALL-OUTER
G1 F2400 E1581.7578
G1 F783.3 X125.743 Y132.184 E1582.3575
G1 F723 X126.07 Y132.143 E1582.37246
G1 F673.7 X126.363 Y132.143 E1582.38674
G1 X126.363 Y131.85 E1582.40102
G1 F725.7 X126.405 Y131.523 E1582.41593
G1 F786.4 X126.406 Y116.752 E1583.03249
G1 F877.3 X126.456 Y116.069 E1583.05812
G1 F986.9 X126.456 Y115.536 E1583.07585
G1 X120.65 Y115.536 E1583.26896
G1 X120.807 Y116.036 E1583.28639
G1 F1044.4 X120.631 Y116.22 E1583.29439
G1 F1108.9 X120.297 Y116.221 E1583.30428
G1 F1115.2 X120.413 Y116.575 E1583.31524
G1 F1047.1 X121.308 Y116.552 E1583.34331
G1 F986.9 X125.717 Y116.552 E1583.48995
G1 F877.3 X125.906 Y116.752 E1583.50025
G1 F786.4 X125.905 Y131.48 E1584.11501
G1 F725.7 X125.863 Y131.643 E1584.12263
G1 F723 X125.7 Y131.685 E1584.13027
G1 F786.4 X97.656 Y131.686 E1585.30087
G1 F728.4 X97.449 Y131.643 E1585.3104
G1 F724.4 X97.407 Y131.48 E1585.31802
G1 F786.4 X97.406 Y116.752 E1585.93279
G1 F877.3 X97.592 Y116.555 E1585.94293
G1 F986.9 X102.002 Y116.548 E1586.08961
G1 F1049.9 X102.9 Y116.572 E1586.11769
G1 F1124.7 X103.014 Y116.22 E1586.12849
G1 F1121.5 X102.708 Y116.22 E1586.13745
G1 F1049.9 X102.5 Y116.036 E1586.14613
G1 F986.9 X102.66 Y115.536 E1586.16359
G1 X96.856 Y115.536 E1586.35663
G1 X96.856 Y116.069 E1586.37436
G1 F877.3 X96.906 Y116.752 E1586.39999
G1 F786.4 X96.908 Y131.523 E1587.01655
G1 F724.4 X96.949 Y131.85 E1587.03148
G1 F674.8 X96.949 Y132.143 E1587.04574
G1 X97.242 Y132.143 E1587.05999
G1 F728.4 X97.656 Y132.186 E1587.07875
G1 F788 X111.433 Y132.185 E1587.65267
G1 F2400 E1586.85267
;MESH:NONMESH
G0 F300 X111.433 Y132.185 Z24.2
G0 F15000 X111.433 Y131.927
G0 X97.219 Y131.875
G0 X97.219 Y116.315
G0 X97.389 Y116.269
;TIME_ELAPSED:2375.156687
;LAYER:120
;note -- min layer time used
;TYPE:WALL-INNER
;MESH:Camera mount.stl(1)
G1 F2400 E1587.65267
G1 F603.7 X97.533 Y116.249 E1587.66049
G1 F630 X101.874 Y116.242 E1587.88429
G1 F2400 E1587.08429
G0 F15000 X97.219 Y116.515
G0 X97.219 Y131.875
G0 X126.095 Y131.875
G0 X126.095 Y116.515
G0 X121.44 Y116.244
G1 F2400 E1587.88429
G1 F634.1 X125.656 Y116.244 E1588.10023
G1 F609.4 X125.923 Y116.269 E1588.11453
G1 F2400 E1587.31453
G0 F15000 X126.095 Y116.515
G0 X126.095 Y131.875
G0 X111.433 Y131.927
G0 X111.433 Y132.185
;TYPE:WALL-OUTER
G1 F2400 E1588.11453
G1 F775 X125.743 Y132.184 E1588.71423
G1 F715.4 X126.07 Y132.143 E1588.72919
G1 F666.6 X126.363 Y132.143 E1588.74347
G1 X126.363 Y131.85 E1588.75774
G1 F718 X126.405 Y131.523 E1588.77266
G1 F778.1 X126.406 Y116.952 E1589.38087
G1 F868 X126.456 Y116.269 E1589.4065
G1 F976.5 X126.456 Y115.736 E1589.42422
G1 X120.779 Y115.736 E1589.61304
G1 X120.94 Y116.235 E1589.63048
G1 F1033.3 X120.763 Y116.42 E1589.63853
G1 F1097.2 X120.429 Y116.421 E1589.64841
G1 F1103.4 X120.545 Y116.775 E1589.65938
G1 F1036.1 X121.44 Y116.752 E1589.68744
G1 F976.5 X125.717 Y116.752 E1589.8297
G1 F868 X125.906 Y116.952 E1589.83999
G1 F778.1 X125.905 Y131.48 E1590.44641
G1 F718 X125.863 Y131.643 E1590.45403
G1 F715.4 X125.7 Y131.685 E1590.46167
G1 F778.1 X97.656 Y131.686 E1591.63227
G1 F720.7 X97.449 Y131.643 E1591.6418
G1 F716.7 X97.407 Y131.48 E1591.64942
G1 F778.1 X97.406 Y116.952 E1592.25584
G1 F868 X97.592 Y116.755 E1592.26598
G1 F976.5 X101.874 Y116.748 E1592.4084
G1 F1038.8 X102.768 Y116.772 E1592.43636
G1 F1109.7 X102.884 Y116.42 E1592.44721
G1 X102.58 Y116.42 E1592.45611
G1 F1038.8 X102.372 Y116.236 E1592.46479
G1 F976.5 X102.533 Y115.736 E1592.48226
G1 X96.856 Y115.736 E1592.67108
G1 X96.856 Y116.269 E1592.68881
G1 F868 X96.906 Y116.952 E1592.71443
G1 F778.1 X96.908 Y131.523 E1593.32265
G1 F716.7 X96.949 Y131.85 E1593.33758
G1 F667.7 X96.949 Y132.143 E1593.35183
G1 X97.242 Y132.143 E1593.36609
G1 F720.7 X97.656 Y132.186 E1593.38484
G1 F779.7 X111.433 Y132.185 E1593.95877
G1 F2400 E1593.15877
;MESH:NONMESH
G0 F300 X111.433 Y132.185 Z24.4
G0 F15000 X111.433 Y131.927
G0 X97.219 Y131.875
G0 X97.219 Y116.515
G0 X97.389 Y116.469
;TIME_ELAPSED:2390.214465
;LAYER:121
;note -- min layer time used
;TYPE:WALL-INNER
;MESH:Camera mount.stl(1)
G1 F2400 E1593.95877
G1 F597.2 X97.533 Y116.449 E1593.96659
G1 F623.3 X101.742 Y116.442 E1594.18358
G1 F2400 E1593.38358
G0 F15000 X97.219 Y116.715
G0 X97.219 Y131.875
G0 X126.095 Y131.875
G0 X126.095 Y116.715
G0 X121.572 Y116.444
G1 F2400 E1594.18358
G1 F627.3 X125.656 Y116.444 E1594.39277
G1 F602.8 X125.923 Y116.469 E1594.40706
G1 F2400 E1593.60706
G0 F15000 X126.095 Y116.715
G0 X126.095 Y131.875
G0 X111.433 Y131.927
G0 X111.433 Y132.185
;TYPE:WALL-OUTER
G1 F2400 E1594.40706
G1 F766.7 X125.743 Y132.184 E1595.00676
G1 F707.7 X126.07 Y132.143 E1595.02172
G1 F659.4 X126.363 Y132.143 E1595.036
G1 X126.363 Y131.85 E1595.05027
G1 F710.3 X126.405 Y131.523 E1595.06519
G1 F769.8 X126.406 Y117.152 E1595.66505
G1 F858.7 X126.456 Y116.469 E1595.69068
G1 F966 X126.456 Y115.936 E1595.70841
G1 X120.908 Y115.936 E1595.89293
G1 X121.072 Y116.436 E1595.91044
G1 F1022.3 X120.895 Y116.62 E1595.91846
G1 F1085.4 X120.561 Y116.621 E1595.92835
G1 F1091.6 X120.677 Y116.975 E1595.93931
G1 F1025 X121.572 Y116.952 E1595.96738
G1 F966 X125.717 Y116.952 E1596.10524
G1 F858.7 X125.906 Y117.152 E1596.11554
G1 F769.8 X125.905 Y131.48 E1596.71361
G1 F710.3 X125.863 Y131.643 E1596.72122
G1 F707.7 X125.7 Y131.685 E1596.72886
G1 F769.8 X97.656 Y131.686 E1597.89946
G1 F713 X97.449 Y131.643 E1597.90899
G1 F709 X97.407 Y131.48 E1597.91662
G1 F769.8 X97.406 Y117.152 E1598.51469
G1 F858.7 X97.592 Y116.955 E1598.52483
G1 F966 X101.742 Y116.948 E1598.66286
G1 F1027.7 X102.636 Y116.972 E1598.69082
G1 F1097.8 X102.752 Y116.62 E1598.70167
G1 X102.448 Y116.62 E1598.71056
G1 F1027.7 X102.24 Y116.436 E1598.71925
G1 F966 X102.401 Y115.936 E1598.73672
G1 X96.856 Y115.936 E1598.92114
G1 X96.856 Y116.469 E1598.93887
G1 F858.7 X96.906 Y117.152 E1598.9645
G1 F769.8 X96.908 Y131.523 E1599.56436
G1 F709 X96.949 Y131.85 E1599.5793
G1 F660.5 X96.949 Y132.143 E1599.59355
G1 X97.242 Y132.143 E1599.6078
G1 F713 X97.656 Y132.186 E1599.62656
G1 F771.3 X111.433 Y132.185 E1600.20049
;MESH:NONMESH
G0 F300 X111.433 Y132.185 Z24.6
G0 F15000 X111.433 Y131.927
G0 X97.219 Y131.875
G0 X97.219 Y116.715
G0 X97.389 Y116.669
;TIME_ELAPSED:2405.196325
;LAYER:122
;note -- min layer time used
;TYPE:WALL-INNER
;MESH:Camera mount.stl(1)
G1 F591.1 X97.533 Y116.649 E1600.20831
G1 F616.9 X101.61 Y116.642 E1600.41849
G1 F2400 E1599.61849
G0 F15000 X97.219 Y116.915
G0 X97.219 Y131.875
G0 X126.095 Y131.875
G0 X126.095 Y116.915
G0 X121.704 Y116.644
G1 F2400 E1600.41849
G1 F620.9 X125.656 Y116.644 E1600.62092
G1 F596.7 X125.923 Y116.669 E1600.63521
G1 F2400 E1599.83521
G0 F15000 X126.095 Y116.915
G0 X126.095 Y131.875
G0 X111.433 Y131.927
G0 X111.433 Y132.185
;TYPE:WALL-OUTER
G1 F2400 E1600.63521
G1 F758.9 X125.743 Y132.184 E1601.23491
G1 F700.5 X126.07 Y132.143 E1601.24987
G1 F652.7 X126.363 Y132.143 E1601.26415
G1 X126.363 Y131.85 E1601.27842
G1 F703.1 X126.405 Y131.523 E1601.29334
G1 F761.9 X126.406 Y117.352 E1601.88486
G1 F849.9 X126.456 Y116.669 E1601.91048
G1 F956.2 X126.456 Y116.136 E1601.92821
G1 X121.041 Y116.136 E1602.10831
G1 X121.204 Y116.633 E1602.12571
G1 F1006.5 X121.027 Y116.817 E1602.13378
G1 F1068.3 X120.678 Y116.82 E1602.14417
G1 F1074.3 X120.764 Y117.174 E1602.15495
G1 F1011.8 X121.704 Y117.152 E1602.1845
G1 F956.2 X125.717 Y117.152 E1602.31797
G1 F849.9 X125.906 Y117.352 E1602.32827
G1 F761.9 X125.905 Y131.48 E1602.91799
G1 F703.1 X125.863 Y131.643 E1602.92561
G1 F700.5 X125.7 Y131.685 E1602.93325
G1 F761.9 X97.656 Y131.686 E1604.10385
G1 F705.7 X97.449 Y131.643 E1604.11338
G1 F701.8 X97.407 Y131.48 E1604.121
G1 F761.9 X97.406 Y117.352 E1604.71073
G1 F849.9 X97.592 Y117.155 E1604.72087
G1 F956.2 X101.61 Y117.148 E1604.8545
G1 F1017.2 X102.548 Y117.171 E1604.88384
G1 F1083.5 X102.633 Y116.819 E1604.89447
G1 F1080.4 X102.314 Y116.817 E1604.90386
G1 F1014.5 X102.107 Y116.633 E1604.91254
G1 F956.2 X102.268 Y116.136 E1604.92992
G1 X96.856 Y116.136 E1605.10992
G1 X96.856 Y116.669 E1605.12765
G1 F849.9 X96.906 Y117.352 E1605.15327
G1 F761.9 X96.908 Y131.523 E1605.74479
G1 F701.8 X96.949 Y131.85 E1605.75973
G1 F653.8 X96.949 Y132.143 E1605.77398
G1 X97.242 Y132.143 E1605.78823
G1 F705.7 X97.656 Y132.186 E1605.80699
G1 F763.4 X111.433 Y132.185 E1606.38092
;MESH:NONMESH
G0 F300 X111.433 Y132.185 Z24.8
G0 F15000 X111.433 Y131.927
G0 X97.219 Y131.875
G0 X97.219 Y116.915
G0 X97.389 Y116.869
;TIME_ELAPSED:2420.086523
;LAYER:123
;note -- min layer time used
;TYPE:WALL-INNER
;MESH:Camera mount.stl(1)
G1 F585.2 X97.533 Y116.849 E1606.38874
G1 F610.7 X101.526 Y116.842 E1606.59459
G1 F2400 E1605.79459
G0 F15000 X97.219 Y117.115
G0 X97.219 Y131.875
G0 X126.095 Y131.875
G0 X126.095 Y117.115
G0 X121.784 Y116.844
G1 F2400 E1606.59459
G1 F614.7 X125.656 Y116.844 E1606.79292
G1 F590.7 X125.923 Y116.869 E1606.80721
G1 F2400 E1606.00721
G0 F15000 X126.095 Y117.115
G0 X126.095 Y131.875
G0 X111.433 Y131.927
G0 X111.433 Y132.185
;TYPE:WALL-OUTER
G1 F2400 E1606.80721
G1 F751.3 X125.743 Y132.184 E1607.40691
G1 F693.5 X126.07 Y132.143 E1607.42187
G1 F646.2 X126.363 Y132.143 E1607.43615
G1 X126.363 Y131.85 E1607.45042
G1 F696 X126.405 Y131.523 E1607.46534
G1 F754.3 X126.406 Y117.552 E1608.04851
G1 F841.4 X126.456 Y116.869 E1608.07413
G1 F946.6 X126.456 Y116.336 E1608.09186
G1 X121.161 Y116.336 E1608.26797
G1 X121.276 Y116.844 E1608.2853
G1 F1001.7 X121.107 Y117.02 E1608.29296
G1 F1063.6 X120.773 Y117.021 E1608.30285
G1 F1069.6 X120.859 Y117.375 E1608.31358
G1 F1004.4 X121.784 Y117.352 E1608.34258
G1 F946.6 X125.717 Y117.352 E1608.47339
G1 F841.4 X125.906 Y117.552 E1608.48369
G1 F754.3 X125.905 Y131.48 E1609.06506
G1 F696 X125.863 Y131.643 E1609.07268
G1 F693.5 X125.7 Y131.685 E1609.08032
G1 F754.3 X97.656 Y131.686 E1610.25092
G1 F698.6 X97.449 Y131.643 E1610.26045
G1 F694.8 X97.407 Y131.48 E1610.26807
G1 F754.3 X97.406 Y117.552 E1610.84945
G1 F841.4 X97.592 Y117.355 E1610.85959
G1 F946.6 X101.526 Y117.348 E1610.99043
G1 F1007 X102.453 Y117.372 E1611.01942
G1 F1075.7 X102.537 Y117.02 E1611.03002
G1 X102.232 Y117.02 E1611.03894
G1 F1007 X102.032 Y116.843 E1611.04729
G1 F946.6 X102.147 Y116.336 E1611.06458
G1 X96.856 Y116.336 E1611.24056
G1 X96.856 Y116.869 E1611.25829
G1 F841.4 X96.906 Y117.552 E1611.28392
G1 F754.3 X96.908 Y131.523 E1611.86709
G1 F694.8 X96.949 Y131.85 E1611.88202
G1 F647.3 X96.949 Y132.143 E1611.89627
G1 X97.242 Y132.143 E1611.91053
G1 F698.6 X97.656 Y132.186 E1611.92928
G1 F755.8 X111.433 Y132.185 E1612.50321
;MESH:NONMESH
G0 F300 X111.433 Y132.185 Z25
G0 F15000 X111.433 Y131.927
G0 X97.219 Y131.875
G0 X97.219 Y117.115
G0 X97.389 Y117.069
;TIME_ELAPSED:2434.964217
;LAYER:124
;note -- min layer time used
;TYPE:WALL-INNER
;MESH:Camera mount.stl(1)
G1 F579.6 X97.533 Y117.049 E1612.51103
G1 F602.9 X101.428 Y117.044 E1612.71248
G1 F2400 E1611.91248
G0 F15000 X97.219 Y117.315
G0 X97.219 Y131.875
G0 X126.095 Y131.875
G0 X126.095 Y117.315
G0 X121.88 Y117.044
G1 F2400 E1612.71248
G1 F608.8 X125.656 Y117.044 E1612.90589
G1 F585 X125.923 Y117.069 E1612.92018
G1 F2400 E1612.12018
G0 F15000 X126.095 Y117.315
G0 X126.095 Y131.875
G0 X111.433 Y131.927
G0 X111.433 Y132.185
;TYPE:WALL-OUTER
G1 F2400 E1612.92018
G1 F744.1 X125.743 Y132.184 E1613.51988
G1 F686.8 X126.07 Y132.143 E1613.53484
G1 F640 X126.363 Y132.143 E1613.54912
G1 X126.363 Y131.85 E1613.5634
G1 F689.4 X126.405 Y131.523 E1613.57831
G1 F747 X126.406 Y117.752 E1614.15313
G1 F833.4 X126.456 Y117.069 E1614.17876
G1 F937.5 X126.456 Y116.536 E1614.19648
G1 X121.257 Y116.536 E1614.3694
G1 X121.372 Y117.044 E1614.38673
G1 F992.1 X121.203 Y117.22 E1614.3944
G1 F1053.4 X120.871 Y117.221 E1614.40422
G1 F1059.4 X120.953 Y117.575 E1614.41492
G1 F994.7 X121.88 Y117.552 E1614.44399
G1 F937.5 X125.717 Y117.552 E1614.57161
G1 F833.4 X125.906 Y117.752 E1614.5819
G1 F747 X125.905 Y131.48 E1615.15493
G1 F689.4 X125.863 Y131.643 E1615.16255
G1 F686.8 X125.7 Y131.685 E1615.17019
G1 F747 X97.656 Y131.686 E1616.34078
G1 F691.9 X97.449 Y131.643 E1616.35031
G1 F688.1 X97.407 Y131.48 E1616.35794
G1 F747 X97.406 Y117.752 E1616.93097
G1 F833.4 X97.592 Y117.555 E1616.94111
G1 F937.5 X101.428 Y117.552 E1617.06869
G1 F994.7 X102.356 Y117.575 E1617.09779
G1 F1059.4 X102.44 Y117.221 E1617.1085
G1 X102.136 Y117.221 E1617.11745
G1 F994.7 X101.936 Y117.044 E1617.12582
G1 F937.5 X102.051 Y116.536 E1617.14314
G1 X96.856 Y116.536 E1617.31593
G1 X96.856 Y117.069 E1617.33366
G1 F833.4 X96.906 Y117.752 E1617.35928
G1 F747 X96.908 Y131.523 E1617.93411
G1 F688.1 X96.949 Y131.85 E1617.94904
G1 F641 X96.949 Y132.143 E1617.96329
G1 X97.242 Y132.143 E1617.97754
G1 F691.9 X97.656 Y132.186 E1617.9963
G1 F748.5 X111.433 Y132.185 E1618.57023
;MESH:NONMESH
G0 F300 X111.433 Y132.185 Z25.2
G0 F15000 X111.433 Y131.927
G0 X97.219 Y131.875
G0 X97.219 Y117.315
G0 X97.389 Y117.269
;TIME_ELAPSED:2449.831384
;LAYER:125
;note -- min layer time used
;TYPE:WALL-INNER
;MESH:Camera mount.stl(1)
G1 F574.2 X97.533 Y117.249 E1618.57805
G1 F599.2 X101.338 Y117.242 E1618.77421
G1 F2400 E1617.97421
G0 F15000 X97.219 Y117.515
G0 X97.219 Y131.875
G0 X126.095 Y131.875
G0 X126.095 Y117.515
G0 X121.974 Y117.242
G1 F2400 E1618.77421
G1 F605.1 X125.657 Y117.244 E1618.96224
G1 F579.6 X125.923 Y117.269 E1618.97648
G1 F2400 E1618.17648
G0 F15000 X126.095 Y117.515
G0 X126.095 Y131.875
G0 X111.433 Y131.927
G0 X111.433 Y132.185
;TYPE:WALL-OUTER
G1 F2400 E1618.97648
G1 F737.2 X125.743 Y132.184 E1619.57618
G1 F680.5 X126.07 Y132.143 E1619.59115
G1 F634 X126.363 Y132.143 E1619.60542
G1 X126.363 Y131.85 E1619.6197
G1 F683 X126.405 Y131.523 E1619.63461
G1 F740.1 X126.406 Y117.952 E1620.20109
G1 F825.6 X126.456 Y117.269 E1620.22671
G1 F928.8 X126.456 Y116.736 E1620.24444
G1 X121.353 Y116.736 E1620.41417
G1 X121.468 Y117.243 E1620.43146
G1 F982.9 X121.299 Y117.42 E1620.43915
G1 F1049.5 X120.966 Y117.42 E1620.44895
G1 F1055.5 X121.027 Y117.772 E1620.45941
G1 F1049.5 X121.329 Y117.771 E1620.4683
G1 F982.9 X121.974 Y117.748 E1620.48858
G1 F928.8 X125.717 Y117.752 E1620.61307
G1 F825.6 X125.906 Y117.952 E1620.62337
G1 F740.1 X125.905 Y131.48 E1621.18805
G1 F683 X125.863 Y131.643 E1621.19566
G1 F680.5 X125.7 Y131.685 E1621.20331
G1 F740.1 X97.656 Y131.686 E1622.3739
G1 F685.5 X97.449 Y131.643 E1622.38343
G1 F681.7 X97.407 Y131.48 E1622.39106
G1 F740.1 X97.406 Y117.952 E1622.95574
G1 F825.6 X97.592 Y117.755 E1622.96588
G1 F928.8 X101.338 Y117.748 E1623.09047
G1 F957.5 X102.283 Y117.781 E1623.12097
G1 F1023.5 X102.347 Y117.417 E1623.13213
G1 F1055.5 X102.046 Y117.42 E1623.14094
G1 F988.1 X101.844 Y117.243 E1623.14934
G1 F928.8 X101.959 Y116.736 E1623.16663
G1 X96.856 Y116.736 E1623.33636
G1 X96.856 Y117.269 E1623.35408
G1 F825.6 X96.906 Y117.952 E1623.37971
G1 F740.1 X96.908 Y131.523 E1623.94618
G1 F681.7 X96.949 Y131.85 E1623.96112
G1 F635.1 X96.949 Y132.143 E1623.97537
G1 X97.242 Y132.143 E1623.98962
G1 F685.5 X97.656 Y132.186 E1624.00838
G1 F741.6 X111.433 Y132.185 E1624.58231
;MESH:NONMESH
G0 F300 X111.433 Y132.185 Z25.4
G0 F15000 X111.433 Y131.927
G0 X97.219 Y131.875
G0 X97.219 Y117.515
G0 X97.389 Y117.469
;TIME_ELAPSED:2464.684811
;LAYER:126
;note -- min layer time used
;TYPE:WALL-INNER
;MESH:Camera mount.stl(1)
G1 F569 X97.533 Y117.449 E1624.59013
G1 F593.7 X101.266 Y117.442 E1624.78258
G1 F2400 E1623.98258
G0 F15000 X97.219 Y117.715
G0 X97.219 Y131.875
G0 X126.095 Y131.875
G0 X126.095 Y117.715
G0 X122.046 Y117.442
G1 F2400 E1624.78258
G1 F599.5 X125.657 Y117.444 E1624.96693
G1 F574.3 X125.923 Y117.469 E1624.98117
G1 F2400 E1624.18117
G0 F15000 X126.095 Y117.715
G0 X126.095 Y131.875
G0 X111.433 Y131.927
G0 X111.433 Y132.185
;TYPE:WALL-OUTER
G1 F2400 E1624.98117
G1 F730.4 X125.743 Y132.184 E1625.58087
G1 F674.2 X126.07 Y132.143 E1625.59583
G1 F628.2 X126.363 Y132.143 E1625.61011
G1 X126.363 Y131.85 E1625.62439
G1 F676.7 X126.405 Y131.523 E1625.6393
G1 F733.3 X126.406 Y118.152 E1626.19743
G1 F818 X126.456 Y117.469 E1626.22305
G1 F920.3 X126.456 Y116.936 E1626.24078
G1 X121.46 Y116.937 E1626.40695
G1 X121.54 Y117.443 E1626.42398
G1 F973.9 X121.371 Y117.62 E1626.43168
G1 F1039.9 X121.034 Y117.618 E1626.4416
G1 F1045.8 X121.088 Y117.972 E1626.45208
G1 F1039.9 X121.401 Y117.971 E1626.46129
G1 F973.9 X122.046 Y117.948 E1626.48158
G1 F920.3 X125.717 Y117.952 E1626.60367
G1 F818 X125.906 Y118.152 E1626.61397
G1 F733.3 X125.905 Y131.48 E1627.1703
G1 F676.7 X125.863 Y131.643 E1627.17792
G1 F674.2 X125.7 Y131.685 E1627.18556
G1 F733.3 X97.656 Y131.686 E1628.35615
G1 F679.2 X97.449 Y131.643 E1628.36568
G1 F675.5 X97.407 Y131.48 E1628.37331
G1 F733.3 X97.406 Y118.152 E1628.92964
G1 F818 X97.592 Y117.955 E1628.93978
G1 F920.3 X101.266 Y117.948 E1629.06198
G1 F948.8 X102.219 Y117.982 E1629.09274
G1 F1014.1 X102.278 Y117.618 E1629.10387
G1 F1045.8 X101.974 Y117.62 E1629.11277
G1 F979 X101.772 Y117.443 E1629.12117
G1 F920.3 X101.849 Y116.936 E1629.13822
G1 X96.856 Y116.936 E1629.30429
G1 X96.856 Y117.469 E1629.32202
G1 F818 X96.906 Y118.152 E1629.34764
G1 F733.3 X96.908 Y131.523 E1629.90577
G1 F675.5 X96.949 Y131.85 E1629.9207
G1 F629.3 X96.949 Y132.143 E1629.93496
G1 X97.242 Y132.143 E1629.94921
G1 F679.2 X97.656 Y132.186 E1629.96797
G1 F734.8 X111.433 Y132.185 E1630.54189
;MESH:NONMESH
G0 F300 X111.433 Y132.185 Z25.6
G0 F15000 X111.433 Y131.927
G0 X97.219 Y131.875
G0 X97.219 Y117.715
G0 X97.389 Y117.669
;TIME_ELAPSED:2479.525151
;LAYER:127
;note -- min layer time used
;TYPE:WALL-INNER
;MESH:Camera mount.stl(1)
G1 F564.2 X97.533 Y117.649 E1630.54971
G1 F588.7 X101.206 Y117.642 E1630.73907
G1 F2400 E1629.93907
G0 F15000 X97.219 Y117.915
G0 X97.219 Y131.875
G0 X126.095 Y131.875
G0 X126.095 Y117.915
G0 X122.106 Y117.642
G1 F2400 E1630.73907
G1 F594.5 X125.657 Y117.644 E1630.92036
G1 F569.5 X125.923 Y117.669 E1630.9346
G1 F2400 E1630.1346
G0 F15000 X126.095 Y117.915
G0 X126.095 Y131.875
G0 X111.433 Y131.927
G0 X111.433 Y132.185
;TYPE:WALL-OUTER
G1 F2400 E1630.9346
G1 F724.2 X125.743 Y132.184 E1631.5343
G1 F668.5 X126.07 Y132.143 E1631.54927
G1 F622.9 X126.363 Y132.143 E1631.56354
G1 X126.363 Y131.85 E1631.57782
G1 F671 X126.405 Y131.523 E1631.59273
G1 F727.1 X126.406 Y118.352 E1632.14251
G1 F811.2 X126.456 Y117.669 E1632.16813
G1 F912.5 X126.456 Y117.136 E1632.18586
G1 X121.522 Y117.136 E1632.34997
G1 X121.6 Y117.643 E1632.36703
G1 F965.7 X121.431 Y117.82 E1632.37472
G1 F1031.1 X121.095 Y117.82 E1632.38461
G1 F1037 X121.151 Y118.172 E1632.39504
G1 F1031.1 X121.461 Y118.171 E1632.40417
G1 F965.7 X122.106 Y118.148 E1632.42445
G1 F912.5 X125.717 Y118.152 E1632.54456
G1 F811.2 X125.906 Y118.352 E1632.55485
G1 F727.1 X125.905 Y131.48 E1633.10283
G1 F671 X125.863 Y131.643 E1633.11045
G1 F668.5 X125.7 Y131.685 E1633.11809
G1 F727.1 X97.656 Y131.686 E1634.28869
G1 F673.5 X97.449 Y131.643 E1634.29822
G1 F669.8 X97.407 Y131.48 E1634.30584
G1 F727.1 X97.406 Y118.352 E1634.85383
G1 F811.2 X97.592 Y118.155 E1634.86396
G1 F912.5 X101.206 Y118.148 E1634.98417
G1 F940.8 X102.16 Y118.18 E1635.01496
G1 F1005.6 X102.215 Y117.82 E1635.02595
G1 F1037 X101.912 Y117.82 E1635.03482
G1 F970.8 X101.712 Y117.643 E1635.04317
G1 F912.5 X101.787 Y117.136 E1635.06022
G1 X96.856 Y117.136 E1635.22422
G1 X96.856 Y117.669 E1635.24195
G1 F811.2 X96.906 Y118.352 E1635.26758
G1 F727.1 X96.908 Y131.523 E1635.81735
G1 F669.8 X96.949 Y131.85 E1635.83229
G1 F624 X96.949 Y132.143 E1635.84654
G1 X97.242 Y132.143 E1635.86079
G1 F673.5 X97.656 Y132.186 E1635.87955
G1 F728.6 X111.433 Y132.185 E1636.45348
;MESH:NONMESH
G0 F300 X111.433 Y132.185 Z25.8
G0 F15000 X111.433 Y131.927
G0 X97.219 Y131.875
G0 X97.219 Y117.915
G0 X97.389 Y117.869
;TIME_ELAPSED:2494.354387
;LAYER:128
;note -- min layer time used
;TYPE:WALL-INNER
;MESH:Camera mount.stl(1)
G1 F559.4 X97.533 Y117.849 E1636.4613
G1 F583.7 X101.142 Y117.842 E1636.64736
G1 F2400 E1635.84736
G0 F15000 X97.219 Y118.115
G0 X97.219 Y131.875
G0 X126.095 Y131.875
G0 X126.095 Y118.115
G0 X122.17 Y117.842
G1 F2400 E1636.64736
G1 F589.4 X125.657 Y117.844 E1636.82538
G1 F564.6 X125.923 Y117.869 E1636.83962
G1 F2400 E1636.03962
G0 F15000 X126.095 Y118.115
G0 X126.095 Y131.875
G0 X111.433 Y131.927
G0 X111.433 Y132.185
;TYPE:WALL-OUTER
G1 F2400 E1636.83962
G1 F718.1 X125.743 Y132.184 E1637.43932
G1 F662.9 X126.07 Y132.143 E1637.45428
G1 F617.6 X126.363 Y132.143 E1637.46856
G1 X126.363 Y131.85 E1637.48284
G1 F665.3 X126.405 Y131.523 E1637.49775
G1 F721 X126.406 Y118.552 E1638.03918
G1 F804.3 X126.456 Y117.869 E1638.0648
G1 F904.8 X126.456 Y117.336 E1638.08253
G1 X121.586 Y117.336 E1638.24451
G1 X121.664 Y117.843 E1638.26157
G1 F957.5 X121.495 Y118.02 E1638.26926
G1 F1022.4 X121.157 Y118.02 E1638.27921
G1 F1028.2 X121.211 Y118.372 E1638.28963
G1 F1022.4 X121.525 Y118.371 E1638.29888
G1 F957.5 X122.17 Y118.348 E1638.31916
G1 F904.8 X125.717 Y118.352 E1638.43714
G1 F804.3 X125.906 Y118.552 E1638.44743
G1 F721 X125.905 Y131.48 E1638.98707
G1 F665.3 X125.863 Y131.643 E1638.99468
G1 F662.9 X125.7 Y131.685 E1639.00232
G1 F721 X97.656 Y131.686 E1640.17292
G1 F667.8 X97.449 Y131.643 E1640.18245
G1 F664.1 X97.407 Y131.48 E1640.19008
G1 F721 X97.406 Y118.552 E1640.72971
G1 F804.3 X97.592 Y118.355 E1640.73985
G1 F904.8 X101.142 Y118.348 E1640.85792
G1 F962.6 X101.848 Y118.372 E1640.88001
G1 F1028.2 X102.101 Y118.372 E1640.88741
G1 F1031.1 X102.155 Y118.02 E1640.89781
G1 F1028.2 X101.848 Y118.02 E1640.90679
G1 F962.6 X101.648 Y117.843 E1640.91514
G1 F904.8 X101.726 Y117.336 E1640.9322
G1 X96.856 Y117.336 E1641.09418
G1 X96.856 Y117.869 E1641.11191
G1 F804.3 X96.906 Y118.552 E1641.13753
G1 F721 X96.908 Y131.523 E1641.67896
G1 F664.1 X96.949 Y131.85 E1641.69389
G1 F618.7 X96.949 Y132.143 E1641.70815
G1 X97.242 Y132.143 E1641.7224
G1 F667.8 X97.656 Y132.186 E1641.74116
G1 F722.4 X111.433 Y132.185 E1642.31508
;MESH:NONMESH
G0 F300 X111.433 Y132.185 Z26
G0 F15000 X111.433 Y131.927
G0 X97.219 Y131.875
G0 X97.219 Y118.115
G0 X97.389 Y118.069
;TIME_ELAPSED:2509.171292
;LAYER:129
;note -- min layer time used
;TYPE:WALL-INNER
;MESH:Camera mount.stl(1)
G1 F554.9 X97.533 Y118.049 E1642.32291
G1 F578.1 X101.081 Y118.043 E1642.50611
G1 F2400 E1641.70611
G0 F15000 X97.219 Y118.315
G0 X97.219 Y131.875
G0 X126.095 Y131.875
G0 X126.095 Y118.315
G0 X122.231 Y118.043
G1 F2400 E1642.50611
G1 F583.7 X125.657 Y118.044 E1642.68131
G1 F560 X125.923 Y118.069 E1642.69555
G1 F2400 E1641.89555
G0 F15000 X126.095 Y118.315
G0 X126.095 Y131.875
G0 X111.433 Y131.927
G0 X111.433 Y132.185
;TYPE:WALL-OUTER
G1 F2400 E1642.69555
G1 F712.3 X125.743 Y132.184 E1643.29525
G1 F657.5 X126.07 Y132.143 E1643.31021
G1 F612.6 X126.363 Y132.143 E1643.32449
G1 X126.363 Y131.85 E1643.33876
G1 F659.9 X126.405 Y131.523 E1643.35368
G1 F715.1 X126.406 Y118.752 E1643.88676
G1 F797.8 X126.456 Y118.069 E1643.91238
G1 F897.5 X126.456 Y117.536 E1643.93011
G1 X121.649 Y117.536 E1644.08999
G1 X121.724 Y118.043 E1644.10704
G1 F949.7 X121.555 Y118.22 E1644.11473
G1 F1014.1 X121.214 Y118.22 E1644.12477
G1 F1019.9 X121.24 Y118.572 E1644.1351
G1 F1014.1 X121.585 Y118.571 E1644.14525
G1 F949.7 X122.231 Y118.549 E1644.16557
G1 F897.5 X125.717 Y118.552 E1644.28151
G1 F797.8 X125.906 Y118.752 E1644.29181
G1 F715.1 X125.905 Y131.48 E1644.8231
G1 F659.9 X125.863 Y131.643 E1644.83071
G1 F657.5 X125.7 Y131.685 E1644.83835
G1 F715.1 X97.656 Y131.686 E1646.00895
G1 F662.3 X97.449 Y131.643 E1646.01848
G1 F658.7 X97.407 Y131.48 E1646.02611
G1 F715.1 X97.406 Y118.752 E1646.55739
G1 F797.8 X97.592 Y118.555 E1646.56753
G1 F897.5 X101.081 Y118.55 E1646.68357
G1 F954.8 X101.788 Y118.572 E1646.70569
G1 F1019.9 X102.069 Y118.572 E1646.71391
G1 F1022.8 X102.098 Y118.22 E1646.72422
G1 F1019.9 X101.788 Y118.22 E1646.73329
G1 F954.8 X101.588 Y118.043 E1646.74164
G1 F897.5 X101.663 Y117.536 E1646.75869
G1 X96.856 Y117.536 E1646.91857
G1 X96.856 Y118.069 E1646.9363
G1 F797.8 X96.906 Y118.752 E1646.96192
G1 F715.1 X96.908 Y131.523 E1647.495
G1 F658.7 X96.949 Y131.85 E1647.50994
G1 F613.7 X96.949 Y132.143 E1647.52419
G1 X97.242 Y132.143 E1647.53844
G1 F662.3 X97.656 Y132.186 E1647.5572
G1 F716.5 X111.433 Y132.185 E1648.13113
;MESH:NONMESH
G0 F300 X111.433 Y132.185 Z26.2
G0 F15000 X111.433 Y131.927
G0 X97.219 Y131.875
G0 X97.219 Y118.315
G0 X97.389 Y118.269
;TIME_ELAPSED:2523.977058
;LAYER:130
;note -- min layer time used
;TYPE:WALL-INNER
;MESH:Camera mount.stl(1)
G1 F550.5 X97.533 Y118.249 E1648.13895
G1 F573.6 X101.049 Y118.243 E1648.3205
G1 F2400 E1647.5205
G0 F15000 X97.219 Y118.515
G0 X97.219 Y131.875
G0 X126.095 Y131.875
G0 X126.095 Y118.515
G0 X122.263 Y118.243
G1 F2400 E1648.3205
G1 F579.2 X125.657 Y118.244 E1648.49406
G1 F555.7 X125.923 Y118.269 E1648.5083
G1 F2400 E1647.7083
G0 F15000 X126.095 Y118.515
G0 X126.095 Y131.875
G0 X111.433 Y131.927
G0 X111.433 Y132.185
;TYPE:WALL-OUTER
G1 F2400 E1648.5083
G1 F706.7 X125.743 Y132.184 E1649.108
G1 F652.4 X126.07 Y132.143 E1649.12297
G1 F607.9 X126.363 Y132.143 E1649.13724
G1 X126.363 Y131.85 E1649.15152
G1 F654.8 X126.405 Y131.523 E1649.16643
G1 F709.6 X126.406 Y118.952 E1649.69117
G1 F791.6 X126.456 Y118.269 E1649.71679
G1 F890.5 X126.456 Y117.736 E1649.73452
G1 X121.711 Y117.736 E1649.89234
G1 X121.756 Y118.243 E1649.90927
G1 F942.3 X121.587 Y118.42 E1649.91696
G1 F1006.2 X121.246 Y118.42 E1649.927
G1 F1011.9 X121.272 Y118.772 E1649.93733
G1 F1006.2 X121.617 Y118.771 E1649.94748
G1 F942.3 X122.263 Y118.749 E1649.9678
G1 F890.5 X125.717 Y118.752 E1650.08268
G1 F791.6 X125.906 Y118.952 E1650.09297
G1 F709.6 X125.905 Y131.48 E1650.61591
G1 F654.8 X125.863 Y131.643 E1650.62353
G1 F652.4 X125.7 Y131.685 E1650.63117
G1 F709.6 X97.656 Y131.686 E1651.80177
G1 F657.2 X97.449 Y131.643 E1651.81129
G1 F653.6 X97.407 Y131.48 E1651.81892
G1 F709.6 X97.406 Y118.952 E1652.34186
G1 F791.6 X97.592 Y118.755 E1652.352
G1 F890.5 X101.049 Y118.75 E1652.46698
G1 F947.3 X101.756 Y118.772 E1652.48909
G1 F1011.9 X102.04 Y118.772 E1652.4974
G1 X102.066 Y118.42 E1652.50773
G1 X101.756 Y118.42 E1652.51681
G1 F947.3 X101.556 Y118.243 E1652.52516
G1 F890.5 X101.6 Y117.736 E1652.54208
G1 X96.856 Y117.736 E1652.69987
G1 X96.856 Y118.269 E1652.7176
G1 F791.6 X96.906 Y118.952 E1652.74322
G1 F709.6 X96.908 Y131.523 E1653.26795
G1 F653.6 X96.949 Y131.85 E1653.28289
G1 F608.9 X96.949 Y132.143 E1653.29714
G1 X97.242 Y132.143 E1653.31139
G1 F657.2 X97.656 Y132.186 E1653.33015
G1 F711 X111.433 Y132.185 E1653.90408
;MESH:NONMESH
G0 F300 X111.433 Y132.185 Z26.4
G0 F15000 X111.433 Y131.927
G0 X97.219 Y131.875
G0 X97.219 Y118.515
G0 X97.389 Y118.469
;TIME_ELAPSED:2538.771156
;LAYER:131
;note -- min layer time used
;TYPE:WALL-INNER
;MESH:Camera mount.stl(1)
G1 F546.5 X97.533 Y118.449 E1653.9119
G1 F569.3 X101.017 Y118.443 E1654.0918
G1 F2400 E1653.2918
G0 F15000 X97.219 Y118.715
G0 X97.219 Y131.875
G0 X126.095 Y131.875
G0 X126.095 Y118.715
G0 X122.291 Y118.443
G1 F2400 E1654.0918
G1 F574.9 X125.657 Y118.444 E1654.26393
G1 F551.6 X125.923 Y118.469 E1654.27817
G1 F2400 E1653.47817
G0 F15000 X126.095 Y118.715
G0 X126.095 Y131.875
G0 X111.433 Y131.927
G0 X111.433 Y132.185
;TYPE:WALL-OUTER
G1 F2400 E1654.27817
G1 F701.5 X125.743 Y132.184 E1654.87787
G1 F647.5 X126.07 Y132.143 E1654.89283
G1 F603.3 X126.363 Y132.143 E1654.90711
G1 X126.363 Y131.85 E1654.92139
G1 F649.9 X126.405 Y131.523 E1654.9363
G1 F704.3 X126.406 Y119.152 E1655.45268
G1 F785.7 X126.456 Y118.469 E1655.47831
G1 F883.9 X126.456 Y117.936 E1655.49604
G1 X121.748 Y117.936 E1655.65262
G1 X121.784 Y118.443 E1655.66953
G1 F935.3 X121.615 Y118.62 E1655.67722
G1 F998.8 X121.275 Y118.62 E1655.68723
G1 F1004.4 X121.303 Y118.972 E1655.69756
G1 F998.8 X121.645 Y118.971 E1655.70763
G1 F935.3 X122.291 Y118.949 E1655.72795
G1 F883.9 X125.717 Y118.952 E1655.8419
G1 F785.7 X125.906 Y119.152 E1655.85219
G1 F704.3 X125.905 Y131.48 E1656.36678
G1 F649.9 X125.863 Y131.643 E1656.3744
G1 F647.5 X125.7 Y131.685 E1656.38204
G1 F704.3 X97.656 Y131.686 E1657.55264
G1 F652.3 X97.449 Y131.643 E1657.56216
G1 F648.7 X97.407 Y131.48 E1657.56979
G1 F704.3 X97.406 Y119.152 E1658.08438
G1 F785.7 X97.592 Y118.955 E1658.09452
G1 F883.9 X101.017 Y118.95 E1658.20843
G1 F940.3 X101.724 Y118.972 E1658.23055
G1 F1004.4 X102.008 Y118.972 E1658.23886
G1 X102.034 Y118.62 E1658.24919
G1 X101.724 Y118.62 E1658.25827
G1 F940.3 X101.524 Y118.443 E1658.26662
G1 F883.9 X101.563 Y117.936 E1658.28353
G1 X96.856 Y117.936 E1658.44008
G1 X96.856 Y118.469 E1658.45781
G1 F785.7 X96.906 Y119.152 E1658.48344
G1 F704.3 X96.908 Y131.523 E1658.99982
G1 F648.7 X96.949 Y131.85 E1659.01475
G1 F604.4 X96.949 Y132.143 E1659.02901
G1 X97.242 Y132.143 E1659.04326
G1 F652.3 X97.656 Y132.186 E1659.06202
G1 F705.7 X111.433 Y132.185 E1659.63594
;MESH:NONMESH
G0 F300 X111.433 Y132.185 Z26.6
G0 F15000 X111.433 Y131.927
G0 X97.219 Y131.875
G0 X97.219 Y118.715
G0 X97.389 Y118.669
;TIME_ELAPSED:2553.554724
;LAYER:132
;note -- min layer time used
;TYPE:WALL-INNER
;MESH:Camera mount.stl(1)
G1 F542.6 X97.533 Y118.649 E1659.64376
G1 F565.3 X100.989 Y118.643 E1659.82222
G1 F2400 E1659.02222
G0 F15000 X97.219 Y118.915
G0 X97.219 Y131.875
G0 X126.095 Y131.875
G0 X126.095 Y118.915
G0 X122.323 Y118.643
G1 F2400 E1659.82222
G1 F570.8 X125.657 Y118.644 E1659.99271
G1 F547.6 X125.923 Y118.669 E1660.00695
G1 F2400 E1659.20695
G0 F15000 X126.095 Y118.915
G0 X126.095 Y131.875
G0 X111.433 Y131.927
G0 X111.433 Y132.185
;TYPE:WALL-OUTER
G1 F2400 E1660.00695
G1 F696.5 X125.743 Y132.184 E1660.60665
G1 F642.9 X126.07 Y132.143 E1660.62162
G1 F599 X126.363 Y132.143 E1660.63589
G1 X126.363 Y131.85 E1660.65017
G1 F645.3 X126.405 Y131.523 E1660.66508
G1 F699.3 X126.406 Y119.352 E1661.17312
G1 F780.1 X126.456 Y118.669 E1661.19874
G1 F877.6 X126.456 Y118.136 E1661.21647
G1 X121.78 Y118.136 E1661.37199
G1 X121.816 Y118.641 E1661.38883
G1 F926.2 X121.647 Y118.817 E1661.39652
G1 F991.6 X121.304 Y118.818 E1661.40662
G1 F1000.1 X121.315 Y119.17 E1661.4169
G1 F997.3 X121.619 Y119.171 E1661.42579
G1 F931.1 X122.323 Y119.149 E1661.44787
G1 F877.6 X125.717 Y119.152 E1661.56076
G1 F780.1 X125.906 Y119.352 E1661.57106
G1 F699.3 X125.905 Y131.48 E1662.0773
G1 F645.3 X125.863 Y131.643 E1662.08491
G1 F642.9 X125.7 Y131.685 E1662.09255
G1 F699.3 X97.656 Y131.686 E1663.26315
G1 F647.7 X97.449 Y131.643 E1663.27268
G1 F644.1 X97.407 Y131.48 E1663.28031
G1 F699.3 X97.406 Y119.352 E1663.78655
G1 F780.1 X97.592 Y119.155 E1663.79668
G1 F877.6 X100.989 Y119.15 E1663.90967
G1 F933.6 X101.696 Y119.172 E1663.93178
G1 F997.3 X101.992 Y119.172 E1663.94045
G1 X102.005 Y118.82 E1663.95076
G1 X101.696 Y118.82 E1663.9598
G1 F933.6 X101.496 Y118.643 E1663.96815
G1 F877.6 X101.532 Y118.136 E1663.98506
G1 X96.856 Y118.136 E1664.14058
G1 X96.856 Y118.669 E1664.15831
G1 F780.1 X96.906 Y119.352 E1664.18393
G1 F699.3 X96.908 Y131.523 E1664.69197
G1 F644.1 X96.949 Y131.85 E1664.7069
G1 F600.1 X96.949 Y132.143 E1664.72116
G1 X97.242 Y132.143 E1664.73541
G1 F647.7 X97.656 Y132.186 E1664.75417
G1 F700.7 X111.433 Y132.185 E1665.32809
;MESH:NONMESH
G0 F300 X111.433 Y132.185 Z26.8
G0 F15000 X111.433 Y131.927
G0 X97.219 Y131.875
G0 X97.219 Y118.915
G0 X97.389 Y118.869
;TIME_ELAPSED:2568.327210
;LAYER:133
;note -- min layer time used
;TYPE:WALL-INNER
;MESH:Camera mount.stl(1)
G1 F538.9 X97.533 Y118.849 E1665.33591
G1 F561.5 X100.965 Y118.843 E1665.51313
G1 F2400 E1664.71313
G0 F15000 X97.219 Y119.114
G0 X97.219 Y131.875
G0 X126.095 Y131.875
G0 X126.095 Y119.115
G0 X122.352 Y118.844
G1 F2400 E1665.51313
G1 F566 X125.656 Y118.844 E1665.68236
G1 F543.9 X125.923 Y118.869 E1665.69666
G1 F2400 E1664.89666
G0 F15000 X126.095 Y119.115
G0 X126.095 Y131.875
G0 X111.433 Y131.927
G0 X111.433 Y132.185
;TYPE:WALL-OUTER
G1 F2400 E1665.69666
G1 F691.8 X125.743 Y132.184 E1666.29636
G1 F638.6 X126.07 Y132.143 E1666.31132
G1 F595 X126.363 Y132.143 E1666.3256
G1 X126.363 Y131.85 E1666.33987
G1 F640.9 X126.405 Y131.523 E1666.35479
G1 F694.6 X126.406 Y119.552 E1666.85447
G1 F774.8 X126.456 Y118.869 E1666.8801
G1 F871.7 X126.456 Y118.336 E1666.89782
G1 X121.81 Y118.336 E1667.05235
G1 X121.844 Y118.842 E1667.06922
G1 F917.5 X121.675 Y119.017 E1667.07691
G1 F973.9 X121.321 Y119.021 E1667.08744
G1 F979.4 X121.319 Y119.374 E1667.09789
G1 F973.9 X121.705 Y119.373 E1667.10938
G1 F917.5 X122.352 Y119.352 E1667.12984
G1 F871.7 X125.717 Y119.352 E1667.24176
G1 F774.8 X125.906 Y119.552 E1667.25205
G1 F694.6 X125.905 Y131.48 E1667.74995
G1 F640.9 X125.863 Y131.643 E1667.75756
G1 F638.6 X125.7 Y131.685 E1667.7652
G1 F694.6 X97.656 Y131.686 E1668.9358
G1 F643.3 X97.449 Y131.643 E1668.94533
G1 F639.8 X97.407 Y131.48 E1668.95296
G1 F694.6 X97.406 Y119.552 E1669.45085
G1 F774.8 X97.592 Y119.355 E1669.46099
G1 F871.7 X100.965 Y119.35 E1669.57317
G1 F927.3 X101.672 Y119.372 E1669.59529
G1 F990.5 X101.992 Y119.372 E1669.60465
G1 X101.992 Y119.02 E1669.61496
G1 X101.672 Y119.02 E1669.62432
G1 F927.3 X101.472 Y118.843 E1669.63267
G1 F871.7 X101.503 Y118.337 E1669.64953
G1 X96.856 Y118.336 E1669.80409
G1 X96.856 Y118.869 E1669.82182
G1 F774.8 X96.906 Y119.552 E1669.84745
G1 F694.6 X96.908 Y131.523 E1670.34713
G1 F639.8 X96.949 Y131.85 E1670.36207
G1 F596 X96.949 Y132.143 E1670.37632
G1 X97.242 Y132.143 E1670.39057
G1 F643.3 X97.656 Y132.186 E1670.40933
G1 F695.9 X111.433 Y132.185 E1670.98326
;MESH:NONMESH
G0 F300 X111.433 Y132.185 Z27
G0 F15000 X111.433 Y131.927
G0 X97.219 Y131.875
G0 X97.219 Y119.114
G0 X97.389 Y119.069
;TIME_ELAPSED:2583.088536
;LAYER:134
;note -- min layer time used
;TYPE:WALL-INNER
;MESH:Camera mount.stl(1)
G1 F535.4 X97.533 Y119.049 E1670.99108
G1 F559.6 X100.967 Y119.044 E1671.16783
G1 F2400 E1670.36783
G0 F15000 X97.219 Y119.314
G0 X97.219 Y131.875
G0 X126.095 Y131.875
G0 X126.095 Y119.315
G0 X122.356 Y119.044
G1 F2400 E1671.16783
G1 F562.3 X125.656 Y119.044 E1671.33686
G1 F540.4 X125.923 Y119.069 E1671.35115
G1 F2400 E1670.55115
G0 F15000 X126.095 Y119.315
G0 X126.095 Y131.875
G0 X111.433 Y131.927
G0 X111.433 Y132.185
;TYPE:WALL-OUTER
G1 F2400 E1671.35115
G1 F687.3 X125.743 Y132.184 E1671.95085
G1 F634.4 X126.07 Y132.143 E1671.96581
G1 F591.1 X126.363 Y132.143 E1671.98009
G1 X126.363 Y131.85 E1671.99436
G1 F636.7 X126.405 Y131.523 E1672.00928
G1 F690 X126.406 Y119.752 E1672.50062
G1 F769.7 X126.456 Y119.069 E1672.52624
G1 F866 X126.456 Y118.536 E1672.54397
G1 X121.84 Y118.536 E1672.6975
G1 X121.848 Y119.044 E1672.7144
G1 F916.4 X121.679 Y119.22 E1672.72206
G1 F973 X121.326 Y119.221 E1672.73251
G1 F978.5 X121.32 Y119.575 E1672.74294
G1 F973 X121.709 Y119.574 E1672.75445
G1 F916.4 X122.356 Y119.552 E1672.7748
G1 F866 X125.717 Y119.552 E1672.88659
G1 F769.7 X125.906 Y119.752 E1672.89688
G1 F690 X125.905 Y131.48 E1673.38643
G1 F636.7 X125.863 Y131.643 E1673.39404
G1 F634.4 X125.7 Y131.685 E1673.40168
G1 F690 X97.656 Y131.686 E1674.57228
G1 F639.1 X97.449 Y131.643 E1674.58181
G1 F635.6 X97.407 Y131.48 E1674.58944
G1 F690 X97.406 Y119.752 E1675.07898
G1 F769.7 X97.592 Y119.555 E1675.08912
G1 F866 X100.967 Y119.549 E1675.20137
G1 F921.2 X101.672 Y119.572 E1675.22342
G1 F984 X101.992 Y119.572 E1675.23279
G1 X101.992 Y119.22 E1675.24309
G1 X101.672 Y119.22 E1675.25246
G1 F921.2 X101.472 Y119.044 E1675.26079
G1 F866 X101.472 Y118.537 E1675.27765
G1 X96.856 Y118.536 E1675.43118
G1 X96.856 Y119.069 E1675.44891
G1 F769.7 X96.906 Y119.752 E1675.47453
G1 F690 X96.908 Y131.523 E1675.96587
G1 F635.6 X96.949 Y131.85 E1675.98081
G1 F592.1 X96.949 Y132.143 E1675.99506
G1 X97.242 Y132.143 E1676.00931
G1 F639.1 X97.656 Y132.186 E1676.02807
G1 F691.4 X111.433 Y132.185 E1676.60199
;MESH:NONMESH
G0 F300 X111.433 Y132.185 Z27.2
G0 F15000 X111.433 Y131.927
G0 X97.219 Y131.875
G0 X97.219 Y119.314
G0 X97.389 Y119.269
;TIME_ELAPSED:2597.837736
;LAYER:135
;note -- min layer time used
;TYPE:WALL-INNER
;MESH:Camera mount.stl(1)
G1 F532.1 X97.533 Y119.249 E1676.60982
G1 F556.1 X100.967 Y119.244 E1676.78656
G1 F2400 E1675.98656
G0 F15000 X97.219 Y119.514
G0 X97.219 Y131.875
G0 X126.095 Y131.875
G0 X126.095 Y119.515
G0 X122.36 Y119.244
G1 F2400 E1676.78656
G1 F558.9 X125.656 Y119.244 E1676.95539
G1 F537.1 X125.923 Y119.269 E1676.96968
G1 F2400 E1676.16968
G0 F15000 X126.095 Y119.515
G0 X126.095 Y131.875
G0 X111.433 Y131.927
G0 X111.433 Y132.185
;TYPE:WALL-OUTER
G1 F2400 E1676.96968
G1 F683 X125.743 Y132.184 E1677.56938
G1 F630.5 X126.07 Y132.143 E1677.58434
G1 F587.5 X126.363 Y132.143 E1677.59862
G1 X126.363 Y131.85 E1677.6129
G1 F632.8 X126.405 Y131.523 E1677.62781
G1 F685.8 X126.406 Y119.952 E1678.1108
G1 F765 X126.456 Y119.269 E1678.13642
G1 F860.6 X126.456 Y118.736 E1678.15415
G1 X121.847 Y118.736 E1678.30745
G1 X121.852 Y119.244 E1678.32435
G1 F910.7 X121.683 Y119.42 E1678.33201
G1 F967 X121.325 Y119.421 E1678.34261
G1 F972.5 X121.317 Y119.775 E1678.35303
G1 F967 X121.713 Y119.774 E1678.36476
G1 F910.7 X122.36 Y119.752 E1678.3851
G1 F860.6 X125.717 Y119.752 E1678.49676
G1 F765 X125.906 Y119.952 E1678.50705
G1 F685.8 X125.905 Y131.48 E1678.98825
G1 F632.8 X125.863 Y131.643 E1678.99586
G1 F630.5 X125.7 Y131.685 E1679.00351
G1 F685.8 X97.656 Y131.686 E1680.1741
G1 F635.2 X97.449 Y131.643 E1680.18363
G1 F631.7 X97.407 Y131.48 E1680.19126
G1 F685.8 X97.406 Y119.952 E1680.67246
G1 F765 X97.592 Y119.755 E1680.68259
G1 F860.6 X100.967 Y119.749 E1680.79485
G1 F915.6 X101.672 Y119.772 E1680.8169
G1 F978 X101.992 Y119.772 E1680.82627
G1 X101.992 Y119.42 E1680.83657
G1 X101.672 Y119.42 E1680.84593
G1 F915.6 X101.472 Y119.244 E1680.85426
G1 F860.6 X101.472 Y118.737 E1680.87113
G1 X96.856 Y118.736 E1681.02466
G1 X96.856 Y119.269 E1681.04238
G1 F765 X96.906 Y119.952 E1681.06801
G1 F685.8 X96.908 Y131.523 E1681.551
G1 F631.7 X96.949 Y131.85 E1681.56593
G1 F588.5 X96.949 Y132.143 E1681.58019
G1 X97.242 Y132.143 E1681.59444
G1 F635.2 X97.656 Y132.186 E1681.6132
G1 F687.1 X111.433 Y132.185 E1682.18712
;MESH:NONMESH
G0 F300 X111.433 Y132.185 Z27.4
G0 F15000 X111.433 Y131.927
G0 X97.219 Y131.875
G0 X97.219 Y119.514
G0 X97.389 Y119.469
;TIME_ELAPSED:2612.576862
;LAYER:136
;note -- min layer time used
;TYPE:WALL-INNER
;MESH:Camera mount.stl(1)
G1 F529 X97.533 Y119.449 E1682.19494
G1 F552.9 X100.967 Y119.444 E1682.37169
G1 F2400 E1681.57169
G0 F15000 X97.219 Y119.714
G0 X97.219 Y131.875
G0 X126.095 Y131.875
G0 X126.095 Y119.715
G0 X122.352 Y119.444
G1 F2400 E1682.37169
G1 F555.6 X125.656 Y119.444 E1682.54093
G1 F533.9 X125.923 Y119.469 E1682.55522
G1 F2400 E1681.75522
G0 F15000 X126.095 Y119.715
G0 X126.095 Y131.875
G0 X111.433 Y131.927
G0 X111.433 Y132.185
;TYPE:WALL-OUTER
G1 F2400 E1682.55522
G1 F679.1 X125.743 Y132.184 E1683.15492
G1 F626.8 X126.07 Y132.143 E1683.16988
G1 F584 X126.363 Y132.143 E1683.18416
G1 X126.363 Y131.85 E1683.19843
G1 F629.1 X126.405 Y131.523 E1683.21335
G1 F681.8 X126.406 Y120.152 E1683.68799
G1 F760.6 X126.456 Y119.469 E1683.71361
G1 F855.6 X126.456 Y118.936 E1683.73134
G1 X121.85 Y118.936 E1683.88454
G1 X121.844 Y119.447 E1683.90154
G1 F905.4 X121.675 Y119.62 E1683.90914
G1 F961.4 X121.321 Y119.621 E1683.91962
G1 F966.8 X121.295 Y119.975 E1683.93006
G1 F961.4 X121.705 Y119.974 E1683.9422
G1 F905.4 X122.352 Y119.952 E1683.96255
G1 F855.6 X125.717 Y119.952 E1684.07447
G1 F760.6 X125.906 Y120.152 E1684.08476
G1 F681.8 X125.905 Y131.48 E1684.55761
G1 F629.1 X125.863 Y131.643 E1684.56523
G1 F626.8 X125.7 Y131.685 E1684.57287
G1 F681.8 X97.656 Y131.686 E1685.74347
G1 F631.5 X97.449 Y131.643 E1685.75299
G1 F628 X97.407 Y131.48 E1685.76062
G1 F681.8 X97.406 Y120.152 E1686.23347
G1 F760.6 X97.592 Y119.955 E1686.24361
G1 F855.6 X100.967 Y119.949 E1686.35586
G1 F910.2 X101.672 Y119.972 E1686.37791
G1 F972.3 X102.015 Y119.972 E1686.38795
G1 F969.5 X101.988 Y119.62 E1686.39831
G1 F972.3 X101.672 Y119.62 E1686.40756
G1 F910.2 X101.472 Y119.444 E1686.41589
G1 F855.6 X101.472 Y118.937 E1686.43276
G1 X96.856 Y118.936 E1686.58628
G1 X96.856 Y119.469 E1686.60401
G1 F760.6 X96.906 Y120.152 E1686.62964
G1 F681.8 X96.908 Y131.523 E1687.10428
G1 F628 X96.949 Y131.85 E1687.11921
G1 F585 X96.949 Y132.143 E1687.13347
G1 X97.242 Y132.143 E1687.14772
G1 F631.5 X97.656 Y132.186 E1687.16648
G1 F683.1 X111.433 Y132.185 E1687.7404
;MESH:NONMESH
G0 F300 X111.433 Y132.185 Z27.6
G0 F15000 X111.433 Y131.927
G0 X97.219 Y131.875
G0 X97.219 Y119.714
G0 X97.389 Y119.669
;TIME_ELAPSED:2627.305382
;LAYER:137
;note -- min layer time used
;TYPE:WALL-INNER
;MESH:Camera mount.stl(1)
G1 F526.2 X97.533 Y119.649 E1687.74822
G1 F550 X100.967 Y119.644 E1687.92497
G1 F2400 E1687.12497
G0 F15000 X97.219 Y119.914
G0 X97.219 Y131.875
G0 X126.095 Y131.875
G0 X126.095 Y119.915
G0 X122.344 Y119.644
G1 F2400 E1687.92497
G1 F552.7 X125.656 Y119.644 E1688.09462
G1 F531.1 X125.923 Y119.669 E1688.10891
G1 F2400 E1687.30891
G0 F15000 X126.095 Y119.915
G0 X126.095 Y131.875
G0 X111.433 Y131.927
G0 X111.433 Y132.185
;TYPE:WALL-OUTER
G1 F2400 E1688.10891
G1 F675.5 X125.743 Y132.184 E1688.70861
G1 F623.5 X126.07 Y132.143 E1688.72357
G1 F581 X126.363 Y132.143 E1688.73785
G1 X126.363 Y131.85 E1688.75212
G1 F625.8 X126.405 Y131.523 E1688.76704
G1 F678.2 X126.406 Y120.352 E1689.23333
G1 F756.6 X126.456 Y119.669 E1689.25896
G1 F851.1 X126.456 Y119.136 E1689.27668
G1 X121.848 Y119.136 E1689.42995
G1 X121.836 Y119.649 E1689.44701
G1 F900.7 X121.667 Y119.82 E1689.45457
G1 F956.3 X121.292 Y119.821 E1689.46567
G1 F961.7 X121.264 Y120.175 E1689.47612
G1 F956.3 X121.697 Y120.174 E1689.48894
G1 F900.7 X122.344 Y120.152 E1689.50929
G1 F851.1 X125.717 Y120.152 E1689.62148
G1 F756.6 X125.906 Y120.352 E1689.63177
G1 F678.2 X125.905 Y131.48 E1690.09627
G1 F625.8 X125.863 Y131.643 E1690.10388
G1 F623.5 X125.7 Y131.685 E1690.11153
G1 F678.2 X97.656 Y131.686 E1691.28212
G1 F628.1 X97.449 Y131.643 E1691.29165
G1 F624.7 X97.407 Y131.48 E1691.29928
G1 F678.2 X97.406 Y120.352 E1691.76378
G1 F756.6 X97.592 Y120.155 E1691.77392
G1 F851.1 X100.967 Y120.149 E1691.88617
G1 F905.5 X101.672 Y120.172 E1691.90822
G1 F967.2 X102.047 Y120.172 E1691.9192
G1 F964.4 X102.02 Y119.82 E1691.92956
G1 F967.2 X101.672 Y119.82 E1691.93975
G1 F905.5 X101.472 Y119.644 E1691.94808
G1 F851.1 X101.472 Y119.137 E1691.96494
G1 X96.856 Y119.136 E1692.11847
G1 X96.856 Y119.669 E1692.1362
G1 F756.6 X96.906 Y120.352 E1692.16182
G1 F678.2 X96.908 Y131.523 E1692.62811
G1 F624.7 X96.949 Y131.85 E1692.64305
G1 F582 X96.949 Y132.143 E1692.6573
G1 X97.242 Y132.143 E1692.67155
G1 F628.1 X97.656 Y132.186 E1692.69031
G1 F679.5 X111.433 Y132.185 E1693.26424
;MESH:NONMESH
G0 F300 X111.433 Y132.185 Z27.8
G0 F15000 X111.433 Y131.927
G0 X97.219 Y131.875
G0 X97.219 Y119.914
G0 X97.389 Y119.869
;TIME_ELAPSED:2642.021640
;LAYER:138
;note -- min layer time used
;TYPE:WALL-INNER
;MESH:Camera mount.stl(1)
G1 F523.5 X97.533 Y119.849 E1693.27206
G1 F543.7 X101.002 Y119.844 E1693.45176
G1 F2400 E1692.65176
G0 F15000 X97.219 Y120.114
G0 X97.219 Y131.875
G0 X126.095 Y131.875
G0 X126.095 Y120.115
G0 X122.31 Y119.844
G1 F2400 E1693.45176
G1 F549.9 X125.656 Y119.844 E1693.62315
G1 F528.4 X125.923 Y119.869 E1693.63744
G1 F2400 E1692.83744
G0 F15000 X126.095 Y120.115
G0 X126.095 Y131.875
G0 X111.433 Y131.927
G0 X111.433 Y132.185
;TYPE:WALL-OUTER
G1 F2400 E1693.63744
G1 F672 X125.743 Y132.184 E1694.23714
G1 F620.3 X126.07 Y132.143 E1694.2521
G1 F578 X126.363 Y132.143 E1694.26638
G1 X126.363 Y131.85 E1694.28066
G1 F622.6 X126.405 Y131.523 E1694.29557
G1 F674.7 X126.406 Y120.552 E1694.75352
G1 F752.7 X126.456 Y119.869 E1694.77914
G1 F846.8 X126.456 Y119.336 E1694.79687
G1 X121.838 Y119.336 E1694.95046
G1 X121.8 Y119.859 E1694.9679
G1 F896.1 X121.631 Y120.02 E1694.97524
G1 F951.4 X121.26 Y120.021 E1694.98622
G1 F956.8 X121.232 Y120.375 E1694.99668
G1 F951.4 X121.661 Y120.374 E1695.00937
G1 F896.1 X122.258 Y120.351 E1695.02815
G1 F846.8 X125.717 Y120.352 E1695.1432
G1 F752.7 X125.906 Y120.552 E1695.1535
G1 F674.7 X125.905 Y131.48 E1695.60965
G1 F622.6 X125.863 Y131.643 E1695.61726
G1 F620.3 X125.7 Y131.685 E1695.6249
G1 F674.7 X97.656 Y131.686 E1696.7955
G1 F624.9 X97.449 Y131.643 E1696.80503
G1 F621.5 X97.407 Y131.48 E1696.81266
G1 F674.7 X97.406 Y120.552 E1697.26881
G1 F752.7 X97.592 Y120.355 E1697.27894
G1 F846.8 X101.054 Y120.352 E1697.39409
G1 F898.4 X101.712 Y120.375 E1697.41473
G1 F956.8 X102.078 Y120.375 E1697.4255
G1 F954.1 X102.051 Y120.021 E1697.43598
G1 F956.8 X101.712 Y120.021 E1697.44596
G1 F898.4 X101.512 Y119.859 E1697.45403
G1 F846.8 X101.474 Y119.336 E1697.47147
G1 X96.856 Y119.336 E1697.62507
G1 X96.856 Y119.869 E1697.64279
G1 F752.7 X96.906 Y120.552 E1697.66842
G1 F674.7 X96.908 Y131.523 E1698.12636
G1 F621.5 X96.949 Y131.85 E1698.1413
G1 F579 X96.949 Y132.143 E1698.15555
G1 X97.242 Y132.143 E1698.1698
G1 F624.9 X97.656 Y132.186 E1698.18856
G1 F676.1 X111.433 Y132.185 E1698.76249
;MESH:NONMESH
G0 F300 X111.433 Y132.185 Z28
G0 F15000 X111.433 Y131.927
G0 X97.219 Y131.875
G0 X97.219 Y120.114
G0 X97.389 Y120.069
;TIME_ELAPSED:2656.731276
;LAYER:139
;note -- min layer time used
;TYPE:WALL-INNER
;MESH:Camera mount.stl(1)
G1 F521 X97.533 Y120.049 E1698.77031
G1 F541.9 X101.034 Y120.044 E1698.95138
G1 F2400 E1698.15138
G0 F15000 X97.219 Y120.314
G0 X97.219 Y131.875
G0 X126.095 Y131.875
G0 X126.095 Y120.315
G0 X122.278 Y120.044
G1 F2400 E1698.95138
G1 F547.2 X125.656 Y120.044 E1699.1244
G1 F525.9 X125.923 Y120.069 E1699.1387
G1 F2400 E1698.3387
G0 F15000 X126.095 Y120.315
G0 X126.095 Y131.875
G0 X111.433 Y131.927
G0 X111.433 Y132.185
;TYPE:WALL-OUTER
G1 F2400 E1699.1387
G1 F668.8 X125.743 Y132.184 E1699.7384
G1 F617.4 X126.07 Y132.143 E1699.75336
G1 F575.2 X126.363 Y132.143 E1699.76764
G1 X126.363 Y131.85 E1699.78191
G1 F619.6 X126.405 Y131.523 E1699.79683
G1 F671.5 X126.406 Y120.752 E1700.24642
G1 F749.1 X126.456 Y120.069 E1700.27205
G1 F842.7 X126.456 Y119.536 E1700.28978
G1 X121.806 Y119.536 E1700.44443
G1 X121.768 Y120.059 E1700.46188
G1 F891.7 X121.599 Y120.22 E1700.46921
G1 F946.9 X121.229 Y120.221 E1700.48016
G1 F952.2 X121.199 Y120.575 E1700.49062
G1 F946.9 X121.629 Y120.574 E1700.50335
G1 F891.7 X122.226 Y120.551 E1700.52213
G1 F842.7 X125.717 Y120.552 E1700.63824
G1 F749.1 X125.906 Y120.752 E1700.64854
G1 F671.5 X125.905 Y131.48 E1701.09634
G1 F619.6 X125.863 Y131.643 E1701.10395
G1 F617.4 X125.7 Y131.685 E1701.11159
G1 F671.5 X97.656 Y131.686 E1702.28219
G1 F621.9 X97.449 Y131.643 E1702.29172
G1 F618.5 X97.407 Y131.48 E1702.29935
G1 F671.5 X97.406 Y120.752 E1702.74715
G1 F749.1 X97.592 Y120.555 E1702.75729
G1 F842.7 X101.09 Y120.552 E1702.87363
G1 F894.1 X101.744 Y120.575 E1702.89415
G1 F952.2 X102.113 Y120.575 E1702.90501
G1 X102.08 Y120.221 E1702.91547
G1 X101.744 Y120.221 E1702.92536
G1 F894.1 X101.544 Y120.06 E1702.93341
G1 F842.7 X101.503 Y119.536 E1702.95089
G1 X96.856 Y119.536 E1703.10545
G1 X96.856 Y120.069 E1703.12318
G1 F749.1 X96.906 Y120.752 E1703.14881
G1 F671.5 X96.908 Y131.523 E1703.5984
G1 F618.5 X96.949 Y131.85 E1703.61334
G1 F576.2 X96.949 Y132.143 E1703.62759
G1 X97.242 Y132.143 E1703.64184
G1 F621.9 X97.656 Y132.186 E1703.6606
G1 F672.8 X111.433 Y132.185 E1704.23453
;MESH:NONMESH
G0 F300 X111.433 Y132.185 Z28.2
G0 F15000 X111.433 Y131.927
G0 X97.219 Y131.875
G0 X97.219 Y120.314
G0 X97.389 Y120.269
;TIME_ELAPSED:2671.431130
;LAYER:140
;note -- min layer time used
;TYPE:WALL-INNER
;MESH:Camera mount.stl(1)
G1 F518.8 X97.533 Y120.249 E1704.24235
G1 F539.7 X101.066 Y120.244 E1704.42507
G1 F2400 E1703.62507
G0 F15000 X97.219 Y120.514
G0 X97.219 Y131.875
G0 X126.095 Y131.875
G0 X126.095 Y120.515
G0 X122.246 Y120.244
G1 F2400 E1704.42507
G1 F545 X125.656 Y120.244 E1704.59974
G1 F523.7 X125.923 Y120.269 E1704.61403
G1 F2400 E1703.81403
G0 F15000 X126.095 Y120.515
G0 X126.095 Y131.875
G0 X111.433 Y131.927
G0 X111.433 Y132.185
;TYPE:WALL-OUTER
G1 F2400 E1704.61403
G1 F666.1 X125.743 Y132.184 E1705.21373
G1 F614.8 X126.07 Y132.143 E1705.22869
G1 F572.9 X126.363 Y132.143 E1705.24297
G1 X126.363 Y131.85 E1705.25725
G1 F617.1 X126.405 Y131.523 E1705.27216
G1 F668.7 X126.406 Y120.952 E1705.71341
G1 F746 X126.456 Y120.269 E1705.73903
G1 F839.2 X126.456 Y119.736 E1705.75676
G1 X121.777 Y119.736 E1705.91238
G1 X121.736 Y120.26 E1705.92987
G1 F888.1 X121.567 Y120.42 E1705.93718
G1 F943 X121.185 Y120.421 E1705.94849
G1 F948.3 X121.133 Y120.775 E1705.95902
G1 F943 X121.597 Y120.774 E1705.97276
G1 F888.1 X122.19 Y120.752 E1705.99141
G1 F839.2 X125.717 Y120.752 E1706.10872
G1 F746 X125.906 Y120.952 E1706.11901
G1 F668.7 X125.905 Y131.48 E1706.55847
G1 F617.1 X125.863 Y131.643 E1706.56608
G1 F614.8 X125.7 Y131.685 E1706.57372
G1 F668.7 X97.656 Y131.686 E1707.74432
G1 F619.4 X97.449 Y131.643 E1707.75385
G1 F615.9 X97.407 Y131.48 E1707.76148
G1 F668.7 X97.406 Y120.952 E1708.20093
G1 F746 X97.592 Y120.755 E1708.21107
G1 F839.2 X101.122 Y120.752 E1708.32848
G1 F890.4 X101.776 Y120.775 E1708.34899
G1 F948.3 X102.178 Y120.775 E1708.36082
G1 X102.124 Y120.421 E1708.37136
G1 X101.776 Y120.421 E1708.38161
G1 F890.4 X101.576 Y120.26 E1708.38966
G1 F839.2 X101.535 Y119.736 E1708.40714
G1 X96.856 Y119.736 E1708.56276
G1 X96.856 Y120.269 E1708.58049
G1 F746 X96.906 Y120.952 E1708.60611
G1 F668.7 X96.908 Y131.523 E1709.04736
G1 F615.9 X96.949 Y131.85 E1709.0623
G1 F573.8 X96.949 Y132.143 E1709.07655
G1 X97.242 Y132.143 E1709.0908
G1 F619.4 X97.656 Y132.186 E1709.10956
G1 F670 X111.433 Y132.185 E1709.68349
;MESH:NONMESH
G0 F300 X111.433 Y132.185 Z28.4
G0 F15000 X111.433 Y131.927
G0 X97.219 Y131.875
G0 X97.219 Y120.514
G0 X97.389 Y120.469
;TIME_ELAPSED:2686.119387
;LAYER:141
;note -- min layer time used
;TYPE:WALL-INNER
;MESH:Camera mount.stl(1)
G1 F516.7 X97.533 Y120.449 E1709.69131
G1 F537.5 X101.094 Y120.444 E1709.87548
G1 F2400 E1709.07548
G0 F15000 X97.219 Y120.714
G0 X97.219 Y131.875
G0 X126.095 Y131.875
G0 X126.095 Y120.715
G0 X122.214 Y120.444
G1 F2400 E1709.87548
G1 F542.7 X125.656 Y120.444 E1710.05178
G1 F521.6 X125.923 Y120.469 E1710.06608
G1 F2400 E1709.26608
G0 F15000 X126.095 Y120.715
G0 X126.095 Y131.875
G0 X111.433 Y131.927
G0 X111.433 Y132.185
;TYPE:WALL-OUTER
G1 F2400 E1710.06608
G1 F663.4 X125.743 Y132.184 E1710.66578
G1 F612.3 X126.07 Y132.143 E1710.68074
G1 F570.5 X126.363 Y132.143 E1710.69502
G1 X126.363 Y131.85 E1710.70929
G1 F614.6 X126.405 Y131.523 E1710.7242
G1 F666 X126.406 Y121.152 E1711.15711
G1 F743 X126.456 Y120.469 E1711.18273
G1 F835.8 X126.456 Y119.936 E1711.20046
G1 X121.745 Y119.936 E1711.35715
G1 X121.704 Y120.46 E1711.37463
G1 F884.5 X121.535 Y120.62 E1711.38194
G1 F939.1 X121.128 Y120.621 E1711.39399
G1 F944.4 X121.074 Y120.975 E1711.40453
G1 F939.1 X121.565 Y120.974 E1711.41907
G1 F884.5 X122.158 Y120.952 E1711.43772
G1 F835.8 X125.717 Y120.952 E1711.55609
G1 F743 X125.906 Y121.152 E1711.56639
G1 F666 X125.905 Y131.48 E1711.99749
G1 F614.6 X125.863 Y131.643 E1712.00511
G1 F612.3 X125.7 Y131.685 E1712.01275
G1 F666 X97.656 Y131.686 E1713.18335
G1 F616.8 X97.449 Y131.643 E1713.19287
G1 F613.5 X97.407 Y131.48 E1713.2005
G1 F666 X97.406 Y121.152 E1713.63161
G1 F743 X97.592 Y120.955 E1713.64175
G1 F835.8 X101.15 Y120.952 E1713.76008
G1 F886.8 X101.804 Y120.975 E1713.7806
G1 F944.4 X102.238 Y120.975 E1713.79337
G1 X102.184 Y120.621 E1713.80391
G1 X101.804 Y120.621 E1713.8151
G1 F886.8 X101.604 Y120.46 E1713.82315
G1 F835.8 X101.563 Y119.936 E1713.84063
G1 X96.856 Y119.936 E1713.99719
G1 X96.856 Y120.469 E1714.01491
G1 F743 X96.906 Y121.152 E1714.04054
G1 F666 X96.908 Y131.523 E1714.47344
G1 F613.5 X96.949 Y131.85 E1714.48837
G1 F571.5 X96.949 Y132.143 E1714.50263
G1 X97.242 Y132.143 E1714.51688
G1 F616.8 X97.656 Y132.186 E1714.53564
G1 F667.3 X111.433 Y132.185 E1715.10956
;MESH:NONMESH
G0 F300 X111.433 Y132.185 Z28.6
G0 F15000 X111.433 Y131.927
G0 X97.219 Y131.875
G0 X97.219 Y120.714
G0 X97.389 Y120.669
;TIME_ELAPSED:2700.795615
;LAYER:142
;note -- min layer time used
;TYPE:WALL-INNER
;MESH:Camera mount.stl(1)
G1 F514.9 X97.533 Y120.649 E1715.11738
G1 F535.6 X101.172 Y120.644 E1715.30559
G1 F2400 E1714.50559
G0 F15000 X97.219 Y120.914
G0 X97.219 Y131.875
G0 X126.095 Y131.875
G0 X126.095 Y120.915
G0 X122.14 Y120.644
G1 F2400 E1715.30559
G1 F540.8 X125.656 Y120.644 E1715.48568
G1 F519.7 X125.923 Y120.669 E1715.49998
G1 F2400 E1714.69998
G0 F15000 X126.095 Y120.915
G0 X126.095 Y131.875
G0 X111.433 Y131.927
G0 X111.433 Y132.185
;TYPE:WALL-OUTER
G1 F2400 E1715.49998
G1 F661 X125.743 Y132.184 E1716.09968
G1 F610.1 X126.07 Y132.143 E1716.11464
G1 F568.5 X126.363 Y132.143 E1716.12892
G1 X126.363 Y131.85 E1716.14319
G1 F612.4 X126.405 Y131.523 E1716.15811
G1 F663.6 X126.406 Y121.352 E1716.58266
G1 F740.3 X126.456 Y120.669 E1716.60828
G1 F832.8 X126.456 Y120.136 E1716.62601
G1 X121.701 Y120.136 E1716.78416
G1 X121.623 Y120.674 E1716.80224
G1 F881.3 X121.455 Y120.82 E1716.80924
G1 F935.8 X121.063 Y120.821 E1716.82084
G1 F941.1 X121.007 Y121.175 E1716.83139
G1 F935.8 X121.485 Y121.174 E1716.84554
G1 F881.3 X122.036 Y121.152 E1716.86287
G1 F832.8 X125.717 Y121.152 E1716.9853
G1 F740.3 X125.906 Y121.352 E1716.9956
G1 F663.6 X125.905 Y131.48 E1717.41836
G1 F612.4 X125.863 Y131.643 E1717.42597
G1 F610.1 X125.7 Y131.685 E1717.43361
G1 F663.6 X97.656 Y131.686 E1718.60421
G1 F614.6 X97.449 Y131.643 E1718.61374
G1 F611.3 X97.407 Y131.48 E1718.62137
G1 F663.6 X97.406 Y121.352 E1719.04413
G1 F740.3 X97.592 Y121.155 E1719.05426
G1 F832.8 X101.276 Y121.152 E1719.17679
G1 F883.6 X101.888 Y121.175 E1719.19599
G1 F941.1 X102.304 Y121.175 E1719.20824
G1 F938.4 X102.245 Y120.821 E1719.21883
G1 F941.1 X101.888 Y120.821 E1719.22934
G1 F883.6 X101.69 Y120.674 E1719.23707
G1 F832.8 X101.611 Y120.136 E1719.25516
G1 X96.856 Y120.136 E1719.41331
G1 X96.856 Y120.669 E1719.43103
G1 F740.3 X96.906 Y121.352 E1719.45666
G1 F663.6 X96.908 Y131.523 E1719.88121
G1 F611.3 X96.949 Y131.85 E1719.89615
G1 F569.5 X96.949 Y132.143 E1719.9104
G1 X97.242 Y132.143 E1719.92465
G1 F614.6 X97.656 Y132.186 E1719.94341
G1 F664.9 X111.433 Y132.185 E1720.51734
;MESH:NONMESH
G0 F300 X111.433 Y132.185 Z28.8
G0 F15000 X111.433 Y131.927
G0 X97.219 Y131.875
G0 X97.219 Y120.914
G0 X97.389 Y120.869
;TIME_ELAPSED:2715.464507
;LAYER:143
;note -- min layer time used
;TYPE:WALL-INNER
;MESH:Camera mount.stl(1)
G1 F513.2 X97.533 Y120.849 E1720.52516
G1 F534.7 X101.233 Y120.843 E1720.71621
G1 F2400 E1719.91621
G0 F15000 X97.219 Y121.114
G0 X97.219 Y131.875
G0 X126.095 Y131.875
G0 X126.095 Y121.115
G0 X122.079 Y120.843
G1 F2400 E1720.71621
G1 F539.9 X125.657 Y120.844 E1720.89918
G1 F518 X125.923 Y120.869 E1720.91342
G1 F2400 E1720.11342
G0 F15000 X126.095 Y121.115
G0 X126.095 Y131.875
G0 X111.433 Y131.927
G0 X111.433 Y132.185
;TYPE:WALL-OUTER
G1 F2400 E1720.91342
G1 F658.8 X125.743 Y132.184 E1721.51312
G1 F608.1 X126.07 Y132.143 E1721.52808
G1 F566.6 X126.363 Y132.143 E1721.54236
G1 X126.363 Y131.85 E1721.55664
G1 F610.4 X126.405 Y131.523 E1721.57155
G1 F661.4 X126.406 Y121.552 E1721.98776
G1 F737.9 X126.456 Y120.869 E1722.01338
G1 F830.1 X126.456 Y120.336 E1722.03111
G1 X121.644 Y120.336 E1722.19116
G1 X121.563 Y120.875 E1722.20928
G1 F878.4 X121.395 Y121.02 E1722.21626
G1 F938 X121.002 Y121.02 E1722.22783
G1 F943.3 X120.93 Y121.372 E1722.23834
G1 F938 X121.425 Y121.371 E1722.25291
G1 F878.4 X121.97 Y121.348 E1722.27006
G1 F830.1 X125.717 Y121.352 E1722.39468
G1 F737.9 X125.906 Y121.552 E1722.40498
G1 F661.4 X125.905 Y131.48 E1722.81939
G1 F610.4 X125.863 Y131.643 E1722.827
G1 F608.1 X125.7 Y131.685 E1722.83465
G1 F661.4 X97.656 Y131.686 E1724.00524
G1 F612.6 X97.449 Y131.643 E1724.01477
G1 F609.3 X97.407 Y131.48 E1724.0224
G1 F661.4 X97.406 Y121.552 E1724.43681
G1 F737.9 X97.592 Y121.355 E1724.44695
G1 F830.1 X101.342 Y121.349 E1724.57167
G1 F883.1 X101.948 Y121.372 E1724.59063
G1 F943.3 X102.382 Y121.373 E1724.60334
G1 F946 X102.308 Y121.019 E1724.61389
G1 F943.3 X101.948 Y121.02 E1724.62443
G1 F883.1 X101.75 Y120.875 E1724.6321
G1 F830.1 X101.668 Y120.336 E1724.65023
G1 X96.856 Y120.336 E1724.81028
G1 X96.856 Y120.869 E1724.82801
G1 F737.9 X96.906 Y121.552 E1724.85363
G1 F661.4 X96.908 Y131.523 E1725.26984
G1 F609.3 X96.949 Y131.85 E1725.28477
G1 F567.6 X96.949 Y132.143 E1725.29902
G1 X97.242 Y132.143 E1725.31328
G1 F612.6 X97.656 Y132.186 E1725.33204
G1 F662.8 X111.433 Y132.185 E1725.90596
;MESH:NONMESH
G0 F300 X111.433 Y132.185 Z29
G0 F15000 X111.433 Y131.927
G0 X97.219 Y131.875
G0 X97.219 Y121.114
G0 X97.389 Y121.069
;TIME_ELAPSED:2730.121849
;LAYER:144
;note -- min layer time used
;TYPE:WALL-INNER
;MESH:Camera mount.stl(1)
G1 F511.8 X97.533 Y121.049 E1725.91378
G1 F533.3 X101.296 Y121.043 E1726.10809
G1 F2400 E1725.30809
G0 F15000 X97.219 Y121.314
G0 X97.219 Y131.875
G0 X126.095 Y131.875
G0 X126.095 Y121.315
G0 X122.016 Y121.043
G1 F2400 E1726.10809
G1 F538.5 X125.657 Y121.044 E1726.29428
G1 F516.6 X125.923 Y121.069 E1726.30852
G1 F2400 E1725.50852
G0 F15000 X126.095 Y121.315
G0 X126.095 Y131.875
G0 X111.433 Y131.927
G0 X111.433 Y132.185
;TYPE:WALL-OUTER
G1 F2400 E1726.30852
G1 F657.1 X125.743 Y132.184 E1726.90822
G1 F606.5 X126.07 Y132.143 E1726.92319
G1 F565.1 X126.363 Y132.143 E1726.93746
G1 X126.363 Y131.85 E1726.95174
G1 F608.8 X126.405 Y131.523 E1726.96665
G1 F659.7 X126.406 Y121.752 E1727.37451
G1 F735.9 X126.456 Y121.069 E1727.40013
G1 F827.9 X126.456 Y120.536 E1727.41786
G1 X121.583 Y120.536 E1727.57994
G1 X121.498 Y121.076 E1727.59812
G1 F876.1 X121.331 Y121.22 E1727.60505
G1 F935.5 X120.919 Y121.22 E1727.61718
G1 F940.8 X120.835 Y121.572 E1727.62777
G1 F935.5 X121.361 Y121.571 E1727.64325
G1 F876.1 X121.902 Y121.548 E1727.66027
G1 F827.9 X125.717 Y121.552 E1727.78716
G1 F735.9 X125.906 Y121.752 E1727.79745
G1 F659.7 X125.905 Y131.48 E1728.20352
G1 F608.8 X125.863 Y131.643 E1728.21113
G1 F606.5 X125.7 Y131.685 E1728.21877
G1 F659.7 X97.656 Y131.686 E1729.38937
G1 F611 X97.449 Y131.643 E1729.3989
G1 F607.6 X97.407 Y131.48 E1729.40653
G1 F659.7 X97.406 Y121.752 E1729.81259
G1 F735.9 X97.592 Y121.555 E1729.82272
G1 F827.9 X101.41 Y121.549 E1729.94971
G1 F880.8 X102.012 Y121.572 E1729.96855
G1 F940.8 X102.477 Y121.572 E1729.98216
G1 X102.393 Y121.22 E1729.99275
G1 X102.012 Y121.22 E1730.0039
G1 F880.8 X101.814 Y121.076 E1730.01155
G1 F827.9 X101.729 Y120.536 E1730.02974
G1 X96.856 Y120.536 E1730.19181
G1 X96.856 Y121.069 E1730.20954
G1 F735.9 X96.906 Y121.752 E1730.23516
G1 F659.7 X96.908 Y131.523 E1730.64302
G1 F607.6 X96.949 Y131.85 E1730.65796
G1 F566.1 X96.949 Y132.143 E1730.67221
G1 X97.242 Y132.143 E1730.68646
G1 F611 X97.656 Y132.186 E1730.70522
G1 F661 X111.433 Y132.185 E1731.27914
;MESH:NONMESH
G0 F300 X111.433 Y132.185 Z29.2
G0 F15000 X111.433 Y131.927
G0 X97.219 Y131.875
G0 X97.219 Y121.314
G0 X97.389 Y121.269
;TIME_ELAPSED:2744.767570
;LAYER:145
;note -- min layer time used
;TYPE:WALL-INNER
;MESH:Camera mount.stl(1)
G1 F510.5 X97.533 Y121.249 E1731.28697
G1 F531.8 X101.373 Y121.243 E1731.48525
G1 F2400 E1730.68525
G0 F15000 X97.219 Y121.514
G0 X97.219 Y131.875
G0 X126.095 Y131.875
G0 X126.095 Y121.515
G0 X121.936 Y121.243
G1 F2400 E1731.48525
G1 F537 X125.657 Y121.244 E1731.67553
G1 F515.2 X125.923 Y121.269 E1731.68977
G1 F2400 E1730.88977
G0 F15000 X126.095 Y121.515
G0 X126.095 Y131.875
G0 X111.433 Y131.927
G0 X111.433 Y132.185
;TYPE:WALL-OUTER
G1 F2400 E1731.68977
G1 F655.3 X125.743 Y132.184 E1732.28947
G1 F604.9 X126.07 Y132.143 E1732.30443
G1 F563.6 X126.363 Y132.143 E1732.31871
G1 X126.363 Y131.85 E1732.33299
G1 F607.1 X126.405 Y131.523 E1732.3479
G1 F657.9 X126.406 Y121.952 E1732.74741
G1 F733.9 X126.456 Y121.269 E1732.77303
G1 F825.7 X126.456 Y120.736 E1732.79076
G1 X121.54 Y120.736 E1732.95427
G1 X121.403 Y121.292 E1732.97331
G1 F873.7 X121.239 Y121.42 E1732.97985
G1 F933 X120.823 Y121.42 E1732.9921
G1 F938.3 X120.739 Y121.772 E1733.00269
G1 F933 X121.269 Y121.771 E1733.01829
G1 F873.7 X121.76 Y121.748 E1733.03374
G1 F825.7 X125.717 Y121.752 E1733.16535
G1 F733.9 X125.906 Y121.952 E1733.17565
G1 F657.9 X125.905 Y131.48 E1733.57336
G1 F607.1 X125.863 Y131.643 E1733.58097
G1 F604.9 X125.7 Y131.685 E1733.58862
G1 F657.9 X97.656 Y131.686 E1734.75921
G1 F609.3 X97.449 Y131.643 E1734.76874
G1 F606 X97.407 Y131.48 E1734.77637
G1 F657.9 X97.406 Y121.952 E1735.17408
G1 F733.9 X97.592 Y121.755 E1735.18422
G1 F825.7 X101.543 Y121.749 E1735.31563
G1 F878.4 X102.1 Y121.772 E1735.33306
G1 F938.3 X102.573 Y121.772 E1735.3469
G1 X102.489 Y121.42 E1735.3575
G1 X102.1 Y121.42 E1735.36888
G1 F878.4 X101.905 Y121.291 E1735.37619
G1 F825.7 X101.774 Y120.736 E1735.39516
G1 X96.856 Y120.736 E1735.55873
G1 X96.856 Y121.269 E1735.57646
G1 F733.9 X96.906 Y121.952 E1735.60208
G1 F657.9 X96.908 Y131.523 E1736.00159
G1 F606 X96.949 Y131.85 E1736.01653
G1 F564.6 X96.949 Y132.143 E1736.03078
G1 X97.242 Y132.143 E1736.04503
G1 F609.3 X97.656 Y132.186 E1736.06379
G1 F659.2 X111.433 Y132.185 E1736.63772
;MESH:NONMESH
G0 F300 X111.433 Y132.185 Z29.4
G0 F15000 X111.433 Y131.927
G0 X97.219 Y131.875
G0 X97.219 Y121.514
G0 X97.389 Y121.469
;TIME_ELAPSED:2759.403368
;LAYER:146
;note -- min layer time used
;TYPE:WALL-INNER
;MESH:Camera mount.stl(1)
G1 F509.5 X97.533 Y121.449 E1736.64554
G1 F530.8 X101.469 Y121.443 E1736.84878
G1 F2400 E1736.04878
G0 F15000 X97.219 Y121.714
G0 X97.219 Y131.875
G0 X126.095 Y131.875
G0 X126.095 Y121.715
G0 X121.843 Y121.443
G1 F2400 E1736.84878
G1 F536 X125.657 Y121.444 E1737.04382
G1 F514.3 X125.923 Y121.469 E1737.05806
G1 F2400 E1736.25806
G0 F15000 X126.095 Y121.715
G0 X126.095 Y131.875
G0 X111.433 Y131.927
G0 X111.433 Y132.185
;TYPE:WALL-OUTER
G1 F2400 E1737.05806
G1 F654 X125.743 Y132.184 E1737.65776
G1 F603.7 X126.07 Y132.143 E1737.67272
G1 F562.5 X126.363 Y132.143 E1737.687
G1 X126.363 Y131.85 E1737.70127
G1 F605.9 X126.405 Y131.523 E1737.71618
G1 F656.6 X126.406 Y122.152 E1738.10734
G1 F732.5 X126.456 Y121.469 E1738.13297
G1 F824.1 X126.456 Y120.936 E1738.1507
G1 X121.443 Y120.936 E1738.31743
G1 X121.311 Y121.491 E1738.3364
G1 F872.1 X121.147 Y121.62 E1738.34296
G1 F931.2 X120.728 Y121.62 E1738.3553
G1 F936.5 X120.642 Y121.972 E1738.3659
G1 F931.2 X121.177 Y121.971 E1738.38165
G1 F872.1 X121.673 Y121.948 E1738.39726
G1 F824.1 X125.717 Y121.952 E1738.53176
G1 F732.5 X125.906 Y122.152 E1738.54206
G1 F656.6 X125.905 Y131.48 E1738.93142
G1 F605.9 X125.863 Y131.643 E1738.93903
G1 F603.7 X125.7 Y131.685 E1738.94668
G1 F656.6 X97.656 Y131.686 E1740.11727
G1 F608.2 X97.449 Y131.643 E1740.1268
G1 F604.8 X97.407 Y131.48 E1740.13443
G1 F656.6 X97.406 Y122.152 E1740.52379
G1 F732.5 X97.592 Y121.955 E1740.53393
G1 F824.1 X101.642 Y121.949 E1740.66864
G1 F876.7 X102.196 Y121.972 E1740.68597
G1 F936.5 X102.672 Y121.972 E1740.6999
G1 X102.585 Y121.62 E1740.71052
G1 X102.196 Y121.62 E1740.7219
G1 F876.7 X102.001 Y121.492 E1740.72919
G1 F824.1 X101.866 Y120.936 E1740.74822
G1 X96.856 Y120.936 E1740.91486
G1 X96.856 Y121.469 E1740.93259
G1 F732.5 X96.906 Y122.152 E1740.95821
G1 F656.6 X96.908 Y131.523 E1741.34937
G1 F604.8 X96.949 Y131.85 E1741.3643
G1 F563.5 X96.949 Y132.143 E1741.37856
G1 X97.242 Y132.143 E1741.39281
G1 F608.2 X97.656 Y132.186 E1741.41157
G1 F658 X111.433 Y132.185 E1741.98549
;MESH:NONMESH
G0 F300 X111.433 Y132.185 Z29.6
G0 F15000 X111.433 Y131.927
G0 X97.219 Y131.875
G0 X97.219 Y121.714
G0 X97.389 Y121.669
;TIME_ELAPSED:2774.030465
;LAYER:147
;note -- min layer time used
;TYPE:WALL-INNER
;MESH:Camera mount.stl(1)
G1 F508.9 X97.533 Y121.649 E1741.99331
G1 F530.2 X101.565 Y121.643 E1742.20151
G1 F2400 E1741.40151
G0 F15000 X97.219 Y121.914
G0 X97.219 Y131.875
G0 X126.095 Y131.875
G0 X126.095 Y121.915
G0 X121.747 Y121.643
G1 F2400 E1742.20151
G1 F535.4 X125.657 Y121.644 E1742.40146
G1 F513.7 X125.923 Y121.669 E1742.4157
G1 F2400 E1741.6157
G0 F15000 X126.095 Y121.915
G0 X126.095 Y131.875
G0 X111.433 Y131.927
G0 X111.433 Y132.185
;TYPE:WALL-OUTER
G1 F2400 E1742.4157
G1 F653.3 X125.743 Y132.184 E1743.0154
G1 F603 X126.07 Y132.143 E1743.03036
G1 F561.9 X126.363 Y132.143 E1743.04464
G1 X126.363 Y131.85 E1743.05892
G1 F605.3 X126.405 Y131.523 E1743.07383
G1 F655.9 X126.406 Y122.352 E1743.45664
G1 F731.7 X126.456 Y121.669 E1743.48226
G1 F823.2 X126.456 Y121.136 E1743.49999
G1 X121.347 Y121.136 E1743.66992
G1 X121.215 Y121.691 E1743.68889
G1 F871.1 X121.051 Y121.82 E1743.69545
G1 F930.1 X120.621 Y121.82 E1743.70811
G1 F935.4 X120.509 Y122.172 E1743.71892
G1 F930.1 X121.081 Y122.171 E1743.73576
G1 F871.1 X121.577 Y122.148 E1743.75136
G1 F823.2 X125.717 Y122.152 E1743.88906
G1 F731.7 X125.906 Y122.352 E1743.89936
G1 F655.9 X125.905 Y131.48 E1744.28037
G1 F605.3 X125.863 Y131.643 E1744.28799
G1 F603 X125.7 Y131.685 E1744.29563
G1 F655.9 X97.656 Y131.686 E1745.46623
G1 F607.5 X97.449 Y131.643 E1745.47575
G1 F604.1 X97.407 Y131.48 E1745.48338
G1 F655.9 X97.406 Y122.352 E1745.8644
G1 F731.7 X97.592 Y122.155 E1745.87454
G1 F823.2 X101.738 Y122.149 E1746.01243
G1 F875.7 X102.292 Y122.172 E1746.02977
G1 F935.4 X102.802 Y122.172 E1746.0447
G1 X102.688 Y121.82 E1746.05552
G1 X102.292 Y121.82 E1746.06712
G1 F875.7 X102.097 Y121.692 E1746.07441
G1 F823.2 X101.962 Y121.136 E1746.09344
G1 X96.856 Y121.136 E1746.26326
G1 X96.856 Y121.669 E1746.28099
G1 F731.7 X96.906 Y122.352 E1746.30662
G1 F655.9 X96.908 Y131.523 E1746.68943
G1 F604.1 X96.949 Y131.85 E1746.70436
G1 F562.8 X96.949 Y132.143 E1746.71861
G1 X97.242 Y132.143 E1746.73287
G1 F607.5 X97.656 Y132.186 E1746.75163
G1 F657.2 X111.433 Y132.185 E1747.32555
;MESH:NONMESH
G0 F300 X111.433 Y132.185 Z29.8
G0 F15000 X111.433 Y131.927
G0 X97.219 Y131.875
G0 X97.219 Y121.914
G0 X97.389 Y121.869
;TIME_ELAPSED:2788.646033
;LAYER:148
;note -- min layer time used
;TYPE:WALL-INNER
;MESH:Camera mount.stl(1)
G1 F508.4 X97.533 Y121.849 E1747.33337
G1 F529.7 X101.661 Y121.843 E1747.54653
G1 F2400 E1746.74653
G0 F15000 X97.219 Y122.114
G0 X97.219 Y131.875
G0 X126.095 Y131.875
G0 X126.095 Y122.115
G0 X121.654 Y121.843
G1 F2400 E1747.54653
G1 F534.9 X125.657 Y121.844 E1747.75123
G1 F513.2 X125.923 Y121.869 E1747.76547
G1 F2400 E1746.96547
G0 F15000 X126.095 Y122.115
G0 X126.095 Y131.875
G0 X111.433 Y131.927
G0 X111.433 Y132.185
;TYPE:WALL-OUTER
G1 F2400 E1747.76547
G1 F652.7 X125.743 Y132.184 E1748.36517
G1 F602.5 X126.07 Y132.143 E1748.38013
G1 F561.4 X126.363 Y132.143 E1748.39441
G1 X126.363 Y131.85 E1748.40869
G1 F604.7 X126.405 Y131.523 E1748.4236
G1 F655.3 X126.406 Y122.552 E1748.79806
G1 F731 X126.456 Y121.869 E1748.82369
G1 F822.4 X126.456 Y121.336 E1748.84142
G1 X121.251 Y121.336 E1749.01453
G1 X121.124 Y121.89 E1749.03344
G1 F870.2 X120.959 Y122.02 E1749.04004
G1 F929.2 X120.496 Y122.02 E1749.05367
G1 F934.5 X120.38 Y122.372 E1749.06452
G1 F929.2 X120.989 Y122.371 E1749.08244
G1 F870.2 X121.488 Y122.348 E1749.09814
G1 F822.4 X125.717 Y122.352 E1749.2388
G1 F731 X125.906 Y122.552 E1749.2491
G1 F655.3 X125.905 Y131.48 E1749.62177
G1 F604.7 X125.863 Y131.643 E1749.62938
G1 F602.5 X125.7 Y131.685 E1749.63702
G1 F655.3 X97.656 Y131.686 E1750.80762
G1 F606.9 X97.449 Y131.643 E1750.81715
G1 F603.6 X97.407 Y131.48 E1750.82477
G1 F655.3 X97.406 Y122.552 E1751.19744
G1 F731 X97.592 Y122.355 E1751.20758
G1 F822.4 X101.834 Y122.349 E1751.34867
G1 F874.9 X102.388 Y122.372 E1751.36601
G1 F934.5 X102.932 Y122.372 E1751.38193
G1 X102.816 Y122.02 E1751.39278
G1 X102.388 Y122.02 E1751.4053
G1 F874.9 X102.193 Y121.892 E1751.4126
G1 F822.4 X102.058 Y121.336 E1751.43163
G1 X96.856 Y121.336 E1751.60464
G1 X96.856 Y121.869 E1751.62237
G1 F731 X96.906 Y122.552 E1751.648
G1 F655.3 X96.908 Y131.523 E1752.02246
G1 F603.6 X96.949 Y131.85 E1752.03739
G1 F562.3 X96.949 Y132.143 E1752.05165
G1 X97.242 Y132.143 E1752.0659
G1 F606.9 X97.656 Y132.186 E1752.08466
G1 F656.6 X111.433 Y132.185 E1752.65858
;MESH:NONMESH
G0 F300 X111.433 Y132.185 Z30
G0 F15000 X111.433 Y131.927
G0 X97.219 Y131.875
G0 X97.219 Y122.114
G0 X97.389 Y122.069
;TIME_ELAPSED:2803.249639
;LAYER:149
;note -- min layer time used
;TYPE:WALL-INNER
;MESH:Camera mount.stl(1)
G1 F507.9 X97.533 Y122.049 E1752.66641
G1 F529.2 X101.78 Y122.043 E1752.88571
G1 F2400 E1752.08571
G0 F15000 X97.219 Y122.314
G0 X97.219 Y131.875
G0 X126.095 Y131.875
G0 X126.095 Y122.315
G0 X121.532 Y122.043
G1 F2400 E1752.88571
G1 F534.4 X125.657 Y122.044 E1753.09665
G1 F512.7 X125.923 Y122.069 E1753.11089
G1 F2400 E1752.31089
G0 F15000 X126.095 Y122.315
G0 X126.095 Y131.875
G0 X111.433 Y131.927
G0 X111.433 Y132.185
;TYPE:WALL-OUTER
G1 F2400 E1753.11089
G1 F652.1 X125.743 Y132.184 E1753.71059
G1 F601.9 X126.07 Y132.143 E1753.72555
G1 F560.8 X126.363 Y132.143 E1753.73983
G1 X126.363 Y131.85 E1753.7541
G1 F604.1 X126.405 Y131.523 E1753.76902
G1 F654.7 X126.406 Y122.752 E1754.13513
G1 F730.3 X126.456 Y122.069 E1754.16076
G1 F821.6 X126.456 Y121.536 E1754.17848
G1 X121.165 Y121.536 E1754.35446
G1 X120.979 Y122.107 E1754.37444
G1 F869.4 X120.819 Y122.22 E1754.38059
G1 F928.3 X120.364 Y122.22 E1754.39399
G1 F933.6 X120.248 Y122.572 E1754.40483
G1 F928.3 X120.849 Y122.571 E1754.42252
G1 F869.4 X121.299 Y122.548 E1754.43669
G1 F821.6 X125.717 Y122.552 E1754.58363
G1 F730.3 X125.906 Y122.752 E1754.59393
G1 F654.7 X125.905 Y131.48 E1754.95825
G1 F604.1 X125.863 Y131.643 E1754.96586
G1 F601.9 X125.7 Y131.685 E1754.9735
G1 F654.7 X97.656 Y131.686 E1756.1441
G1 F606.3 X97.449 Y131.643 E1756.15363
G1 F603 X97.407 Y131.48 E1756.16126
G1 F654.7 X97.406 Y122.752 E1756.52557
G1 F730.3 X97.592 Y122.555 E1756.53571
G1 F821.6 X102.013 Y122.549 E1756.68276
G1 F874 X102.524 Y122.572 E1756.69875
G1 F933.6 X103.062 Y122.572 E1756.71449
G1 X102.948 Y122.22 E1756.72532
G1 X102.524 Y122.22 E1756.73773
G1 F874 X102.334 Y122.107 E1756.74465
G1 F821.6 X102.147 Y121.536 E1756.76463
G1 X96.856 Y121.536 E1756.94061
G1 X96.856 Y122.069 E1756.95834
G1 F730.3 X96.906 Y122.752 E1756.98396
G1 F654.7 X96.908 Y131.523 E1757.35008
G1 F603 X96.949 Y131.85 E1757.36501
G1 F561.8 X96.949 Y132.143 E1757.37926
G1 X97.242 Y132.143 E1757.39352
G1 F606.3 X97.656 Y132.186 E1757.41227
G1 F656 X111.433 Y132.185 E1757.9862
;MESH:NONMESH
G0 F300 X111.433 Y132.185 Z30.2
G0 F15000 X111.433 Y131.927
G0 X97.219 Y131.875
G0 X97.219 Y122.314
G0 X97.389 Y122.269
;TIME_ELAPSED:2817.844508
;LAYER:150
;note -- min layer time used
;TYPE:WALL-INNER
;MESH:Camera mount.stl(1)
G1 F508.1 X97.533 Y122.249 E1757.99402
G1 F529.3 X101.912 Y122.243 E1758.22014
G1 F2400 E1757.42014
G0 F15000 X97.219 Y122.514
G0 X97.219 Y131.875
G0 X126.095 Y131.875
G0 X126.095 Y122.515
G0 X121.4 Y122.243
G1 F2400 E1758.22014
G1 F534.5 X125.656 Y122.244 E1758.43778
G1 F512.8 X125.923 Y122.269 E1758.45207
G1 F2400 E1757.65207
G0 F15000 X126.095 Y122.515
G0 X126.095 Y131.875
G0 X111.433 Y131.927
G0 X111.433 Y132.185
;TYPE:WALL-OUTER
G1 F2400 E1758.45207
G1 F652.2 X125.743 Y132.184 E1759.05177
G1 F602 X126.07 Y132.143 E1759.06673
G1 F560.9 X126.363 Y132.143 E1759.08101
G1 X126.363 Y131.85 E1759.09529
G1 F604.3 X126.405 Y131.523 E1759.1102
G1 F654.8 X126.406 Y122.952 E1759.46797
G1 F730.5 X126.456 Y122.269 E1759.49359
G1 F821.8 X126.456 Y121.736 E1759.51132
G1 X121.033 Y121.736 E1759.69169
G1 X120.847 Y122.307 E1759.71166
G1 F869.6 X120.687 Y122.42 E1759.71782
G1 F928.6 X120.24 Y122.42 E1759.73098
G1 F933.9 X120.088 Y122.772 E1759.7422
G1 F928.6 X120.717 Y122.771 E1759.76071
G1 F869.6 X121.167 Y122.748 E1759.77488
G1 F821.8 X125.717 Y122.752 E1759.92621
G1 F730.5 X125.906 Y122.952 E1759.93651
G1 F654.8 X125.905 Y131.48 E1760.29248
G1 F604.3 X125.863 Y131.643 E1760.30009
G1 F602 X125.7 Y131.685 E1760.30773
G1 F654.8 X97.656 Y131.686 E1761.47833
G1 F606.5 X97.449 Y131.643 E1761.48786
G1 F603.1 X97.407 Y131.48 E1761.49549
G1 F654.8 X97.406 Y122.952 E1761.85146
G1 F730.5 X97.592 Y122.755 E1761.8616
G1 F821.8 X102.145 Y122.749 E1762.01303
G1 F874.2 X102.656 Y122.772 E1762.02902
G1 F933.9 X103.222 Y122.772 E1762.04559
G1 F931.2 X103.071 Y122.42 E1762.05683
G1 F933.9 X102.656 Y122.42 E1762.06898
G1 F874.2 X102.466 Y122.307 E1762.07589
G1 F821.8 X102.279 Y121.736 E1762.09587
G1 X96.856 Y121.736 E1762.27624
G1 X96.856 Y122.269 E1762.29397
G1 F730.5 X96.906 Y122.952 E1762.31959
G1 F654.8 X96.908 Y131.523 E1762.67736
G1 F603.1 X96.949 Y131.85 E1762.69229
G1 F561.9 X96.949 Y132.143 E1762.70655
G1 X97.242 Y132.143 E1762.7208
G1 F606.5 X97.656 Y132.186 E1762.73956
G1 F656.1 X111.433 Y132.185 E1763.31348
;MESH:NONMESH
G0 F300 X111.433 Y132.185 Z30.4
G0 F15000 X111.433 Y131.927
G0 X97.219 Y131.875
G0 X97.219 Y122.514
G0 X97.389 Y122.469
;TIME_ELAPSED:2832.428631
;LAYER:151
;note -- min layer time used
;TYPE:WALL-INNER
;MESH:Camera mount.stl(1)
G1 F508.5 X97.533 Y122.449 E1763.32131
G1 F529.8 X102.04 Y122.443 E1763.55403
G1 F2400 E1762.75403
G0 F15000 X97.219 Y122.714
G0 X97.219 Y131.875
G0 X126.095 Y131.875
G0 X126.095 Y122.715
G0 X121.269 Y122.443
G1 F2400 E1763.55403
G1 F534.9 X125.656 Y122.444 E1763.77837
G1 F513.2 X125.923 Y122.469 E1763.79266
G1 F2400 E1762.99266
G0 F15000 X126.095 Y122.715
G0 X126.095 Y131.875
G0 X111.433 Y131.927
G0 X111.433 Y132.185
;TYPE:WALL-OUTER
G1 F2400 E1763.79266
G1 F652.8 X125.743 Y132.184 E1764.39236
G1 F602.6 X126.07 Y132.143 E1764.40733
G1 F561.4 X126.363 Y132.143 E1764.4216
G1 X126.363 Y131.85 E1764.43588
G1 F604.8 X126.405 Y131.523 E1764.45079
G1 F655.4 X126.406 Y123.152 E1764.80021
G1 F731.1 X126.456 Y122.469 E1764.82584
G1 F822.5 X126.456 Y121.936 E1764.84356
G1 X120.904 Y121.936 E1765.02822
G1 X120.714 Y122.508 E1765.04827
G1 F870.4 X120.555 Y122.62 E1765.05438
G1 F929.4 X120.069 Y122.62 E1765.06869
G1 F934.6 X119.919 Y122.972 E1765.07989
G1 F929.4 X120.585 Y122.971 E1765.09949
G1 F870.4 X121.032 Y122.948 E1765.11356
G1 F822.5 X125.717 Y122.952 E1765.26938
G1 F731.1 X125.906 Y123.152 E1765.27968
G1 F655.4 X125.905 Y131.48 E1765.6273
G1 F604.8 X125.863 Y131.643 E1765.63492
G1 F602.6 X125.7 Y131.685 E1765.64256
G1 F655.4 X97.656 Y131.686 E1766.81316
G1 F607 X97.449 Y131.643 E1766.82268
G1 F603.7 X97.407 Y131.48 E1766.83031
G1 F655.4 X97.406 Y123.152 E1767.17794
G1 F731.1 X97.592 Y122.955 E1767.18807
G1 F822.5 X102.273 Y122.949 E1767.34376
G1 F875 X102.784 Y122.972 E1767.35976
G1 F934.6 X103.392 Y122.972 E1767.37755
G1 F932 X103.24 Y122.62 E1767.38881
G1 F934.6 X102.784 Y122.62 E1767.40215
G1 F875 X102.594 Y122.507 E1767.40906
G1 F822.5 X102.407 Y121.936 E1767.42905
G1 X96.856 Y121.936 E1767.61368
G1 X96.856 Y122.469 E1767.6314
G1 F731.1 X96.906 Y123.152 E1767.65703
G1 F655.4 X96.908 Y131.523 E1768.00645
G1 F603.7 X96.949 Y131.85 E1768.02138
G1 F562.4 X96.949 Y132.143 E1768.03563
G1 X97.242 Y132.143 E1768.04988
G1 F607 X97.656 Y132.186 E1768.06864
G1 F656.7 X111.433 Y132.185 E1768.64257
;MESH:NONMESH
G0 F300 X111.433 Y132.185 Z30.6
G0 F15000 X111.433 Y131.927
G0 X97.219 Y131.875
G0 X97.219 Y122.714
G0 X97.389 Y122.669
;TIME_ELAPSED:2847.000642
;LAYER:152
;note -- min layer time used
;TYPE:WALL-INNER
;MESH:Camera mount.stl(1)
G1 F508.9 X97.533 Y122.649 E1768.65039
G1 F528.5 X102.179 Y122.644 E1768.89107
G1 F2400 E1768.09107
G0 F15000 X97.219 Y122.914
G0 X97.219 Y131.875
G0 X126.095 Y131.875
G0 X126.095 Y122.915
G0 X121.133 Y122.644
G1 F2400 E1768.89107
G1 F534.5 X125.656 Y122.644 E1769.12274
G1 F513.7 X125.923 Y122.669 E1769.13703
G1 F2400 E1768.33703
G0 F15000 X126.095 Y122.915
G0 X126.095 Y131.875
G0 X111.433 Y131.927
G0 X111.433 Y132.185
;TYPE:WALL-OUTER
G1 F2400 E1769.13703
G1 F653.3 X125.743 Y132.184 E1769.73673
G1 F603 X126.07 Y132.143 E1769.75169
G1 F561.9 X126.363 Y132.143 E1769.76597
G1 X126.363 Y131.85 E1769.78025
G1 F605.3 X126.405 Y131.523 E1769.79516
G1 F655.9 X126.406 Y123.352 E1770.13623
G1 F731.7 X126.456 Y122.669 E1770.16185
G1 F823.2 X126.456 Y122.136 E1770.17958
G1 X120.77 Y122.136 E1770.3687
G1 X120.673 Y122.431 E1770.37903
G1 X120.549 Y122.723 E1770.38958
G1 F871.1 X120.395 Y122.82 E1770.3953
G1 F924.9 X119.897 Y122.821 E1770.41004
G1 F930.1 X119.747 Y123.175 E1770.42136
G1 F924.9 X120.425 Y123.174 E1770.44143
G1 F871.1 X120.833 Y123.152 E1770.45427
G1 F823.2 X125.717 Y123.152 E1770.61671
G1 F731.7 X125.906 Y123.352 E1770.62701
G1 F655.9 X125.905 Y131.48 E1770.96628
G1 F605.3 X125.863 Y131.643 E1770.9739
G1 F603 X125.7 Y131.685 E1770.98154
G1 F655.9 X97.656 Y131.686 E1772.15214
G1 F607.5 X97.449 Y131.643 E1772.16166
G1 F604.2 X97.407 Y131.48 E1772.16929
G1 F655.9 X97.406 Y123.352 E1772.50857
G1 F731.7 X97.592 Y123.155 E1772.5187
G1 F823.2 X102.479 Y123.152 E1772.68125
G1 F873.4 X102.948 Y123.175 E1772.69597
G1 F930.1 X103.561 Y123.175 E1772.71401
G1 X103.411 Y122.821 E1772.72533
G1 X102.948 Y122.821 E1772.73896
G1 F873.4 X102.763 Y122.723 E1772.74552
G1 F823.2 X102.626 Y122.396 E1772.75731
G1 X102.539 Y122.136 E1772.76643
G1 X96.856 Y122.136 E1772.95545
G1 X96.856 Y122.669 E1772.97317
G1 F731.7 X96.906 Y123.352 E1772.9988
G1 F655.9 X96.908 Y131.523 E1773.33987
G1 F604.2 X96.949 Y131.85 E1773.3548
G1 F562.8 X96.949 Y132.143 E1773.36906
G1 X97.242 Y132.143 E1773.38331
G1 F607.5 X97.656 Y132.186 E1773.40207
G1 F657.2 X111.433 Y132.185 E1773.97599
;MESH:NONMESH
G0 F300 X111.433 Y132.185 Z30.8
G0 F15000 X111.433 Y131.927
G0 X97.219 Y131.875
G0 X97.219 Y122.914
G0 X97.389 Y122.869
;TIME_ELAPSED:2861.565911
;LAYER:153
;note -- min layer time used
;TYPE:WALL-INNER
;MESH:Camera mount.stl(1)
G1 F509.8 X97.533 Y122.849 E1773.98381
G1 F530.3 X102.347 Y122.844 E1774.23279
G1 F2400 E1773.43279
G0 F15000 X97.219 Y123.114
G0 X97.219 Y131.875
G0 X126.095 Y131.875
G0 X126.095 Y123.115
G0 X120.961 Y122.844
G1 F2400 E1774.23279
G1 F535.5 X125.656 Y122.844 E1774.47327
G1 F514.6 X125.923 Y122.869 E1774.48757
G1 F2400 E1773.68757
G0 F15000 X126.095 Y123.115
G0 X126.095 Y131.875
G0 X111.433 Y131.927
G0 X111.433 Y132.185
;TYPE:WALL-OUTER
G1 F2400 E1774.48757
G1 F654.4 X125.743 Y132.184 E1775.08727
G1 F604.1 X126.07 Y132.143 E1775.10223
G1 F562.9 X126.363 Y132.143 E1775.11651
G1 X126.363 Y131.85 E1775.13078
G1 F606.3 X126.405 Y131.523 E1775.1457
G1 F657.1 X126.406 Y123.552 E1775.47842
G1 F733 X126.456 Y122.869 E1775.50404
G1 F824.6 X126.456 Y122.336 E1775.52177
G1 X120.625 Y122.336 E1775.71571
G1 X120.377 Y122.923 E1775.7369
G1 F872.6 X120.223 Y123.02 E1775.74262
G1 F926.5 X119.742 Y123.021 E1775.75686
G1 F931.8 X119.552 Y123.375 E1775.76869
G1 F926.5 X120.253 Y123.374 E1775.78944
G1 F872.6 X120.661 Y123.352 E1775.80228
G1 F824.6 X125.717 Y123.352 E1775.97044
G1 F733 X125.906 Y123.552 E1775.98074
G1 F657.1 X125.905 Y131.48 E1776.31167
G1 F606.3 X125.863 Y131.643 E1776.31928
G1 F604.1 X125.7 Y131.685 E1776.32692
G1 F657.1 X97.656 Y131.686 E1777.49752
G1 F608.6 X97.449 Y131.643 E1777.50705
G1 F605.2 X97.407 Y131.48 E1777.51468
G1 F657.1 X97.406 Y123.552 E1777.8456
G1 F733 X97.592 Y123.355 E1777.85574
G1 F824.6 X102.647 Y123.352 E1778.02387
G1 F874.9 X103.116 Y123.375 E1778.03859
G1 F931.8 X103.76 Y123.375 E1778.05755
G1 X103.57 Y123.021 E1778.06937
G1 X103.116 Y123.021 E1778.08274
G1 F874.9 X102.931 Y122.923 E1778.0893
G1 F824.6 X102.683 Y122.336 E1778.11049
G1 X96.856 Y122.336 E1778.3043
G1 X96.856 Y122.869 E1778.32203
G1 F733 X96.906 Y123.552 E1778.34765
G1 F657.1 X96.908 Y131.523 E1778.68037
G1 F605.2 X96.949 Y131.85 E1778.69531
G1 F563.8 X96.949 Y132.143 E1778.70956
G1 X97.242 Y132.143 E1778.72381
G1 F608.6 X97.656 Y132.186 E1778.74257
G1 F658.4 X111.433 Y132.185 E1779.3165
;MESH:NONMESH
G0 F300 X111.433 Y132.185 Z31
G0 F15000 X111.433 Y131.927
G0 X97.219 Y131.875
G0 X97.219 Y123.114
G0 X97.389 Y123.069
;TIME_ELAPSED:2876.118777
;LAYER:154
;note -- min layer time used
;TYPE:WALL-INNER
;MESH:Camera mount.stl(1)
G1 F511.2 X97.533 Y123.049 E1779.32432
G1 F530.9 X102.517 Y123.044 E1779.5825
G1 F2400 E1778.7825
G0 F15000 X97.219 Y123.314
G0 X97.219 Y131.875
G0 X126.095 Y131.875
G0 X126.095 Y123.315
G0 X120.793 Y123.044
G1 F2400 E1779.5825
G1 F537 X125.656 Y123.044 E1779.83159
G1 F516 X125.923 Y123.069 E1779.84588
G1 F2400 E1779.04588
G0 F15000 X126.095 Y123.315
G0 X126.095 Y131.875
G0 X111.433 Y131.927
G0 X111.433 Y132.185
;TYPE:WALL-OUTER
G1 F2400 E1779.84588
G1 F656.3 X125.743 Y132.184 E1780.44558
G1 F605.8 X126.07 Y132.143 E1780.46055
G1 F564.5 X126.363 Y132.143 E1780.47482
G1 X126.363 Y131.85 E1780.4891
G1 F608 X126.405 Y131.523 E1780.50401
G1 F658.9 X126.406 Y123.752 E1780.82839
G1 F735 X126.456 Y123.069 E1780.85401
G1 F826.9 X126.456 Y122.536 E1780.87174
G1 X120.457 Y122.536 E1781.07127
G1 X120.209 Y123.123 E1781.09246
G1 F875.1 X120.055 Y123.22 E1781.09818
G1 F929.1 X119.526 Y123.221 E1781.11384
G1 F934.4 X119.336 Y123.575 E1781.12567
G1 F929.1 X120.085 Y123.574 E1781.14784
G1 F875.1 X120.493 Y123.552 E1781.16068
G1 F826.9 X125.717 Y123.552 E1781.33443
G1 F735 X125.906 Y123.752 E1781.34473
G1 F658.9 X125.905 Y131.48 E1781.66731
G1 F608 X125.863 Y131.643 E1781.67492
G1 F605.8 X125.7 Y131.685 E1781.68256
G1 F658.9 X97.656 Y131.686 E1782.85316
G1 F610.3 X97.449 Y131.643 E1782.86269
G1 F606.9 X97.407 Y131.48 E1782.87031
G1 F658.9 X97.406 Y123.752 E1783.19289
G1 F735 X97.592 Y123.555 E1783.20303
G1 F826.9 X102.821 Y123.552 E1783.37695
G1 F877.4 X103.288 Y123.575 E1783.39161
G1 F934.4 X103.972 Y123.575 E1783.41174
G1 X103.782 Y123.221 E1783.42356
G1 X103.288 Y123.221 E1783.43811
G1 F877.4 X103.104 Y123.123 E1783.44464
G1 F826.9 X102.852 Y122.536 E1783.46589
G1 X96.856 Y122.536 E1783.66532
G1 X96.856 Y123.069 E1783.68304
G1 F735 X96.906 Y123.752 E1783.70867
G1 F658.9 X96.908 Y131.523 E1784.03304
G1 F606.9 X96.949 Y131.85 E1784.04798
G1 F565.4 X96.949 Y132.143 E1784.06223
G1 X97.242 Y132.143 E1784.07648
G1 F610.3 X97.656 Y132.186 E1784.09524
G1 F660.2 X111.433 Y132.185 E1784.66917
;MESH:NONMESH
G0 F300 X111.433 Y132.185 Z31.2
G0 F15000 X111.433 Y131.927
G0 X97.219 Y131.875
G0 X97.219 Y123.314
G0 X97.389 Y123.269
;TIME_ELAPSED:2890.660414
;LAYER:155
;note -- min layer time used
;TYPE:WALL-INNER
;MESH:Camera mount.stl(1)
G1 F512.7 X97.533 Y123.249 E1784.67699
G1 F533.3 X102.687 Y123.244 E1784.94355
G1 F2400 E1784.14355
G0 F15000 X97.219 Y123.514
G0 X97.219 Y131.875
G0 X126.095 Y131.875
G0 X126.095 Y123.515
G0 X120.623 Y123.244
G1 F2400 E1784.94355
G1 F538.5 X125.656 Y123.244 E1785.20134
G1 F517.5 X125.923 Y123.269 E1785.21564
G1 F2400 E1784.41564
G0 F15000 X126.095 Y123.515
G0 X126.095 Y131.875
G0 X111.433 Y131.927
G0 X111.433 Y132.185
;TYPE:WALL-OUTER
G1 F2400 E1785.21564
G1 F658.2 X125.743 Y132.184 E1785.81534
G1 F607.6 X126.07 Y132.143 E1785.8303
G1 F566.1 X126.363 Y132.143 E1785.84457
G1 X126.363 Y131.85 E1785.85885
G1 F609.8 X126.405 Y131.523 E1785.87376
G1 F660.8 X126.406 Y123.952 E1786.18979
G1 F737.2 X126.456 Y123.269 E1786.21541
G1 F829.3 X126.456 Y122.736 E1786.23314
G1 X120.288 Y122.736 E1786.43829
G1 X120.036 Y123.323 E1786.45954
G1 F877.6 X119.883 Y123.42 E1786.46523
G1 F931.8 X119.311 Y123.421 E1786.48216
G1 F937.1 X119.123 Y123.775 E1786.49396
G1 F931.8 X119.913 Y123.774 E1786.51735
G1 F877.6 X120.319 Y123.752 E1786.53013
G1 F829.3 X125.717 Y123.752 E1786.70966
G1 F737.2 X125.906 Y123.952 E1786.71996
G1 F660.8 X125.905 Y131.48 E1787.03419
G1 F609.8 X125.863 Y131.643 E1787.0418
G1 F607.6 X125.7 Y131.685 E1787.04945
G1 F660.8 X97.656 Y131.686 E1788.22004
G1 F612.1 X97.449 Y131.643 E1788.22957
G1 F608.7 X97.407 Y131.48 E1788.2372
G1 F660.8 X97.406 Y123.952 E1788.55143
G1 F737.2 X97.592 Y123.755 E1788.56157
G1 F829.3 X102.987 Y123.752 E1788.74101
G1 F879.9 X103.456 Y123.775 E1788.75573
G1 F937.1 X104.191 Y123.775 E1788.77736
G1 F934.5 X103.998 Y123.421 E1788.78926
G1 F937.1 X103.456 Y123.421 E1788.80522
G1 F879.9 X103.271 Y123.323 E1788.81178
G1 F829.3 X103.023 Y122.736 E1788.83297
G1 X96.856 Y122.736 E1789.03809
G1 X96.856 Y123.269 E1789.05582
G1 F737.2 X96.906 Y123.952 E1789.08144
G1 F660.8 X96.908 Y131.523 E1789.39747
G1 F608.7 X96.949 Y131.85 E1789.4124
G1 F567.1 X96.949 Y132.143 E1789.42665
G1 X97.242 Y132.143 E1789.4409
G1 F612.1 X97.656 Y132.186 E1789.45966
G1 F662.1 X111.433 Y132.185 E1790.03359
;MESH:NONMESH
G0 F300 X111.433 Y132.185 Z31.4
G0 F15000 X111.433 Y131.927
G0 X97.219 Y131.875
G0 X97.219 Y123.514
G0 X97.389 Y123.469
;TIME_ELAPSED:2905.188745
;LAYER:156
;note -- min layer time used
;TYPE:WALL-INNER
;MESH:Camera mount.stl(1)
G1 F514.5 X97.533 Y123.449 E1790.04141
G1 F534.4 X102.888 Y123.444 E1790.31881
G1 F2400 E1789.51881
G0 F15000 X97.219 Y123.714
G0 X97.219 Y131.875
G0 X126.095 Y131.875
G0 X126.095 Y123.715
G0 X120.422 Y123.444
G1 F2400 E1790.31881
G1 F540.4 X125.656 Y123.444 E1790.5869
G1 F519.4 X125.923 Y123.469 E1790.6012
G1 F2400 E1789.8012
G0 F15000 X126.095 Y123.715
G0 X126.095 Y131.875
G0 X111.433 Y131.927
G0 X111.433 Y132.185
;TYPE:WALL-OUTER
G1 F2400 E1790.6012
G1 F660.5 X125.743 Y132.184 E1791.2009
G1 F609.7 X126.07 Y132.143 E1791.21586
G1 F568.1 X126.363 Y132.143 E1791.23014
G1 X126.363 Y131.85 E1791.24441
G1 F612 X126.405 Y131.523 E1791.25932
G1 F663.2 X126.406 Y124.152 E1791.567
G1 F739.8 X126.456 Y123.469 E1791.59263
G1 F832.3 X126.456 Y122.936 E1791.61035
G1 X120.117 Y122.936 E1791.82119
G1 F834.4 X119.796 Y123.538 E1791.84382
G1 F880.7 X119.651 Y123.62 E1791.84906
G1 F935.1 X119.111 Y123.621 E1791.86504
G1 F940.4 X118.873 Y123.975 E1791.8776
G1 F935.1 X119.681 Y123.974 E1791.90152
G1 F880.7 X120.046 Y123.953 E1791.91301
G1 F836.4 X125.717 Y123.952 E1792.10069
G1 F739.8 X125.906 Y124.152 E1792.11098
G1 F663.2 X125.905 Y131.48 E1792.41686
G1 F612 X125.863 Y131.643 E1792.42448
G1 F609.7 X125.7 Y131.685 E1792.43212
G1 F663.2 X97.656 Y131.686 E1793.60272
G1 F614.2 X97.449 Y131.643 E1793.61224
G1 F610.8 X97.407 Y131.48 E1793.61987
G1 F663.2 X97.406 Y124.152 E1793.92575
G1 F739.8 X97.592 Y123.955 E1793.93589
G1 F832.3 X103.268 Y123.952 E1794.12468
G1 F883 X103.692 Y123.975 E1794.13799
G1 F940.4 X104.439 Y123.975 E1794.15998
G1 X104.201 Y123.621 E1794.17253
G1 X103.692 Y123.621 E1794.18751
G1 F883 X103.515 Y123.539 E1794.19363
G1 F832.3 X103.192 Y122.936 E1794.21638
G1 X96.856 Y122.936 E1794.42712
G1 X96.856 Y123.469 E1794.44485
G1 F739.8 X96.906 Y124.152 E1794.47047
G1 F663.2 X96.908 Y131.523 E1794.77815
G1 F610.8 X96.949 Y131.85 E1794.79308
G1 F569.1 X96.949 Y132.143 E1794.80733
G1 X97.242 Y132.143 E1794.82159
G1 F614.2 X97.656 Y132.186 E1794.84034
G1 F664.5 X111.433 Y132.185 E1795.41427
;MESH:NONMESH
G0 F300 X111.433 Y132.185 Z31.6
G0 F15000 X111.433 Y131.927
G0 X97.219 Y131.875
G0 X97.219 Y123.714
G0 X97.389 Y123.669
;TIME_ELAPSED:2919.703917
;LAYER:157
;note -- min layer time used
;TYPE:WALL-INNER
;MESH:Camera mount.stl(1)
G1 F517.2 X97.533 Y123.649 E1795.42209
G1 F537.1 X103.104 Y123.644 E1795.71068
G1 F2400 E1794.91068
G0 F15000 X97.219 Y123.914
G0 X97.219 Y131.875
G0 X126.095 Y131.875
G0 X126.095 Y123.915
G0 X120.208 Y123.644
G1 F2400 E1795.71068
G1 F543.2 X125.656 Y123.644 E1795.98973
G1 F522 X125.923 Y123.669 E1796.00403
G1 F2400 E1795.20403
G0 F15000 X126.095 Y123.915
G0 X126.095 Y131.875
G0 X111.433 Y131.927
G0 X111.433 Y132.185
;TYPE:WALL-OUTER
G1 F2400 E1796.00403
G1 F663.9 X125.743 Y132.184 E1796.60373
G1 F612.9 X126.07 Y132.143 E1796.61869
G1 F571 X126.363 Y132.143 E1796.63297
G1 X126.363 Y131.85 E1796.64724
G1 F615.1 X126.405 Y131.523 E1796.66216
G1 F666.6 X126.406 Y124.352 E1796.96148
G1 F743.6 X126.456 Y123.669 E1796.98711
G1 F836.6 X126.456 Y123.136 E1797.00484
G1 X119.904 Y123.136 E1797.22276
G1 F838.7 X119.58 Y123.738 E1797.24544
G1 F885.2 X119.435 Y123.82 E1797.25067
G1 F940 X118.843 Y123.821 E1797.2682
G1 F945.3 X118.605 Y124.175 E1797.28075
G1 F940 X119.465 Y124.174 E1797.30621
G1 F885.2 X119.828 Y124.153 E1797.31764
G1 F840.8 X125.717 Y124.152 E1797.51253
G1 F743.6 X125.906 Y124.352 E1797.52283
G1 F666.6 X125.905 Y131.48 E1797.82036
G1 F615.1 X125.863 Y131.643 E1797.82797
G1 F612.9 X125.7 Y131.685 E1797.83562
G1 F666.6 X97.656 Y131.686 E1799.00621
G1 F617.4 X97.449 Y131.643 E1799.01574
G1 F614 X97.407 Y131.48 E1799.02337
G1 F666.6 X97.406 Y124.352 E1799.3209
G1 F743.6 X97.592 Y124.155 E1799.33104
G1 F836.6 X103.484 Y124.152 E1799.52701
G1 F887.6 X103.908 Y124.175 E1799.54032
G1 F945.3 X104.707 Y124.175 E1799.56384
G1 X104.469 Y123.821 E1799.57639
G1 X103.908 Y123.821 E1799.59291
G1 F887.6 X103.731 Y123.739 E1799.59902
G1 F836.6 X103.408 Y123.136 E1799.62177
G1 X96.856 Y123.136 E1799.8397
G1 X96.856 Y123.669 E1799.85742
G1 F743.6 X96.906 Y124.352 E1799.88305
G1 F666.6 X96.908 Y131.523 E1800.18238
G1 F614 X96.949 Y131.85 E1800.19731
G1 F572 X96.949 Y132.143 E1800.21156
G1 X97.242 Y132.143 E1800.22582
G1 F617.4 X97.656 Y132.186 E1800.24457
G1 F667.9 X111.433 Y132.185 E1800.8185
;MESH:NONMESH
G0 F300 X111.433 Y132.185 Z31.8
G0 F15000 X111.433 Y131.927
G0 X97.219 Y131.875
G0 X97.219 Y123.914
G0 X97.389 Y123.869
;TIME_ELAPSED:2934.206631
;LAYER:158
;note -- min layer time used
;TYPE:WALL-INNER
;MESH:Camera mount.stl(1)
G1 F535.3 X97.533 Y123.849 E1800.82632
G1 F556.9 X103.318 Y123.844 E1801.12552
G1 F2400 E1800.32552
G0 F15000 X97.219 Y124.114
G0 X97.219 Y131.875
G0 X126.095 Y131.875
G0 X126.095 Y124.115
G0 X119.992 Y123.844
G1 F2400 E1801.12552
G1 F562.3 X125.656 Y123.844 E1801.41563
G1 F540.3 X125.923 Y123.869 E1801.42993
G1 F2400 E1800.62993
G0 F15000 X126.095 Y124.115
G0 X126.095 Y131.875
G0 X111.433 Y131.927
G0 X111.433 Y132.185
;TYPE:WALL-OUTER
G1 F2400 E1801.42993
G1 F687.2 X125.743 Y132.184 E1802.02963
G1 F634.4 X126.07 Y132.143 E1802.04459
G1 F591.1 X126.363 Y132.143 E1802.05886
G1 X126.363 Y131.85 E1802.07314
G1 F636.7 X126.405 Y131.523 E1802.08805
G1 F690 X126.406 Y124.552 E1802.37903
G1 F769.7 X126.456 Y123.869 E1802.40466
G1 F865.9 X126.456 Y123.336 E1802.42239
G1 X119.688 Y123.336 E1802.64749
G1 F868.1 X119.364 Y123.938 E1802.67017
G1 F916.3 X119.219 Y124.02 E1802.67541
G1 F972.9 X118.574 Y124.021 E1802.6945
G1 F978.4 X118.336 Y124.375 E1802.70706
G1 F972.9 X119.249 Y124.374 E1802.73408
G1 F916.3 X119.612 Y124.353 E1802.74551
G1 F870.3 X125.717 Y124.352 E1802.94755
G1 F769.7 X125.906 Y124.552 E1802.95785
G1 F690 X125.905 Y131.48 E1803.24703
G1 F636.7 X125.863 Y131.643 E1803.25465
G1 F634.4 X125.7 Y131.685 E1803.26229
G1 F690 X97.656 Y131.686 E1804.43288
G1 F639 X97.449 Y131.643 E1804.44241
G1 F635.5 X97.407 Y131.48 E1804.45004
G1 F690 X97.406 Y124.552 E1804.73923
G1 F769.7 X97.592 Y124.355 E1804.74936
G1 F865.9 X103.694 Y124.352 E1804.95232
G1 F918.7 X104.12 Y124.375 E1804.96569
G1 F978.4 X104.974 Y124.374 E1804.99083
G1 X104.738 Y124.021 E1805.00333
G1 X104.12 Y124.021 E1805.02152
G1 F918.7 X103.943 Y123.938 E1805.02765
G1 F865.9 X103.623 Y123.336 E1805.05032
G1 X96.856 Y123.336 E1805.27539
G1 X96.856 Y123.869 E1805.29312
G1 F769.7 X96.906 Y124.552 E1805.31875
G1 F690 X96.908 Y131.523 E1805.60973
G1 F635.5 X96.949 Y131.85 E1805.62466
G1 F592.1 X96.949 Y132.143 E1805.63891
G1 X97.242 Y132.143 E1805.65316
G1 F639 X97.656 Y132.186 E1805.67192
G1 F691.3 X111.433 Y132.185 E1806.24585
G1 F2400 E1805.44585
G0 F15000 X111.433 Y131.927
G0 X100.845 Y131.867
G0 X100.845 Y130.772
G0 X100.845 Y128.045
G0 X100.845 Y127.162
G1 F2400 E1806.24585
G1 F757.9 X101.155 Y127.139 E1806.25766
G1 F761.2 X101.46 Y127.164 E1806.26924
G1 F2400 E1805.46924
G0 F15000 X102.022 Y126.435
G0 X120.664 Y128.037
G0 X122.46 Y128.045
G0 X122.46 Y127.164
G1 F2400 E1806.26924
G1 F761.2 X122.155 Y127.139 E1806.28082
G1 F757.9 X121.845 Y127.162 E1806.29263
G1 F2400 E1805.49263
;MESH:NONMESH
G0 F300 X121.845 Y127.162 Z32
G0 F15000 X121.464 Y126.37
G0 X103.802 Y125.217
G0 X97.389 Y124.069
;TIME_ELAPSED:2949.670485
;LAYER:159
;note -- min layer time used
;TYPE:WALL-INNER
;MESH:Camera mount.stl(1)
G1 F2400 E1806.29263
G1 F546.4 X97.533 Y124.049 E1806.30045
G1 F568.3 X103.561 Y124.044 E1806.61222
G1 F2400 E1805.81222
G0 F15000 X97.219 Y124.314
G0 X97.219 Y131.875
G0 X126.095 Y131.875
G0 X126.095 Y124.315
G0 X119.751 Y124.044
G1 F2400 E1806.61222
G1 F573.9 X125.656 Y124.044 E1806.91467
G1 F551.5 X125.923 Y124.069 E1806.92897
G1 F2400 E1806.12897
G0 F15000 X126.095 Y124.315
G0 X126.095 Y131.875
G0 X111.433 Y131.927
G0 X111.433 Y132.185
;TYPE:WALL-OUTER
G1 F2400 E1806.92897
G1 F701.4 X125.743 Y132.184 E1807.52867
G1 F647.4 X126.07 Y132.143 E1807.54363
G1 F603.2 X126.363 Y132.143 E1807.55791
G1 X126.363 Y131.85 E1807.57218
G1 F649.8 X126.405 Y131.523 E1807.5871
G1 F704.2 X126.406 Y124.752 E1807.86973
G1 F785.5 X126.456 Y124.069 E1807.89535
G1 F883.7 X126.456 Y123.536 E1807.91308
G1 X119.48 Y123.536 E1808.1451
G1 F892.7 X119.063 Y124.153 E1808.16962
G1 F945.2 X118.931 Y124.22 E1808.17423
G1 F993 X118.295 Y124.221 E1808.19305
G1 F998.6 X118.003 Y124.575 E1808.20656
G1 F993 X118.961 Y124.574 E1808.23492
G1 F945.2 X119.279 Y124.556 E1808.24482
G1 F897.2 X125.717 Y124.552 E1808.45574
G1 F789.1 X125.906 Y124.752 E1808.46599
G1 F704.2 X125.905 Y131.48 E1808.74683
G1 F649.8 X125.863 Y131.643 E1808.75444
G1 F647.4 X125.7 Y131.685 E1808.76208
G1 F704.2 X97.656 Y131.686 E1809.93268
G1 F652.2 X97.449 Y131.643 E1809.94221
G1 F648.6 X97.407 Y131.48 E1809.94984
G1 F704.2 X97.406 Y124.752 E1810.23068
G1 F785.5 X97.592 Y124.555 E1810.24081
G1 F886 X104.033 Y124.553 E1810.45451
G1 F940.2 X104.412 Y124.575 E1810.46637
G1 F998.6 X105.309 Y124.575 E1810.49278
G1 X105.017 Y124.221 E1810.50629
G1 X104.412 Y124.221 E1810.52409
G1 F940.2 X104.246 Y124.155 E1810.52968
G1 F883.7 X103.832 Y123.536 E1810.55445
G1 X96.856 Y123.536 E1810.78647
G1 X96.856 Y124.069 E1810.8042
G1 F785.5 X96.906 Y124.752 E1810.82982
G1 F704.2 X96.908 Y131.523 E1811.11245
G1 F648.6 X96.949 Y131.85 E1811.12739
G1 F604.3 X96.949 Y132.143 E1811.14164
G1 X97.242 Y132.143 E1811.15589
G1 F652.2 X97.656 Y132.186 E1811.17465
G1 F705.6 X111.433 Y132.185 E1811.74858
G1 F2400 E1810.94858
G0 F15000 X111.433 Y131.927
G0 X100.536 Y131.867
G0 X100.536 Y130.772
G0 X100.536 Y128.245
G0 X100.536 Y127.255
G1 F2400 E1811.74858
G1 F532.4 X100.738 Y127.14 E1811.76141
G1 F516.8 X101.105 Y127.045 E1811.78297
G1 F517.6 X101.504 Y127.101 E1811.80586
G1 F534 X101.776 Y127.254 E1811.82303
G1 F2400 E1811.02303
G0 F15000 X102.514 Y126.566
G0 X120.427 Y128.239
G0 X121.637 Y128.243
G0 X122.225 Y128.086
G0 X122.776 Y127.254
G1 F2400 E1811.82303
G1 F534 X122.504 Y127.101 E1811.84021
G1 F517.6 X122.105 Y127.045 E1811.86309
G1 F516.8 X121.738 Y127.14 E1811.88466
G1 F532.4 X121.536 Y127.256 E1811.89752
G1 F2400 E1811.09752
;MESH:NONMESH
G0 F300 X121.536 Y127.256 Z32.2
G0 F15000 X120.796 Y126.57
G0 X102.884 Y126.964
G0 X102.183 Y127.427
;TIME_ELAPSED:2965.180608
;LAYER:160
;note -- min layer time used
;TYPE:WALL-OUTER
;MESH:Camera mount.stl(1)
G1 F2400 E1811.89752
G1 F603.8 X102.129 Y127.363 E1811.90165
G1 F584.1 X101.853 Y127.098 E1811.92119
G1 F538.5 X101.494 Y126.9 E1811.94389
G1 F518.3 X101.106 Y126.846 E1811.96643
G1 F525.1 X100.739 Y126.937 E1811.9879
G1 F545.9 X100.459 Y127.098 E1812.00555
G1 F582.2 X100.182 Y127.362 E1812.02515
G1 F600.8 X100.13 Y127.423 E1812.02913
G1 F2400 E1811.22913
G0 F15000 X99.426 Y126.767
G0 X100.13 Y125.617
G0 X97.389 Y124.269
;TYPE:WALL-INNER
G1 F2400 E1812.02913
G1 F554.3 X97.533 Y124.249 E1812.03695
G1 F576.6 X103.829 Y124.244 E1812.36258
G1 F2400 E1811.56258
G0 F15000 X97.219 Y124.514
G0 X97.219 Y131.875
G0 X126.095 Y131.875
G0 X126.095 Y124.515
G0 X119.481 Y124.244
G1 F2400 E1812.36258
G1 F582.2 X125.656 Y124.244 E1812.67886
G1 F559.5 X125.923 Y124.269 E1812.69316
G1 F2400 E1811.89316
G0 F15000 X126.095 Y124.515
G0 X126.095 Y131.875
G0 X111.433 Y131.927
G0 X111.433 Y132.185
;TYPE:WALL-OUTER
G1 F2400 E1812.69316
G1 F711.6 X125.743 Y132.184 E1813.29286
G1 F656.9 X126.07 Y132.143 E1813.30782
G1 F612 X126.363 Y132.143 E1813.3221
G1 X126.363 Y131.85 E1813.33637
G1 F659.3 X126.405 Y131.523 E1813.35129
G1 F714.4 X126.406 Y124.952 E1813.62557
G1 F797 X126.456 Y124.269 E1813.65119
G1 F896.6 X126.456 Y123.736 E1813.66892
G1 X119.211 Y123.736 E1813.90989
G1 F905.7 X118.791 Y124.354 E1813.93449
G1 F959 X118.659 Y124.42 E1813.93908
G1 F1007.4 X117.967 Y124.421 E1813.95957
G1 F1013.1 X117.671 Y124.775 E1813.97315
G1 F1007.4 X118.689 Y124.774 E1814.00329
G1 F959 X119.005 Y124.756 E1814.01313
G1 F910.3 X125.717 Y124.752 E1814.23302
G1 F800.6 X125.906 Y124.952 E1814.24327
G1 F714.4 X125.905 Y131.48 E1814.51576
G1 F659.3 X125.863 Y131.643 E1814.52337
G1 F656.9 X125.7 Y131.685 E1814.53102
G1 F714.4 X97.656 Y131.686 E1815.70161
G1 F661.7 X97.449 Y131.643 E1815.71114
G1 F658.1 X97.407 Y131.48 E1815.71877
G1 F714.4 X97.406 Y124.952 E1815.99126
G1 F797 X97.592 Y124.755 E1816.0014
G1 F898.9 X104.301 Y124.753 E1816.22398
G1 F953.9 X104.68 Y124.775 E1816.23585
G1 F1013.1 X105.641 Y124.775 E1816.26414
G1 X105.342 Y124.421 E1816.27778
G1 X104.68 Y124.421 E1816.29726
G1 F953.9 X104.514 Y124.355 E1816.30285
G1 F896.6 X104.1 Y123.736 E1816.32762
G1 X96.856 Y123.736 E1816.56855
G1 X96.856 Y124.269 E1816.58628
G1 F797 X96.906 Y124.952 E1816.6119
G1 F714.4 X96.908 Y131.523 E1816.88619
G1 F658.1 X96.949 Y131.85 E1816.90112
G1 F613.1 X96.949 Y132.143 E1816.91537
G1 X97.242 Y132.143 E1816.92963
G1 F661.7 X97.656 Y132.186 E1816.94839
G1 F715.9 X111.433 Y132.185 E1817.52231
G1 F2400 E1816.72231
G0 F15000 X111.433 Y131.927
G0 X123.183 Y131.867
G0 X123.183 Y130.772
G0 X123.186 Y128.446
G0 X123.183 Y127.427
G1 F2400 E1817.52231
G1 F603.8 X123.129 Y127.363 E1817.52645
G1 F584.1 X122.853 Y127.098 E1817.54598
G1 F538.5 X122.494 Y126.9 E1817.56869
G1 F518.3 X122.106 Y126.846 E1817.59123
G1 F525.1 X121.739 Y126.937 E1817.6127
G1 F545.9 X121.459 Y127.098 E1817.63035
G1 F582.2 X121.182 Y127.362 E1817.64995
G1 F600.8 X121.13 Y127.423 E1817.65392
G1 F2400 E1816.85392
;MESH:NONMESH
G0 F300 X121.13 Y127.423 Z32.4
G0 F15000 X120.262 Y127.004
G0 X103.214 Y127.341
G0 X102.452 Y127.71
;TIME_ELAPSED:2980.612572
;LAYER:161
;note -- min layer time used
;TYPE:WALL-OUTER
;MESH:Camera mount.stl(1)
G1 F2400 E1817.65392
G1 F651 X102.279 Y127.36 E1817.67223
G1 F605.9 X101.954 Y126.97 E1817.69782
G1 F573.7 X101.654 Y126.781 E1817.71668
G1 F543.9 X101.343 Y126.671 E1817.7352
G1 F526 X101.04 Y126.66 E1817.7528
G1 F530.6 X100.741 Y126.738 E1817.77058
G1 F558 X100.459 Y126.898 E1817.78832
G1 F596 X100.181 Y127.164 E1817.80802
G1 F628.7 X100.009 Y127.405 E1817.8224
G1 F656.8 X99.865 Y127.708 E1817.83799
G1 F2400 E1817.03799
G0 F15000 X98.975 Y127.417
G0 X98.322 Y127.708
G0 X97.389 Y124.469
;TYPE:WALL-INNER
G1 F2400 E1817.83799
G1 F567.5 X97.533 Y124.449 E1817.84582
G1 F590.3 X104.099 Y124.444 E1818.18541
G1 F2400 E1817.38541
G0 F15000 X97.219 Y124.714
G0 X97.219 Y131.875
G0 X126.095 Y131.875
G0 X126.095 Y124.715
G0 X119.214 Y124.444
G1 F2400 E1818.18541
G1 F596 X125.656 Y124.444 E1818.51537
G1 F572.8 X125.923 Y124.469 E1818.52966
G1 F2400 E1817.72966
G0 F15000 X126.095 Y124.715
G0 X126.095 Y131.875
G0 X111.433 Y131.927
G0 X111.433 Y132.185
;TYPE:WALL-OUTER
G1 F2400 E1818.52966
G1 F728.5 X125.743 Y132.184 E1819.12936
G1 F672.4 X126.07 Y132.143 E1819.14433
G1 F626.5 X126.363 Y132.143 E1819.1586
G1 X126.363 Y131.85 E1819.17288
G1 F674.9 X126.405 Y131.523 E1819.18779
G1 F731.4 X126.406 Y125.152 E1819.45373
G1 F815.9 X126.456 Y124.469 E1819.47935
G1 F917.9 X126.456 Y123.936 E1819.49708
G1 X118.943 Y123.936 E1819.74696
G1 X118.682 Y124.325 E1819.76254
G1 F934.2 X118.468 Y124.569 E1819.77315
G1 F987 X118.351 Y124.62 E1819.7771
G1 F1031.3 X117.636 Y124.621 E1819.79826
G1 F1037.1 X117.526 Y124.753 E1819.80332
G1 X117.29 Y124.974 E1819.81284
G1 F1031.3 X118.381 Y124.974 E1819.84513
G1 F971.3 X118.974 Y124.952 E1819.86378
G1 F917.9 X125.717 Y124.952 E1820.08806
G1 F815.9 X125.906 Y125.152 E1820.09835
G1 F731.4 X125.905 Y131.48 E1820.36249
G1 F674.9 X125.863 Y131.643 E1820.37011
G1 F672.4 X125.7 Y131.685 E1820.37775
G1 F731.4 X97.656 Y131.686 E1821.54835
G1 F677.4 X97.449 Y131.643 E1821.55787
G1 F673.7 X97.407 Y131.48 E1821.5655
G1 F731.4 X97.406 Y125.152 E1821.82964
G1 F819.5 X97.592 Y124.955 E1821.83973
G1 F931.9 X104.659 Y124.956 E1822.07126
G1 F981.7 X104.992 Y124.975 E1822.08163
G1 F1037.1 X106.024 Y124.974 E1822.11201
G1 X105.785 Y124.749 E1822.12167
G1 X105.677 Y124.621 E1822.1266
G1 X104.992 Y124.621 E1822.14676
G1 F981.7 X104.841 Y124.569 E1822.15173
G1 F927.1 X104.625 Y124.316 E1822.16268
G1 F917.9 X104.369 Y123.936 E1822.17792
G1 X96.856 Y123.936 E1822.42781
G1 X96.856 Y124.469 E1822.44553
G1 F815.9 X96.906 Y125.152 E1822.47116
G1 F731.4 X96.908 Y131.523 E1822.73709
G1 F673.7 X96.949 Y131.85 E1822.75203
G1 F627.6 X96.949 Y132.143 E1822.76628
G1 X97.242 Y132.143 E1822.78053
G1 F677.4 X97.656 Y132.186 E1822.79929
G1 F732.8 X111.433 Y132.185 E1823.37322
G1 F2400 E1822.57322
G0 F15000 X111.433 Y131.927
G0 X123.451 Y131.867
G0 X123.451 Y130.772
G0 X123.453 Y128.645
G0 X123.451 Y127.71
G1 F2400 E1823.37322
G1 F651 X123.279 Y127.36 E1823.39151
G1 F605.9 X122.954 Y126.97 E1823.41709
G1 F573.7 X122.654 Y126.781 E1823.43596
G1 F543.9 X122.343 Y126.671 E1823.45447
G1 F526 X122.04 Y126.66 E1823.47207
G1 F530.6 X121.741 Y126.738 E1823.48985
G1 F558 X121.458 Y126.898 E1823.50764
G1 F596 X121.187 Y127.157 E1823.52684
G1 F638.5 X120.978 Y127.46 E1823.54444
G1 F667.5 X120.865 Y127.708 E1823.5569
G1 F2400 E1822.7569
;MESH:NONMESH
G0 F300 X120.865 Y127.708 Z32.6
G0 F15000 X119.975 Y127.417
G0 X103.412 Y127.648
G0 X102.58 Y127.922
;TIME_ELAPSED:2996.009314
;LAYER:162
;note -- min layer time used
;TYPE:WALL-OUTER
;MESH:Camera mount.stl(1)
G1 F2400 E1823.5569
G1 F721.3 X102.47 Y127.54 E1823.57409
G1 F682 X102.293 Y127.188 E1823.59211
G1 F631.4 X101.959 Y126.773 E1823.61842
G1 F589.7 X101.654 Y126.581 E1823.63748
G1 F555.7 X101.343 Y126.471 E1823.65599
G1 F537.4 X101.04 Y126.46 E1823.67359
G1 F542 X100.741 Y126.538 E1823.69137
G1 F570 X100.459 Y126.698 E1823.70911
G1 F608.9 X100.181 Y126.964 E1823.72882
G1 F646.7 X99.961 Y127.273 E1823.74711
G1 F674.6 X99.819 Y127.609 E1823.76397
G1 F709 X99.732 Y127.923 E1823.77831
G1 F2400 E1822.97831
G0 F15000 X98.818 Y127.786
G0 X98.322 Y127.923
G0 X97.389 Y124.669
;TYPE:WALL-INNER
G1 F2400 E1823.77831
G1 F579.7 X97.533 Y124.649 E1823.78613
G1 F603 X104.406 Y124.644 E1824.1416
G1 F2400 E1823.3416
G0 F15000 X97.219 Y124.914
G0 X97.219 Y131.875
G0 X126.095 Y131.875
G0 X126.095 Y124.915
G0 X118.911 Y124.644
G1 F2400 E1824.1416
G1 F608.9 X125.656 Y124.644 E1824.48708
G1 F585.1 X125.923 Y124.669 E1824.50137
G1 F2400 E1823.70137
G0 F15000 X126.095 Y124.915
G0 X126.095 Y131.875
G0 X111.433 Y131.927
G0 X111.433 Y132.185
;TYPE:WALL-OUTER
G1 F2400 E1824.50137
G1 F744.2 X125.743 Y132.184 E1825.10107
G1 F686.9 X126.07 Y132.143 E1825.11603
G1 F640.1 X126.363 Y132.143 E1825.13031
G1 X126.363 Y131.85 E1825.14459
G1 F689.5 X126.405 Y131.523 E1825.1595
G1 F747.2 X126.406 Y125.352 E1825.41709
G1 F833.5 X126.456 Y124.669 E1825.44271
G1 F937.7 X126.456 Y124.136 E1825.46044
G1 X118.674 Y124.136 E1825.71927
G1 F952 X118.137 Y124.769 E1825.74646
G1 F1008.3 X118.019 Y124.82 E1825.75044
G1 F1053.6 X117.243 Y124.821 E1825.77341
G1 F1059.5 X116.872 Y125.175 E1825.78851
G1 F1053.6 X118.049 Y125.174 E1825.82335
G1 F1008.3 X118.319 Y125.159 E1825.83171
G1 F952 X118.911 Y125.152 E1825.85111
G1 F937.7 X125.717 Y125.152 E1826.07748
G1 F833.5 X125.906 Y125.352 E1826.08777
G1 F747.2 X125.905 Y131.48 E1826.34356
G1 F689.5 X125.863 Y131.643 E1826.35118
G1 F686.9 X125.7 Y131.685 E1826.35882
G1 F747.2 X97.656 Y131.686 E1827.52942
G1 F692 X97.449 Y131.643 E1827.53895
G1 F688.2 X97.407 Y131.48 E1827.54657
G1 F747.2 X97.406 Y125.352 E1827.80237
G1 F837.2 X97.592 Y125.155 E1827.81246
G1 F952 X104.99 Y125.156 E1828.05483
G1 F1002.9 X105.324 Y125.175 E1828.06523
G1 F1059.5 X106.44 Y125.175 E1828.09808
G1 X106.069 Y124.821 E1828.11317
G1 X105.324 Y124.821 E1828.1351
G1 F1002.9 X105.172 Y124.769 E1828.1401
G1 F947.2 X104.645 Y124.136 E1828.16722
G1 F937.7 X96.856 Y124.136 E1828.42628
G1 X96.856 Y124.669 E1828.44401
G1 F833.5 X96.906 Y125.352 E1828.46963
G1 F747.2 X96.908 Y131.523 E1828.72722
G1 F688.2 X96.949 Y131.85 E1828.74216
G1 F641.2 X96.949 Y132.143 E1828.75641
G1 X97.242 Y132.143 E1828.77066
G1 F692 X97.656 Y132.186 E1828.78942
G1 F748.6 X111.433 Y132.185 E1829.36335
G1 F2400 E1828.56335
G0 F15000 X111.433 Y131.927
G0 X123.58 Y131.867
G0 X123.58 Y130.772
G0 X123.582 Y128.845
G0 X123.58 Y127.922
G1 F2400 E1829.36335
G1 F698.5 X123.471 Y127.54 E1829.38108
G1 F660.3 X123.293 Y127.188 E1829.39971
G1 F631.4 X122.959 Y126.773 E1829.42602
G1 F589.7 X122.654 Y126.581 E1829.44508
G1 F555.7 X122.343 Y126.471 E1829.4636
G1 F537.4 X122.04 Y126.46 E1829.4812
G1 F542 X121.741 Y126.538 E1829.49898
G1 F570 X121.458 Y126.698 E1829.51676
G1 F608.9 X121.187 Y126.957 E1829.53596
G1 F642.2 X121.013 Y127.2 E1829.55048
G1 F684.4 X120.856 Y127.48 E1829.5651
G1 F724.1 X120.732 Y127.923 E1829.58492
G1 F2400 E1828.78492
;MESH:NONMESH
G0 F300 X120.732 Y127.923 Z32.8
G0 F15000 X119.818 Y127.786
G0 X103.527 Y127.991
G0 X102.642 Y128.127
;TIME_ELAPSED:3011.378118
;LAYER:163
;note -- min layer time used
;TYPE:WALL-OUTER
;MESH:Camera mount.stl(1)
G1 F2400 E1829.58492
G1 F756.9 X102.564 Y127.652 E1829.60521
G1 F716 X102.469 Y127.34 E1829.61975
G1 F665.1 X102.276 Y126.955 E1829.64041
G1 F635.4 X101.99 Y126.614 E1829.66276
G1 F600.6 X101.709 Y126.404 E1829.6814
G1 F564.4 X101.429 Y126.289 E1829.69852
G1 F545.9 X101.158 Y126.256 E1829.71447
G1 F561.9 X100.829 Y126.288 E1829.73325
G1 F594.1 X100.462 Y126.497 E1829.75593
G1 F625 X100.181 Y126.765 E1829.77576
G1 F658.3 X100.009 Y127.005 E1829.79007
G1 F687.8 X99.819 Y127.409 E1829.81079
G1 F716 X99.706 Y127.792 E1829.82858
G1 F746.6 X99.671 Y128.13 E1829.84311
G1 F2400 E1829.04311
G0 F15000 X97.227 Y128.13
G0 X97.389 Y124.869
;TYPE:WALL-INNER
G1 F2400 E1829.84311
G1 F593.2 X97.533 Y124.849 E1829.85093
G1 F618 X104.734 Y124.842 E1830.22276
G1 F2400 E1829.42276
G0 F15000 X97.219 Y125.114
G0 X97.219 Y131.875
G0 X126.095 Y131.875
G0 X126.095 Y125.115
G0 X118.576 Y124.842
G1 F2400 E1830.22276
G1 F625 X125.656 Y124.844 E1830.58423
G1 F598.7 X125.923 Y124.869 E1830.59852
G1 F2400 E1829.79852
G0 F15000 X126.095 Y125.115
G0 X126.095 Y131.875
G0 X111.433 Y131.927
G0 X111.433 Y132.185
;TYPE:WALL-OUTER
G1 F2400 E1830.59852
G1 F761.4 X125.743 Y132.184 E1831.19822
G1 F702.9 X126.07 Y132.143 E1831.21318
G1 F654.9 X126.363 Y132.143 E1831.22746
G1 X126.363 Y131.85 E1831.24173
G1 F705.5 X126.405 Y131.523 E1831.25665
G1 F764.5 X126.406 Y125.552 E1831.50589
G1 F852.8 X126.456 Y124.869 E1831.53151
G1 F959.4 X126.456 Y124.336 E1831.54924
G1 X118.339 Y124.336 E1831.81921
G1 F976.5 X117.805 Y124.968 E1831.84625
G1 F1034.4 X117.687 Y125.02 E1831.85023
G1 F1084.1 X116.823 Y125.02 E1831.87566
G1 F1090.3 X116.658 Y125.177 E1831.88232
G1 X116.398 Y125.372 E1831.89184
G1 F1084.1 X117.717 Y125.371 E1831.93066
G1 F1034.4 X117.987 Y125.355 E1831.93901
G1 F976.5 X118.576 Y125.348 E1831.95825
G1 F959.4 X125.717 Y125.352 E1832.19576
G1 F852.8 X125.906 Y125.552 E1832.20606
G1 F764.5 X125.905 Y131.48 E1832.4535
G1 F705.5 X125.863 Y131.643 E1832.46112
G1 F702.9 X125.7 Y131.685 E1832.46876
G1 F764.5 X97.656 Y131.686 E1833.63936
G1 F708.1 X97.449 Y131.643 E1833.64889
G1 F704.2 X97.407 Y131.48 E1833.65651
G1 F764.5 X97.406 Y125.552 E1833.90396
G1 F856.6 X97.592 Y125.355 E1833.91405
G1 F974 X105.327 Y125.352 E1834.16746
G1 F1031.6 X105.656 Y125.372 E1834.17765
G1 F1090.3 X106.914 Y125.372 E1834.21447
G1 X106.639 Y125.165 E1834.22455
G1 X106.486 Y125.02 E1834.23072
G1 X105.656 Y125.02 E1834.25501
G1 F1031.6 X105.505 Y124.97 E1834.25993
G1 F969.1 X104.97 Y124.336 E1834.28725
G1 F959.4 X96.856 Y124.336 E1834.55712
G1 X96.856 Y124.869 E1834.57485
G1 F852.8 X96.906 Y125.552 E1834.60047
G1 F764.5 X96.908 Y131.523 E1834.84971
G1 F704.2 X96.949 Y131.85 E1834.86465
G1 F656 X96.949 Y132.143 E1834.8789
G1 X97.242 Y132.143 E1834.89315
G1 F708.1 X97.656 Y132.186 E1834.91191
G1 F766 X111.433 Y132.185 E1835.48584
G1 F2400 E1834.68584
G0 F15000 X111.433 Y131.927
G0 X123.642 Y131.867
G0 X123.642 Y130.772
G0 X123.641 Y129.045
G0 X123.642 Y128.127
G1 F2400 E1835.48584
G1 F749.5 X123.614 Y127.883 E1835.49629
G1 F740.9 X123.556 Y127.62 E1835.50789
G1 F721.4 X123.468 Y127.335 E1835.52109
G1 F695.2 X123.275 Y126.953 E1835.54073
G1 F657.1 X122.99 Y126.614 E1835.56224
G1 F600.6 X122.709 Y126.404 E1835.58088
G1 F564.4 X122.429 Y126.289 E1835.59799
G1 F545.9 X122.158 Y126.256 E1835.61395
G1 F561.1 X121.828 Y126.288 E1835.63281
G1 F592.2 X121.458 Y126.498 E1835.65573
G1 F623 X121.187 Y126.757 E1835.67493
G1 F657.1 X121.013 Y127 E1835.68944
G1 F695.2 X120.861 Y127.272 E1835.70374
G1 F725.5 X120.705 Y127.797 E1835.72784
G1 F746.6 X120.671 Y128.13 E1835.74214
G1 F2400 E1834.94214
;MESH:NONMESH
G0 F300 X120.671 Y128.13 Z33
G0 F15000 X119.759 Y128.079
G0 X105.354 Y126.216
G0 X97.389 Y125.069
;TIME_ELAPSED:3026.814985
;LAYER:164
;note -- min layer time used
;TYPE:WALL-INNER
;MESH:Camera mount.stl(1)
G1 F2400 E1835.74214
G1 F625.5 X97.533 Y125.049 E1835.74996
G1 F650.6 X100.264 Y125.044 E1835.89121
G0 F15000 X100.883 Y125.445
G1 F697.7 X101.001 Y125.722 E1835.90573
G1 X101.295 Y125.722 E1835.91991
G1 X101.401 Y125.445 E1835.93421
G1 F670 X101.897 Y125.049 E1835.96609
G1 X101.142 Y125.026 E1836.00402
G1 F676.7 X100.264 Y125.044 E1836.04769
G1 X100.883 Y125.445 E1836.08436
G0 F15000 X100.884 Y125.243
G0 X101.897 Y125.049
G1 F651.7 X105.066 Y125.043 E1836.248
G1 F2400 E1835.448
G0 F15000 X97.219 Y125.314
G0 X97.219 Y131.875
G0 X126.095 Y131.875
G0 X126.095 Y125.315
G0 X118.242 Y125.043
G1 F2400 E1836.248
G1 F658 X121.269 Y125.044 E1836.40279
G0 F15000 X121.885 Y125.444
G1 F698.9 X121.998 Y125.723 E1836.41728
G1 X122.296 Y125.723 E1836.43163
G1 X122.403 Y125.444 E1836.44602
G1 F670 X122.897 Y125.049 E1836.47778
G1 X122.144 Y125.025 E1836.51562
G1 F676.7 X121.269 Y125.044 E1836.55914
G1 X121.885 Y125.444 E1836.59566
G0 F15000 X121.886 Y125.243
G0 X122.897 Y125.049
G1 F650.6 X125.656 Y125.044 E1836.73836
G1 F631.3 X125.923 Y125.069 E1836.75265
G1 F2400 E1835.95265
G0 F15000 X122.73 Y125.323
G0 X122.73 Y126.22
;TYPE:WALL-OUTER
G1 F2400 E1836.75265
G1 F636.3 X122.99 Y126.413 E1836.76977
G1 F691.8 X123.273 Y126.751 E1836.79122
G1 F734.5 X123.468 Y127.137 E1836.81103
G1 F763.6 X123.564 Y127.452 E1836.82554
G1 F787.3 X123.629 Y127.749 E1836.83854
G1 F788.9 X123.656 Y128.172 E1836.85662
G1 F801.4 X123.649 Y128.33 E1836.86326
G1 F2400 E1836.06326
G0 F15000 X122.739 Y128.245
G0 X121.575 Y128.265
G0 X120.661 Y128.328
G1 F2400 E1836.86326
G1 F801.4 X120.657 Y128.173 E1836.86977
G1 F798.2 X120.677 Y127.836 E1836.884
G1 F787.3 X120.755 Y127.403 E1836.9028
G1 F742.6 X120.935 Y126.911 E1836.92654
G1 F695.3 X121.217 Y126.513 E1836.95015
G1 F658 X121.422 Y126.328 E1836.96427
G1 F2400 E1836.16427
G0 F15000 X121.887 Y127.225
G0 X121.765 Y128.363
G0 X121.422 Y130.772
G0 X111.433 Y132.185
G1 F2400 E1836.96427
G1 F803 X125.743 Y132.184 E1837.56397
G1 F741.2 X126.07 Y132.143 E1837.57893
G1 F690.6 X126.363 Y132.143 E1837.59321
G1 X126.363 Y131.85 E1837.60749
G1 F743.9 X126.405 Y131.523 E1837.6224
G1 F806.2 X126.406 Y125.752 E1837.86329
G1 F899.3 X126.456 Y125.069 E1837.88891
G1 F1011.7 X126.456 Y124.536 E1837.90664
G1 X118.006 Y124.536 E1838.18769
G1 X117.847 Y124.725 E1838.1959
G1 F1037.7 X117.356 Y125.182 E1838.21766
G1 F1099.7 X117.255 Y125.22 E1838.22096
G1 F1143.2 X116.335 Y125.22 E1838.24804
G1 F1149.7 X115.862 Y125.572 E1838.2653
G1 F1143.2 X117.285 Y125.572 E1838.30718
G1 F1099.7 X117.507 Y125.559 E1838.31399
G1 F1037.7 X118.242 Y125.549 E1838.33782
G1 F1011.7 X121.269 Y125.552 E1838.4385
G1 X121.447 Y125.662 E1838.44546
G1 X121.545 Y125.904 E1838.45415
G1 F885.5 X121.528 Y126.148 E1838.46344
G1 F706.3 X121.422 Y126.328 E1838.47339
G1 F784.3 X121.952 Y126.212 E1838.49667
G1 F1011.7 X122.295 Y126.212 E1838.50808
G1 X122.354 Y126.221 E1838.51007
G1 F872.2 X122.724 Y126.207 E1838.52435
G1 F717.5 X122.695 Y126.141 E1838.52773
G1 F809.4 X122.755 Y125.889 E1838.5385
G1 F1011.7 X122.841 Y125.662 E1838.54657
G1 X122.985 Y125.555 E1838.55254
G1 X125.717 Y125.552 E1838.64341
G1 F899.3 X125.906 Y125.752 E1838.6537
G1 F806.2 X125.905 Y131.48 E1838.8928
G1 F743.9 X125.863 Y131.643 E1838.90041
G1 F741.2 X125.7 Y131.685 E1838.90806
G1 F806.2 X97.656 Y131.686 E1840.07865
G1 F746.7 X97.449 Y131.643 E1840.08818
G1 F742.6 X97.407 Y131.48 E1840.09581
G1 F806.2 X97.406 Y125.752 E1840.3349
G1 F899.3 X97.592 Y125.555 E1840.34504
G1 F1011.7 X100.264 Y125.552 E1840.43391
G1 X100.444 Y125.663 E1840.44095
G1 X100.546 Y125.9 E1840.44953
G1 F903.3 X100.532 Y126.123 E1840.45785
G1 F720.1 X100.424 Y126.331 E1840.4688
G1 F788.9 X100.952 Y126.212 E1840.49189
G1 F1011.7 X101.295 Y126.212 E1840.5033
G1 X101.354 Y126.221 E1840.50529
G1 F872.2 X101.724 Y126.207 E1840.51957
G1 F717.5 X101.695 Y126.141 E1840.52295
G1 F809.4 X101.755 Y125.889 E1840.53372
G1 F1011.7 X101.84 Y125.663 E1840.54175
G1 X101.985 Y125.555 E1840.54777
G1 X105.136 Y125.55 E1840.65257
G1 F1029.7 X105.801 Y125.557 E1840.6743
G1 F1093.8 X106.084 Y125.574 E1840.68302
G1 F1149.7 X107.447 Y125.571 E1840.72292
G1 X106.977 Y125.22 E1840.74009
G1 X106.084 Y125.22 E1840.76622
G1 F1093.8 X105.95 Y125.184 E1840.77049
G1 F1029.7 X105.45 Y124.713 E1840.79294
G1 F1011.7 X105.302 Y124.536 E1840.80061
G1 X96.856 Y124.536 E1841.08153
G1 X96.856 Y125.069 E1841.09926
G1 F899.3 X96.906 Y125.752 E1841.12488
G1 F806.2 X96.908 Y131.523 E1841.36577
G1 F742.6 X96.949 Y131.85 E1841.3807
G1 F691.8 X96.949 Y132.143 E1841.39496
G1 X97.242 Y132.143 E1841.40921
G1 F746.7 X97.656 Y132.186 E1841.42797
G1 F807.8 X111.433 Y132.185 E1842.00189
G1 F2400 E1841.20189
G0 F15000 X111.433 Y131.927
G0 X102.649 Y131.867
G0 X102.649 Y130.772
G0 X102.649 Y129.245
G0 X102.649 Y128.33
G1 F2400 E1842.00189
G1 F801.4 X102.656 Y128.172 E1842.00854
G1 F788.9 X102.629 Y127.749 E1842.02662
G1 F787.3 X102.564 Y127.452 E1842.03961
G1 F755 X102.469 Y127.14 E1842.05415
G1 F701.4 X102.276 Y126.755 E1842.07481
G1 F670 X101.99 Y126.415 E1842.09712
G1 F637.3 X101.73 Y126.22 E1842.11428
G0 F15000 X100.424 Y126.331
G1 F662.3 X100.185 Y126.558 E1842.13103
G1 F691.8 X100.01 Y126.804 E1842.14571
G1 F738.5 X99.863 Y127.068 E1842.15948
G1 F782.8 X99.745 Y127.463 E1842.1772
G1 F796.6 X99.677 Y127.836 E1842.19322
G1 F798.2 X99.657 Y128.173 E1842.20745
G1 F801.4 X99.661 Y128.33 E1842.21405
G1 F2400 E1841.41405
;MESH:NONMESH
G0 F300 X99.661 Y128.33 Z33.2
G0 F15000 X97.227 Y128.33
G0 X97.389 Y125.269
;TIME_ELAPSED:3042.639596
;LAYER:165
;note -- min layer time used
;TYPE:WALL-INNER
;MESH:Camera mount.stl(1)
G1 F2400 E1842.21405
G1 F638 X97.533 Y125.249 E1842.22187
G1 F663.6 X99.888 Y125.244 E1842.34367
G0 F15000 X100.487 Y125.726
G1 F893.4 X100.845 Y125.599 E1842.35826
G1 F921.3 X101.406 Y125.591 E1842.37916
G1 F893.4 X101.822 Y125.703 E1842.39571
G1 F863.5 X101.903 Y125.564 E1842.4021
G1 F742.4 X102.293 Y125.249 E1842.42528
G1 F758.8 X101.556 Y125.165 E1842.45883
G1 F921.3 X101.292 Y125.155 E1842.46867
G1 F933.9 X100.807 Y125.158 E1842.4865
G1 F778.8 X99.888 Y125.244 E1842.52718
G1 F754.6 X100.394 Y125.561 E1842.55434
G1 F863.5 X100.487 Y125.726 E1842.56186
G0 F15000 X100.849 Y125.397
G0 X101.463 Y125.401
G0 X102.293 Y125.249
G1 F663.6 X105.479 Y125.244 E1842.72664
G1 F2400 E1841.92664
G0 F15000 X97.095 Y124.975
G0 X97.095 Y131.999
G0 X126.219 Y131.999
G0 X126.219 Y124.976
G0 X117.83 Y125.244
G1 F2400 E1842.72664
G1 F670.1 X120.888 Y125.244 E1842.88327
G0 F15000 X121.488 Y125.727
G1 F874.5 X121.745 Y125.6 E1842.89453
G1 F901.2 X122.406 Y125.591 E1842.9197
G1 F893.4 X122.822 Y125.703 E1842.93625
G1 F863.5 X122.903 Y125.564 E1842.94264
G1 F742.4 X123.293 Y125.249 E1842.96582
G1 F758.8 X122.556 Y125.165 E1842.99937
G1 F921.3 X122.292 Y125.155 E1843.00922
G1 F933.9 X121.807 Y125.158 E1843.02704
G1 F778.8 X120.888 Y125.244 E1843.06772
G1 F754.6 X121.394 Y125.561 E1843.09488
G1 F863.5 X121.488 Y125.727 E1843.10246
G0 F15000 X121.848 Y125.398
G0 X122.462 Y125.401
G0 X123.293 Y125.249
G1 F663.6 X125.656 Y125.244 E1843.22467
G1 F643.9 X125.923 Y125.269 E1843.23896
G1 F2400 E1842.43896
G0 F15000 X122.877 Y125.509
G0 X122.686 Y125.83
G0 X123.072 Y126.301
;TYPE:WALL-OUTER
G1 F2400 E1843.23896
G1 F709.2 X123.279 Y126.56 E1843.25501
G1 F756 X123.421 Y126.844 E1843.26943
G1 F784.7 X123.555 Y127.22 E1843.28688
G1 F798.4 X123.615 Y127.484 E1843.29852
G1 F812.5 X123.663 Y127.862 E1843.31462
G1 F828.8 X123.638 Y128.27 E1843.33154
G1 F815.7 X123.599 Y128.523 E1843.34231
G1 F2400 E1842.54231
G0 F15000 X122.696 Y128.345
G0 X121.617 Y128.34
G0 X120.712 Y128.522
G1 F2400 E1843.34231
G1 F812.5 X120.647 Y128.091 E1843.36073
G1 F815.7 X120.682 Y127.556 E1843.38328
G1 F795.3 X120.782 Y127.098 E1843.40351
G1 F770.1 X120.959 Y126.692 E1843.42325
G1 F720.4 X121.143 Y126.408 E1843.43938
G1 F690.2 X121.202 Y126.34 E1843.44385
G1 F2400 E1842.64385
G0 F15000 X121.627 Y125.839
G0 X122.877 Y125.509
G0 X126.095 Y125.515
G0 X126.095 Y131.875
G0 X111.433 Y131.927
G0 X111.433 Y132.185
G1 F2400 E1843.44385
G1 F819 X125.743 Y132.184 E1844.04355
G1 F756 X126.07 Y132.143 E1844.05852
G1 F704.4 X126.363 Y132.143 E1844.07279
G1 X126.363 Y131.85 E1844.08707
G1 F758.8 X126.405 Y131.523 E1844.10198
G1 F822.2 X126.406 Y125.952 E1844.33452
G1 F917.2 X126.456 Y125.269 E1844.36015
G1 F1031.9 X126.456 Y124.736 E1844.37788
G1 X117.625 Y124.736 E1844.6716
G1 F1058.4 X116.944 Y125.381 E1844.70201
G1 F1118.6 X116.843 Y125.42 E1844.70534
G1 F1159.4 X115.82 Y125.421 E1844.73562
G1 F1166 X115.19 Y125.774 E1844.75687
G1 F1159.4 X116.873 Y125.774 E1844.80669
G1 F1118.6 X117.098 Y125.762 E1844.81361
G1 F1058.4 X117.83 Y125.752 E1844.83735
G1 F1031.9 X120.888 Y125.752 E1844.93906
G1 X121.047 Y125.829 E1844.94493
G1 X121.159 Y126.06 E1844.95347
G1 F982.8 X121.192 Y126.1 E1844.95528
G1 F796.8 X121.202 Y126.34 E1844.96563
G1 X121.485 Y126.201 E1844.97921
G1 F982.8 X121.535 Y126.19 E1844.981
G1 F1031.9 X121.898 Y126.015 E1844.9944
G1 X122.325 Y126.012 E1845.0086
G1 X122.618 Y126.106 E1845.01884
G1 X122.699 Y126.152 E1845.02193
G1 F911.2 X123.07 Y126.281 E1845.03673
G1 F798.4 X123.061 Y126.16 E1845.04195
G1 F889.6 X123.256 Y125.831 E1845.0567
G1 F1031.9 X123.381 Y125.755 E1845.06157
G1 X125.717 Y125.752 E1845.13926
G1 F917.2 X125.906 Y125.952 E1845.14956
G1 F822.2 X125.905 Y131.48 E1845.38031
G1 F758.8 X125.863 Y131.643 E1845.38792
G1 F756 X125.7 Y131.685 E1845.39556
G1 F822.2 X97.656 Y131.686 E1846.56616
G1 F761.6 X97.449 Y131.643 E1846.57569
G1 F757.4 X97.407 Y131.48 E1846.58332
G1 F822.2 X97.406 Y125.952 E1846.81406
G1 F917.2 X97.592 Y125.755 E1846.8242
G1 F1031.9 X99.888 Y125.752 E1846.90057
G1 X100.047 Y125.829 E1846.90644
G1 X100.156 Y126.069 E1846.91521
G1 F827.2 X100.205 Y126.337 E1846.92651
G1 F795.3 X100.484 Y126.201 E1846.93991
G1 F982.8 X100.528 Y126.194 E1846.94146
G1 F1031.9 X100.898 Y126.015 E1846.95513
G1 X101.325 Y126.012 E1846.96934
G1 X101.618 Y126.106 E1846.97957
G1 X101.699 Y126.152 E1846.98267
G1 F911.2 X102.07 Y126.281 E1846.99746
G1 F798.4 X102.061 Y126.16 E1847.00268
G1 F889.6 X102.256 Y125.831 E1847.01744
G1 F1031.9 X102.381 Y125.755 E1847.0223
G1 X105.479 Y125.752 E1847.12534
G1 F1047.6 X106.215 Y125.759 E1847.14945
G1 F1115.6 X106.5 Y125.775 E1847.15824
G1 F1166 X108.122 Y125.774 E1847.20598
G1 X107.492 Y125.421 E1847.22724
G1 X106.5 Y125.421 E1847.25644
G1 F1115.6 X106.366 Y125.384 E1847.26071
G1 F1047.6 X105.683 Y124.736 E1847.29156
G1 F1031.9 X96.856 Y124.736 E1847.58515
G1 X96.856 Y125.269 E1847.60287
G1 F917.2 X96.906 Y125.952 E1847.6285
G1 F822.2 X96.908 Y131.523 E1847.86104
G1 F757.4 X96.949 Y131.85 E1847.87597
G1 F705.6 X96.949 Y132.143 E1847.89023
G1 X97.242 Y132.143 E1847.90448
G1 F761.6 X97.656 Y132.186 E1847.92324
G1 F823.9 X111.433 Y132.185 E1848.49716
G1 F2400 E1847.69716
G0 F15000 X111.433 Y131.927
G0 X102.599 Y131.867
G0 X102.599 Y130.772
G0 X102.599 Y129.445
G0 X102.599 Y128.523
G1 F2400 E1848.49716
G1 F815.7 X102.638 Y128.27 E1848.50793
G1 F828.8 X102.663 Y127.862 E1848.52486
G1 F812.5 X102.615 Y127.484 E1848.54096
G1 F798.4 X102.555 Y127.22 E1848.55259
G1 F784.7 X102.421 Y126.844 E1848.57005
G1 F756 X102.279 Y126.56 E1848.58447
G1 F709.2 X102.072 Y126.301 E1848.60051
G1 F2400 E1847.80051
G0 F15000 X101.685 Y125.83
G0 X101.36 Y125.766
G0 X101.072 Y125.766
G0 X100.626 Y125.84
G0 X100.205 Y126.337
G1 F2400 E1848.60051
G1 F690.2 X100.143 Y126.407 E1848.60516
G1 F726.7 X99.937 Y126.73 E1848.62326
G1 F775.9 X99.781 Y127.106 E1848.64126
G1 F795.3 X99.682 Y127.556 E1848.66115
G1 F815.7 X99.647 Y128.091 E1848.68371
G1 F812.5 X99.712 Y128.522 E1848.70212
G1 F2400 E1847.90212
;MESH:NONMESH
G0 F300 X99.712 Y128.522 Z33.4
G0 F15000 X98.804 Y128.665
G0 X98.322 Y128.522
G0 X97.389 Y125.469
;TIME_ELAPSED:3058.819182
;LAYER:166
;note -- min layer time used
;TYPE:WALL-INNER
;MESH:Camera mount.stl(1)
G1 F2400 E1848.70212
G1 F628.7 X97.533 Y125.449 E1848.70994
G1 F654 X99.808 Y125.444 E1848.8276
G1 F598.2 X100.233 Y125.508 E1848.8519
G1 F594.7 X100.542 Y125.447 E1848.86982
G1 F656.1 X101.651 Y125.444 E1848.92699
G1 F598.2 X102.076 Y125.509 E1848.9513
G1 F593 X102.381 Y125.449 E1848.96903
G1 F655 X105.898 Y125.443 E1849.15063
G1 F2400 E1848.35063
G0 F15000 X97.095 Y125.175
G0 X97.095 Y131.999
G0 X126.219 Y131.999
G0 X126.219 Y125.176
G0 X117.41 Y125.443
G1 F2400 E1849.15063
G1 F661.4 X120.808 Y125.444 E1849.3244
G1 F598.2 X121.233 Y125.508 E1849.3487
G1 F594.7 X121.542 Y125.447 E1849.36661
G1 F656.1 X122.651 Y125.444 E1849.42379
G1 F598.2 X123.076 Y125.509 E1849.4481
G1 F593 X123.381 Y125.449 E1849.46583
G1 F654 X125.656 Y125.444 E1849.58349
G1 F634.6 X125.923 Y125.469 E1849.59778
G1 F2400 E1848.79778
G0 F15000 X123.263 Y125.643
G0 X123.262 Y126.332
;TYPE:WALL-OUTER
G1 F2400 E1849.59778
G1 F727.7 X123.438 Y126.675 E1849.6157
G1 F777.8 X123.556 Y127.022 E1849.63164
G1 F786.8 X123.615 Y127.284 E1849.64319
G1 F800.7 X123.663 Y127.664 E1849.65937
G1 F815.2 X123.635 Y128.104 E1849.67766
G1 F802.3 X123.568 Y128.477 E1849.69364
G1 F780.7 X123.492 Y128.715 E1849.70446
G1 F2400 E1848.90446
G0 F15000 X122.587 Y128.485
G0 X121.691 Y128.385
G0 X120.82 Y128.713
G1 F2400 E1849.70446
G1 F786.8 X120.713 Y128.382 E1849.71941
G1 F810.3 X120.649 Y127.88 E1849.74054
G1 F800.7 X120.683 Y127.354 E1849.7628
G1 F791.4 X120.755 Y127.022 E1849.77732
G1 F776.3 X120.874 Y126.676 E1849.79326
G1 F729 X121.046 Y126.335 E1849.81098
G1 F2400 E1849.01098
G0 F15000 X121.047 Y125.642
G0 X126.095 Y125.715
G0 X126.095 Y131.875
G0 X111.433 Y131.927
G0 X111.433 Y132.185
G1 F2400 E1849.81098
G1 F807.1 X125.743 Y132.184 E1850.41068
G1 F745 X126.07 Y132.143 E1850.42565
G1 F694.1 X126.363 Y132.143 E1850.43992
G1 X126.363 Y131.85 E1850.4542
G1 F747.7 X126.405 Y131.523 E1850.46911
G1 F810.3 X126.406 Y126.152 E1850.69331
G1 F903.9 X126.456 Y125.469 E1850.71893
G1 F1016.9 X126.456 Y124.936 E1850.73666
G1 X117.208 Y124.936 E1851.04425
G1 X116.929 Y125.2 E1851.05702
G1 F1045.7 X116.349 Y125.62 E1851.08019
G1 F1114.4 X115.11 Y125.62 E1851.11779
G1 F1155.6 X114.754 Y125.816 E1851.12968
G1 X114.356 Y125.972 E1851.1422
G1 F1149.1 X116.333 Y125.972 E1851.20039
G1 F1076.1 X117.179 Y125.949 E1851.22699
G1 F1016.9 X120.808 Y125.952 E1851.34769
G1 X120.919 Y125.985 E1851.35154
G1 F858.2 X121.061 Y126.26 E1851.36374
G1 F783.8 X121.048 Y126.324 E1851.36656
G1 F912 X121.629 Y125.951 E1851.39216
G1 F1016.9 X122.649 Y125.952 E1851.42609
G1 X122.761 Y125.986 E1851.42998
G1 F825.1 X123.262 Y126.332 E1851.45494
G1 F714.9 X123.249 Y126.26 E1851.4584
G1 F854.6 X123.347 Y126.026 E1851.46844
G1 F1016.9 X123.469 Y125.955 E1851.47314
G1 X125.717 Y125.952 E1851.54791
G1 F903.9 X125.906 Y126.152 E1851.5582
G1 F810.3 X125.905 Y131.48 E1851.7806
G1 F747.7 X125.863 Y131.643 E1851.78822
G1 F745 X125.7 Y131.685 E1851.79586
G1 F810.3 X97.656 Y131.686 E1852.96646
G1 F750.5 X97.449 Y131.643 E1852.97598
G1 F746.4 X97.407 Y131.48 E1852.98361
G1 F810.3 X97.406 Y126.152 E1853.20601
G1 F903.9 X97.592 Y125.955 E1853.21615
G1 F1016.9 X99.808 Y125.952 E1853.28985
G1 X99.919 Y125.985 E1853.2937
G1 F858.2 X100.061 Y126.26 E1853.3059
G1 F783.8 X100.048 Y126.324 E1853.30872
G1 F912 X100.629 Y125.951 E1853.33433
G1 F1016.9 X101.649 Y125.952 E1853.36825
G1 X101.761 Y125.986 E1853.37214
G1 F825.1 X102.262 Y126.332 E1853.3971
G1 F714.9 X102.249 Y126.26 E1853.40056
G1 F854.6 X102.347 Y126.026 E1853.41061
G1 F1016.9 X102.469 Y125.955 E1853.4153
G1 X106.123 Y125.949 E1853.53683
G1 F1043 X106.799 Y125.96 E1853.55876
G1 F1108.4 X107.036 Y125.974 E1853.566
G1 F1155.6 X108.952 Y125.971 E1853.62208
G1 X108.556 Y125.817 E1853.63452
G1 X108.202 Y125.62 E1853.64638
G1 F1133.1 X106.954 Y125.62 E1853.68363
G1 F1062.1 X106.375 Y125.196 E1853.70648
G1 F1016.9 X106.1 Y124.936 E1853.71907
G1 X96.856 Y124.936 E1854.02653
G1 X96.856 Y125.469 E1854.04426
G1 F903.9 X96.906 Y126.152 E1854.06988
G1 F810.3 X96.908 Y131.523 E1854.29407
G1 F746.4 X96.949 Y131.85 E1854.30901
G1 F695.3 X96.949 Y132.143 E1854.32326
G1 X97.242 Y132.143 E1854.33751
G1 F750.5 X97.656 Y132.186 E1854.35627
G1 F811.9 X111.433 Y132.185 E1854.9302
G1 F2400 E1854.1302
G0 F15000 X111.433 Y131.927
G0 X102.492 Y131.867
G0 X102.492 Y130.772
G0 X102.492 Y129.645
G0 X102.492 Y128.715
G1 F2400 E1854.9302
G1 F780.7 X102.568 Y128.477 E1854.94102
G1 F802.3 X102.635 Y128.104 E1854.957
G1 F815.2 X102.663 Y127.664 E1854.97529
G1 F800.7 X102.615 Y127.284 E1854.99147
G1 F786.8 X102.556 Y127.022 E1855.00302
G1 F777.8 X102.438 Y126.675 E1855.01895
G1 F727.7 X102.262 Y126.332 E1855.03687
G1 F2400 E1854.23687
G0 F15000 X102.262 Y125.641
G0 X100.046 Y125.642
G0 X100.046 Y126.335
G1 F2400 E1855.03687
G1 F729 X99.874 Y126.676 E1855.05459
G1 F776.3 X99.755 Y127.022 E1855.07054
G1 F791.4 X99.683 Y127.354 E1855.08506
G1 F800.7 X99.649 Y127.88 E1855.10732
G1 F810.3 X99.713 Y128.382 E1855.12844
G1 F786.8 X99.82 Y128.713 E1855.1434
G1 F2400 E1854.3434
;MESH:NONMESH
G0 F300 X99.82 Y128.713 Z33.6
G0 F15000 X98.892 Y128.876
G0 X98.322 Y128.713
G0 X97.389 Y125.669
;TIME_ELAPSED:3074.720397
;LAYER:167
;note -- min layer time used
;TYPE:WALL-INNER
;MESH:Camera mount.stl(1)
G1 F2400 E1855.1434
G1 F649 X97.533 Y125.649 E1855.15122
G1 F675.1 X99.636 Y125.644 E1855.25999
G1 F647 X99.942 Y125.677 E1855.2766
G1 F643 X100.134 Y125.647 E1855.28715
G1 F677.2 X102.062 Y125.644 E1855.38654
G1 F646 X102.368 Y125.677 E1855.40318
G1 F640.1 X102.553 Y125.649 E1855.41338
G1 F675.1 X106.392 Y125.644 E1855.61193
G1 F2400 E1854.81193
G0 F15000 X97.219 Y125.914
G0 X97.219 Y131.875
G0 X126.095 Y131.875
G0 X126.095 Y125.915
G0 X116.92 Y125.644
G1 F2400 E1855.61193
G1 F681.6 X120.636 Y125.644 E1855.80227
G1 F647 X120.942 Y125.677 E1855.81888
G1 F643 X121.134 Y125.647 E1855.82943
G1 F677.2 X123.062 Y125.644 E1855.92882
G1 F646 X123.368 Y125.677 E1855.94546
G1 F640.1 X123.553 Y125.649 E1855.95567
G1 F675.1 X125.656 Y125.644 E1856.06443
G1 F655 X125.923 Y125.669 E1856.07872
G1 F2400 E1855.27872
G0 F15000 X123.424 Y125.843
G0 X123.424 Y126.446
;TYPE:WALL-OUTER
G1 F2400 E1856.07872
G1 F799.8 X123.556 Y126.822 E1856.09612
G1 F812.2 X123.614 Y127.081 E1856.10753
G1 F820.1 X123.663 Y127.463 E1856.12393
G1 F826.5 X123.63 Y127.989 E1856.14619
G1 F816.9 X123.557 Y128.318 E1856.16059
G1 F801.3 X123.449 Y128.638 E1856.17531
G1 F760.7 X123.323 Y128.896 E1856.18849
G1 F2400 E1855.38849
G0 F15000 X120.985 Y128.898
G1 F2400 E1856.18849
G1 F766.2 X120.931 Y128.805 E1856.19339
G1 F787.8 X120.783 Y128.416 E1856.21183
G1 F799.8 X120.698 Y128.061 E1856.22777
G1 F826.5 X120.649 Y127.681 E1856.24395
G1 F841.4 X120.677 Y127.241 E1856.26224
G1 F824.9 X120.747 Y126.819 E1856.28035
G1 F796.7 X120.888 Y126.444 E1856.29791
G1 F2400 E1855.49791
G0 F15000 X120.888 Y125.843
G0 X126.095 Y125.915
G0 X126.095 Y131.875
G0 X111.433 Y131.927
G0 X111.433 Y132.185
G1 F2400 E1856.29791
G1 F833.1 X125.743 Y132.184 E1856.89761
G1 F769 X126.07 Y132.143 E1856.91257
G1 F716.5 X126.363 Y132.143 E1856.92684
G1 X126.363 Y131.85 E1856.94112
G1 F771.8 X126.405 Y131.523 E1856.95603
G1 F836.4 X126.406 Y126.352 E1857.17188
G1 F933.1 X126.456 Y125.669 E1857.1975
G1 F1049.7 X126.456 Y125.136 E1857.21523
G1 X116.751 Y125.136 E1857.53802
G1 F1099.2 X115.818 Y125.82 E1857.57477
G1 F1166.3 X114.241 Y125.821 E1857.62197
G1 F1186.1 X113.732 Y126.017 E1857.63803
G1 X113.048 Y126.175 E1857.65869
G1 F1179.4 X115.801 Y126.174 E1857.74018
G1 F1110.8 X116.92 Y126.152 E1857.77536
G1 F1049.7 X120.693 Y126.152 E1857.90085
G1 F999.7 X120.825 Y126.238 E1857.90636
G1 F858.7 X120.888 Y126.444 E1857.91511
G1 X121.065 Y126.236 E1857.92622
G1 F999.7 X121.221 Y126.151 E1857.93242
G1 F1049.7 X123.117 Y126.152 E1857.99548
G1 F997.3 X123.252 Y126.241 E1858.00115
G1 F856.9 X123.424 Y126.446 E1858.01205
G1 X123.484 Y126.241 E1858.02075
G1 F997.3 X123.641 Y126.155 E1858.02702
G1 F1049.7 X125.717 Y126.152 E1858.09607
G1 F933.1 X125.906 Y126.352 E1858.10636
G1 F836.4 X125.905 Y131.48 E1858.32041
G1 F771.8 X125.863 Y131.643 E1858.32803
G1 F769 X125.7 Y131.685 E1858.33567
G1 F836.4 X97.656 Y131.686 E1859.50627
G1 F774.7 X97.449 Y131.643 E1859.51579
G1 F770.4 X97.407 Y131.48 E1859.52342
G1 F836.4 X97.406 Y126.352 E1859.73747
G1 F933.1 X97.592 Y126.155 E1859.74761
G1 F1049.7 X99.693 Y126.152 E1859.81749
G1 F999.7 X99.825 Y126.238 E1859.82299
G1 F858.7 X99.888 Y126.444 E1859.83175
G1 X100.065 Y126.236 E1859.84286
G1 F999.7 X100.221 Y126.151 E1859.84906
G1 F1049.7 X102.117 Y126.152 E1859.91212
G1 F997.3 X102.252 Y126.241 E1859.91778
G1 F856.9 X102.424 Y126.446 E1859.92868
G1 X102.484 Y126.241 E1859.93739
G1 F997.3 X102.641 Y126.155 E1859.94365
G1 F1049.7 X106.392 Y126.152 E1860.06841
G1 F1076.6 X107.336 Y126.162 E1860.09903
G1 F1141 X107.572 Y126.175 E1860.10626
G1 F1186.1 X110.252 Y126.174 E1860.18515
G1 X109.572 Y126.017 E1860.20569
G1 X109.066 Y125.821 E1860.22166
G1 F1166.3 X107.492 Y125.821 E1860.26878
G1 F1093.4 X106.561 Y125.136 E1860.30568
G1 F1049.7 X96.856 Y125.136 E1860.62847
G1 X96.856 Y125.669 E1860.6462
G1 F933.1 X96.906 Y126.352 E1860.67182
G1 F836.4 X96.908 Y131.523 E1860.88767
G1 F770.4 X96.949 Y131.85 E1860.9026
G1 F717.7 X96.949 Y132.143 E1860.91686
G1 X97.242 Y132.143 E1860.93111
G1 F774.7 X97.656 Y132.186 E1860.94987
G1 F838.1 X111.433 Y132.185 E1861.52379
G1 F2400 E1860.72379
G0 F15000 X111.433 Y131.927
G0 X102.323 Y131.867
G0 X102.323 Y130.772
G0 X102.323 Y129.845
G0 X102.323 Y128.896
G1 F2400 E1861.52379
G1 F760.7 X102.449 Y128.638 E1861.53697
G1 F801.3 X102.557 Y128.318 E1861.55169
G1 F816.9 X102.63 Y127.989 E1861.56609
G1 F826.5 X102.663 Y127.463 E1861.58835
G1 F820.1 X102.614 Y127.081 E1861.60475
G1 F812.2 X102.556 Y126.822 E1861.61616
G1 F799.8 X102.424 Y126.446 E1861.63356
G1 F2400 E1860.83356
G0 F15000 X102.424 Y125.843
G0 X99.889 Y125.843
G0 X99.888 Y126.444
G1 F2400 E1861.63356
G1 F796.7 X99.747 Y126.819 E1861.65111
G1 F824.9 X99.677 Y127.241 E1861.66922
G1 F841.4 X99.649 Y127.681 E1861.68751
G1 F826.5 X99.698 Y128.061 E1861.70369
G1 F799.8 X99.783 Y128.416 E1861.71963
G1 F787.8 X99.931 Y128.805 E1861.73807
G1 F766.2 X99.985 Y128.898 E1861.74297
G1 F2400 E1860.94297
;MESH:NONMESH
G0 F300 X99.985 Y128.898 Z33.8
G0 F15000 X99.118 Y129.267
G0 X98.322 Y128.898
G0 X97.389 Y125.869
;TIME_ELAPSED:3090.503541
;LAYER:168
;note -- min layer time used
;TYPE:WALL-INNER
;MESH:Camera mount.stl(1)
G1 F2400 E1861.74297
G1 F672.9 X97.533 Y125.849 E1861.7508
G1 F699.9 X99.496 Y125.844 E1861.85232
G1 F680.2 X99.757 Y125.868 E1861.86627
G1 F676 X99.906 Y125.847 E1861.87433
G1 F702.2 X102.285 Y125.844 E1861.99697
G1 F679.2 X102.55 Y125.869 E1862.01116
G1 F672.9 X102.693 Y125.849 E1862.01893
G1 F699.9 X106.925 Y125.844 E1862.2378
G1 F2400 E1861.4378
G0 F15000 X97.095 Y125.575
G0 X97.095 Y131.999
G0 X126.219 Y131.999
G0 X126.219 Y125.576
G0 X116.385 Y125.844
G1 F2400 E1862.2378
G1 F706.7 X120.496 Y125.844 E1862.44837
G1 F680.2 X120.757 Y125.868 E1862.46232
G1 F676 X120.906 Y125.847 E1862.47038
G1 F702.2 X123.285 Y125.844 E1862.59302
G1 F680.2 X123.545 Y125.868 E1862.60692
G1 F676 X123.694 Y125.847 E1862.61498
G1 F702.2 X125.658 Y125.844 E1862.71623
G1 F679.2 X125.923 Y125.869 E1862.73041
G1 F2400 E1861.93041
G0 F15000 X123.559 Y126.041
G0 X123.558 Y126.589
;TYPE:WALL-OUTER
G1 F2400 E1862.73041
G1 F848.6 X123.665 Y127.233 E1862.75826
G1 F853.6 X123.63 Y127.788 E1862.78184
G1 F847 X123.557 Y128.118 E1862.79629
G1 F827.6 X123.434 Y128.485 E1862.81322
G1 F780.2 X123.24 Y128.834 E1862.83174
G1 F735.4 X123.037 Y129.076 E1862.84729
G1 F2400 E1862.04729
G0 F15000 X121.274 Y129.076
G1 F2400 E1862.84729
G1 F735.4 X121.062 Y128.822 E1862.86358
G1 F783 X120.861 Y128.435 E1862.88374
G1 F837.2 X120.714 Y127.987 E1862.90413
G1 F870.7 X120.649 Y127.483 E1862.92525
G1 F867.2 X120.684 Y126.989 E1862.94593
G1 F848.6 X120.754 Y126.592 E1862.96312
G1 F2400 E1862.16312
G0 F15000 X120.755 Y126.042
G0 X126.095 Y126.115
G0 X126.095 Y131.875
G0 X111.441 Y131.947
G0 X111.441 Y131.686
G1 F2400 E1862.96312
G1 F870.7 X97.656 Y131.686 E1863.53624
G1 F803.2 X97.449 Y131.643 E1863.54576
G1 F798.8 X97.407 Y131.48 E1863.55339
G1 F867.2 X97.406 Y126.552 E1863.75909
G1 F967.4 X97.592 Y126.355 E1863.76923
G1 F1088.4 X99.552 Y126.352 E1863.83442
G1 F976.1 X99.737 Y126.501 E1863.84323
G1 F860.4 X99.754 Y126.592 E1863.84713
G1 X99.787 Y126.5 E1863.85124
G1 F976.1 X99.97 Y126.348 E1863.86006
G1 F1088.4 X102.285 Y126.352 E1863.93706
G1 X102.402 Y126.389 E1863.94114
G1 F973.9 X102.527 Y126.503 E1863.94743
G1 F855.3 X102.558 Y126.593 E1863.95146
G1 X102.573 Y126.503 E1863.95532
G1 F973.9 X102.781 Y126.355 E1863.96481
G1 F1088.4 X107.146 Y126.352 E1864.10999
G1 F1122 X108.13 Y126.364 E1864.14173
G1 F1196 X108.316 Y126.375 E1864.14737
G1 F1229.8 X110.432 Y126.375 E1864.20966
G1 F1335.4 X111.678 Y126.403 E1864.24344
G1 F1331.3 X112.876 Y126.375 E1864.27603
G1 F1222.9 X115.053 Y126.374 E1864.34047
G1 F1151.7 X116.17 Y126.352 E1864.37558
G1 F1088.4 X120.552 Y126.352 E1864.52133
G1 F976.1 X120.737 Y126.501 E1864.53014
G1 F860.4 X120.754 Y126.592 E1864.53403
G1 X120.787 Y126.5 E1864.53815
G1 F976.1 X120.97 Y126.348 E1864.54697
G1 F1088.4 X123.285 Y126.352 E1864.62396
G1 X123.401 Y126.389 E1864.62801
G1 F971.7 X123.529 Y126.503 E1864.6344
G1 F853.6 X123.558 Y126.589 E1864.63825
G1 X123.571 Y126.502 E1864.64198
G1 F971.7 X123.758 Y126.348 E1864.651
G1 F1088.4 X125.717 Y126.352 E1864.71616
G1 F967.4 X125.906 Y126.552 E1864.72646
G1 F867.2 X125.905 Y131.48 E1864.93216
G1 F800.3 X125.863 Y131.643 E1864.93977
G1 F797.3 X125.7 Y131.685 E1864.94741
G1 F865.5 X111.441 Y131.686 E1865.54379
G0 F15000 X111.433 Y132.185
G1 F863.8 X125.743 Y132.184 E1866.14349
G1 F797.3 X126.07 Y132.143 E1866.15845
G1 F742.9 X126.363 Y132.143 E1866.17273
G1 X126.363 Y131.85 E1866.18701
G1 F800.3 X126.405 Y131.523 E1866.20192
G1 F867.2 X126.406 Y126.552 E1866.40942
G1 F967.4 X126.456 Y125.869 E1866.43504
G1 F1088.4 X126.456 Y125.336 E1866.45277
G1 X116.215 Y125.336 E1866.79339
G1 X115.955 Y125.531 E1866.8042
G1 F1119.1 X115.055 Y126.02 E1866.83733
G1 F1189.5 X112.856 Y126.021 E1866.90425
G1 F1258.2 X112.709 Y126.047 E1866.90854
G1 F1364.7 X111.645 Y126.105 E1866.93681
G1 F1360.4 X110.589 Y126.046 E1866.96495
G1 F1254.6 X110.452 Y126.021 E1866.96897
G1 F1216 X108.248 Y126.021 E1867.03458
G1 F1139.6 X107.34 Y125.521 E1867.0675
G1 F1088.4 X107.093 Y125.336 E1867.07776
G1 X96.856 Y125.336 E1867.41825
G1 X96.856 Y125.869 E1867.43598
G1 F967.4 X96.906 Y126.552 E1867.4616
G1 F867.2 X96.908 Y131.523 E1867.6691
G1 F798.8 X96.949 Y131.85 E1867.68403
G1 F744.2 X96.949 Y132.143 E1867.69828
G1 X97.242 Y132.143 E1867.71254
G1 F803.2 X97.656 Y132.186 E1867.7313
G1 F868.9 X111.433 Y132.185 E1868.30522
G1 F2400 E1867.50522
G0 F15000 X111.433 Y131.927
G0 X102.037 Y131.867
G0 X102.037 Y130.772
G0 X102.038 Y130.045
G0 X102.037 Y129.076
G1 F2400 E1868.30522
G1 F735.4 X102.24 Y128.834 E1868.32077
G1 F780.2 X102.434 Y128.485 E1868.3393
G1 F827.6 X102.557 Y128.118 E1868.35623
G1 F847 X102.63 Y127.788 E1868.37067
G1 F853.6 X102.665 Y127.233 E1868.39425
G1 F848.6 X102.558 Y126.593 E1868.42193
G1 F2400 E1867.62193
G0 F15000 X102.559 Y126.042
G0 X99.755 Y126.042
G0 X99.754 Y126.592
G1 F2400 E1868.42193
G1 F848.6 X99.684 Y126.989 E1868.43913
G1 F867.2 X99.649 Y127.483 E1868.4598
G1 F855.3 X99.698 Y127.861 E1868.47593
G1 F827.6 X99.783 Y128.216 E1868.4919
G1 F816.8 X99.879 Y128.476 E1868.50418
G1 F791.5 X100.092 Y128.873 E1868.52479
G1 F741.6 X100.275 Y129.076 E1868.53813
G1 F2400 E1867.73813
;MESH:NONMESH
G0 F300 X100.275 Y129.076 Z34
G0 F15000 X100.831 Y128.255
G0 X100.572 Y127.204
G0 X97.389 Y126.069
;TIME_ELAPSED:3106.279824
;LAYER:169
;note -- min layer time used
;TYPE:WALL-INNER
;MESH:Camera mount.stl(1)
G1 F2400 E1868.53813
G1 F682.7 X97.533 Y126.049 E1868.54595
G1 F710.2 X99.412 Y126.044 E1868.64313
G1 F690.2 X99.673 Y126.068 E1868.65708
G1 F685.9 X99.822 Y126.047 E1868.66513
G1 F712.5 X102.369 Y126.044 E1868.79644
G1 F692.4 X102.619 Y126.066 E1868.80975
G1 F688.1 X102.758 Y126.047 E1868.81724
G1 F713.6 X107.587 Y126.043 E1869.06579
G1 F2400 E1868.26579
G0 F15000 X97.095 Y125.775
G0 X97.095 Y131.999
G0 X126.219 Y131.999
G0 X126.219 Y125.776
G0 X115.724 Y126.043
G1 F2400 E1869.06579
G1 F718.3 X120.412 Y126.044 E1869.30552
G1 F690.2 X120.673 Y126.068 E1869.31947
G1 F685.9 X120.822 Y126.047 E1869.32753
G1 F712.5 X123.369 Y126.044 E1869.45884
G1 F692.4 X123.619 Y126.066 E1869.47215
G1 F688.1 X123.758 Y126.047 E1869.47964
G1 F712.5 X125.658 Y126.044 E1869.57759
G1 F689.1 X125.923 Y126.069 E1869.59178
G1 F2400 E1868.79178
G0 F15000 X123.625 Y126.241
G0 X123.624 Y126.723
;TYPE:WALL-OUTER
G1 F2400 E1869.59178
G1 F869.6 X123.653 Y127.044 E1869.60539
G1 F876.5 X123.636 Y127.562 E1869.62711
G1 F867.8 X123.557 Y127.917 E1869.6425
G1 F843 X123.398 Y128.374 E1869.66359
G1 F793.1 X123.243 Y128.621 E1869.67709
G1 F736.2 X122.987 Y128.925 E1869.69692
G1 F682.7 X122.703 Y129.136 E1869.71595
G1 F648.7 X122.477 Y129.236 E1869.72995
G1 F664.3 X122.156 Y129.26 E1869.74775
G1 F665.3 X121.835 Y129.236 E1869.76552
G1 F655.4 X121.598 Y129.136 E1869.77994
G1 F690.2 X121.323 Y128.93 E1869.79822
G1 F739.9 X121.062 Y128.622 E1869.81826
G1 F804.6 X120.814 Y128.144 E1869.84284
G1 F852.8 X120.677 Y127.574 E1869.86809
G1 F873 X120.658 Y127.07 E1869.88931
G1 F852.8 X120.678 Y126.718 E1869.9045
G1 F2400 E1869.1045
G0 F15000 X120.679 Y126.242
G0 X126.095 Y126.315
G0 X126.095 Y131.875
G0 X111.441 Y131.947
G0 X111.441 Y131.686
G1 F2400 E1869.9045
G1 F883.5 X97.656 Y131.686 E1870.47761
G1 F815 X97.449 Y131.643 E1870.48714
G1 F810.5 X97.407 Y131.48 E1870.49477
G1 F879.9 X97.406 Y126.752 E1870.69212
G1 F981.6 X97.592 Y126.555 E1870.70226
G1 F1104.3 X99.412 Y126.552 E1870.76279
G1 F1072.2 X99.538 Y126.58 E1870.76722
G1 F920.3 X99.678 Y126.718 E1870.77506
G1 X99.815 Y126.578 E1870.78288
G1 F1072.2 X99.909 Y126.551 E1870.78623
G1 F1104.3 X102.369 Y126.552 E1870.86805
G1 F1077.4 X102.49 Y126.58 E1870.87229
G1 F945.9 X102.624 Y126.723 E1870.87989
G1 X102.756 Y126.578 E1870.88751
G1 F1077.4 X102.845 Y126.551 E1870.89068
G1 F1104.3 X108.268 Y126.549 E1871.07105
G1 F1174.8 X109.272 Y126.573 E1871.10245
G1 F1244.3 X114.097 Y126.573 E1871.24487
G1 F1168.6 X115.04 Y126.55 E1871.27452
G1 F1104.3 X120.412 Y126.552 E1871.4532
G1 F1072.2 X120.538 Y126.58 E1871.45762
G1 F920.3 X120.678 Y126.718 E1871.46546
G1 X120.815 Y126.578 E1871.47328
G1 F1072.2 X120.909 Y126.551 E1871.47663
G1 F1104.3 X123.369 Y126.552 E1871.55845
G1 F1077.4 X123.49 Y126.58 E1871.56269
G1 F945.9 X123.624 Y126.723 E1871.5703
G1 F956.1 X123.781 Y126.551 E1871.57924
G1 F1090.7 X125.717 Y126.552 E1871.64444
G1 F981.6 X125.906 Y126.752 E1871.65473
G1 F879.9 X125.905 Y131.48 E1871.85209
G1 F812 X125.863 Y131.643 E1871.8597
G1 F809 X125.7 Y131.685 E1871.86734
G1 F878.2 X111.441 Y131.686 E1872.46372
G0 F15000 X111.433 Y132.185
G1 F876.5 X125.743 Y132.184 E1873.06342
G1 F809 X126.07 Y132.143 E1873.07838
G1 F753.8 X126.363 Y132.143 E1873.09266
G1 X126.363 Y131.85 E1873.10694
G1 F812 X126.405 Y131.523 E1873.12185
G1 F879.9 X126.406 Y126.752 E1873.321
G1 F981.6 X126.456 Y126.069 E1873.34662
G1 F1104.3 X126.456 Y125.536 E1873.36435
G1 X115.593 Y125.536 E1873.72566
G1 X114.918 Y125.911 E1873.75134
G1 F1156.4 X114.104 Y126.214 E1873.77893
G1 F1206.9 X109.204 Y126.215 E1873.92805
G1 F1150.3 X108.39 Y125.911 E1873.95579
G1 F1104.3 X107.719 Y125.536 E1873.98136
G1 X96.856 Y125.536 E1874.34266
G1 X96.856 Y126.069 E1874.36039
G1 F981.6 X96.906 Y126.752 E1874.38602
G1 F879.9 X96.908 Y131.523 E1874.58517
G1 F810.5 X96.949 Y131.85 E1874.6001
G1 F755.1 X96.949 Y132.143 E1874.61435
G1 X97.242 Y132.143 E1874.6286
G1 F815 X97.656 Y132.186 E1874.64736
G1 F881.7 X111.433 Y132.185 E1875.22129
G1 F2400 E1874.42129
G0 F15000 X111.433 Y131.927
G0 X97.219 Y131.875
G0 X97.219 Y126.315
G0 X102.624 Y126.241
G0 X102.624 Y126.723
G1 F2400 E1875.22129
G1 F869.6 X102.653 Y127.044 E1875.2349
G1 F876.5 X102.636 Y127.562 E1875.25662
G1 F867.8 X102.557 Y127.917 E1875.27202
G1 F843 X102.398 Y128.374 E1875.2931
G1 F793.1 X102.243 Y128.621 E1875.3066
G1 F736.2 X101.987 Y128.925 E1875.32643
G1 F682.7 X101.703 Y129.136 E1875.34547
G1 F648.7 X101.477 Y129.236 E1875.35946
G1 F664.3 X101.156 Y129.26 E1875.37726
G1 F665.3 X100.835 Y129.236 E1875.39503
G1 F655.4 X100.598 Y129.136 E1875.40945
G1 F690.2 X100.323 Y128.93 E1875.42773
G1 F739.9 X100.062 Y128.622 E1875.44777
G1 F804.6 X99.814 Y128.144 E1875.47236
G1 F852.8 X99.677 Y127.574 E1875.49761
G1 F873 X99.658 Y127.07 E1875.51883
G1 F852.8 X99.678 Y126.718 E1875.53401
;MESH:NONMESH
G0 F300 X99.678 Y126.718 Z34.2
G0 F15000 X99.679 Y126.242
G0 X97.39 Y126.242
G0 X97.389 Y126.269
;TIME_ELAPSED:3121.782982
;LAYER:170
;note -- min layer time used
;TYPE:WALL-INNER
;MESH:Camera mount.stl(1)
G1 F678.8 X97.533 Y126.249 E1875.54183
G1 F706.1 X99.396 Y126.244 E1875.63819
G1 F688.4 X99.647 Y126.266 E1875.65156
G1 F684.1 X99.786 Y126.247 E1875.65904
G1 F708.4 X102.405 Y126.244 E1875.79406
G1 F688.4 X102.655 Y126.266 E1875.80738
G1 F684.1 X102.794 Y126.247 E1875.81487
G1 F709.5 X108.358 Y126.243 E1876.10124
G1 F2400 E1875.30124
G0 F15000 X97.095 Y125.975
G0 X97.095 Y131.999
G0 X126.219 Y131.999
G0 X126.219 Y125.976
G0 X114.953 Y126.243
G1 F2400 E1876.10124
G1 F714.2 X120.396 Y126.244 E1876.37959
G1 F688.4 X120.647 Y126.266 E1876.39295
G1 F684.1 X120.786 Y126.247 E1876.40044
G1 F708.4 X123.405 Y126.244 E1876.53546
G1 F688.4 X123.655 Y126.266 E1876.54877
G1 F684.1 X123.794 Y126.247 E1876.55626
G1 F708.4 X125.658 Y126.244 E1876.65236
G1 F685.2 X125.923 Y126.269 E1876.66654
G1 F2400 E1875.86654
G0 F15000 X123.661 Y126.442
G0 X123.66 Y126.928
;TYPE:WALL-OUTER
G1 F2400 E1876.66654
G1 F864.6 X123.636 Y127.304 E1876.68246
G1 F868 X123.568 Y127.677 E1876.69841
G1 F836.6 X123.414 Y128.145 E1876.71992
G1 F798.6 X123.179 Y128.523 E1876.74027
G1 F739.4 X122.986 Y128.728 E1876.75418
G1 F676.7 X122.709 Y128.932 E1876.77275
G1 F640.2 X122.427 Y129.05 E1876.79018
G1 F632.9 X122.104 Y129.099 E1876.80904
G1 F661.5 X121.677 Y128.994 E1876.83331
G1 F698.3 X121.322 Y128.727 E1876.85655
G1 F738.2 X121.062 Y128.422 E1876.87637
G1 F797.1 X120.814 Y127.944 E1876.90105
G1 F839.8 X120.68 Y127.387 E1876.92596
G1 F851.2 X120.652 Y126.931 E1876.94556
G1 F2400 E1876.14556
G0 F15000 X120.653 Y126.442
G0 X126.095 Y126.515
G0 X126.095 Y131.875
G0 X111.441 Y131.947
G0 X111.441 Y131.686
G1 F2400 E1876.94556
G1 F878.4 X97.656 Y131.686 E1877.51867
G1 F810.3 X97.449 Y131.643 E1877.5282
G1 F805.9 X97.407 Y131.48 E1877.53583
G1 F874.9 X97.406 Y126.952 E1877.72484
G1 F976 X97.592 Y126.755 E1877.73497
G1 F1098 X99.396 Y126.752 E1877.79498
G1 F1071.2 X99.518 Y126.781 E1877.79925
G1 F942.5 X99.652 Y126.931 E1877.80704
G1 X99.783 Y126.779 E1877.81482
G1 F1071.2 X99.873 Y126.751 E1877.81803
G1 F1098 X102.405 Y126.752 E1877.90225
G1 F1071.2 X102.526 Y126.781 E1877.90649
G1 F942.5 X102.66 Y126.928 E1877.9142
G1 X102.791 Y126.779 E1877.92188
G1 F1071.2 X102.881 Y126.751 E1877.9251
G1 F1098 X109.393 Y126.748 E1878.14169
G1 F1120.4 X110.541 Y126.756 E1878.17911
G1 F1193.5 X111.372 Y126.773 E1878.20454
G1 F1244.2 X111.936 Y126.774 E1878.2211
G1 F1183.9 X112.83 Y126.756 E1878.24868
G1 F1114.7 X120.396 Y126.752 E1878.49655
G1 F1071.2 X120.518 Y126.781 E1878.50083
G1 F942.5 X120.652 Y126.931 E1878.50862
G1 X120.783 Y126.779 E1878.5164
G1 F1071.2 X120.873 Y126.751 E1878.51961
G1 F1098 X123.405 Y126.752 E1878.60382
G1 F1071.2 X123.526 Y126.781 E1878.60807
G1 F942.5 X123.66 Y126.928 E1878.61577
G1 X123.791 Y126.779 E1878.62346
G1 F1071.2 X123.881 Y126.751 E1878.62667
G1 F1098 X125.717 Y126.752 E1878.68774
G1 F976 X125.906 Y126.952 E1878.69804
G1 F874.9 X125.905 Y131.48 E1878.88704
G1 F807.4 X125.863 Y131.643 E1878.89465
G1 F804.4 X125.7 Y131.685 E1878.9023
G1 F873.2 X111.441 Y131.686 E1879.49867
G0 F15000 X111.433 Y132.185
G1 F871.4 X125.743 Y132.184 E1880.09837
G1 F804.4 X126.07 Y132.143 E1880.11334
G1 F749.5 X126.363 Y132.143 E1880.12761
G1 X126.363 Y131.85 E1880.14189
G1 F807.4 X126.405 Y131.523 E1880.1568
G1 F874.9 X126.406 Y126.952 E1880.3476
G1 F976 X126.456 Y126.269 E1880.37323
G1 F1098 X126.456 Y125.736 E1880.39096
G1 X114.858 Y125.736 E1880.77671
G1 X113.851 Y126.127 E1880.81264
G1 F1114.7 X112.773 Y126.375 E1880.84887
G1 F1183.9 X111.949 Y126.421 E1880.87433
G1 F1240.7 X111.358 Y126.42 E1880.89173
G1 F1187.1 X110.528 Y126.369 E1880.91731
G1 F1117.6 X109.434 Y126.123 E1880.95396
G1 F1098 X108.454 Y125.736 E1880.989
G1 X96.856 Y125.736 E1881.37475
G1 X96.856 Y126.269 E1881.39248
G1 F976 X96.906 Y126.952 E1881.4181
G1 F874.9 X96.908 Y131.523 E1881.6089
G1 F805.9 X96.949 Y131.85 E1881.62384
G1 F750.8 X96.949 Y132.143 E1881.63809
G1 X97.242 Y132.143 E1881.65234
G1 F810.3 X97.656 Y132.186 E1881.6711
G1 F876.7 X111.433 Y132.185 E1882.24503
G1 F2400 E1881.44503
G0 F15000 X111.433 Y131.927
G0 X97.219 Y131.875
G0 X97.219 Y126.515
G0 X102.66 Y126.441
G0 X102.66 Y126.928
G1 F2400 E1882.24503
G1 F864.6 X102.636 Y127.304 E1882.26094
G1 F868 X102.568 Y127.677 E1882.2769
G1 F836.6 X102.414 Y128.145 E1882.2984
G1 F798.6 X102.179 Y128.523 E1882.31876
G1 F739.4 X101.986 Y128.728 E1882.33266
G1 F676.7 X101.709 Y128.932 E1882.35123
G1 F640.2 X101.427 Y129.05 E1882.36867
G1 F632.9 X101.104 Y129.099 E1882.38752
G1 F661.5 X100.677 Y128.994 E1882.4118
G1 F698.3 X100.322 Y128.727 E1882.43503
G1 F738.2 X100.062 Y128.422 E1882.45486
G1 F797.1 X99.814 Y127.944 E1882.47953
G1 F839.8 X99.68 Y127.387 E1882.50444
G1 F851.2 X99.652 Y126.931 E1882.52404
;MESH:NONMESH
G0 F300 X99.652 Y126.931 Z34.4
G0 F15000 X99.653 Y126.442
G0 X97.39 Y126.442
G0 X97.389 Y126.469
;TIME_ELAPSED:3137.272072
;LAYER:171
;note -- min layer time used
;TYPE:WALL-INNER
;MESH:Camera mount.stl(1)
G1 F675.2 X97.533 Y126.449 E1882.53187
G1 F702.4 X99.428 Y126.444 E1882.62987
G1 F683.7 X99.682 Y126.467 E1882.64343
G1 F677.3 X99.813 Y126.449 E1882.65052
G1 F702.4 X102.372 Y126.444 E1882.78287
G1 F683.7 X102.628 Y126.467 E1882.79652
G1 F677.3 X102.761 Y126.449 E1882.80372
G1 F703.5 X109.432 Y126.444 E1883.14819
G1 F788.6 X109.981 Y126.505 E1883.17363
G1 F1006.6 X110.531 Y126.565 E1883.1936
G1 F1319.8 X111.656 Y126.608 E1883.22459
G1 F1304.1 X112.838 Y126.562 E1883.25754
G1 F992.9 X113.364 Y126.503 E1883.2769
G1 F782.9 X113.891 Y126.444 E1883.30151
G1 F709.2 X120.428 Y126.444 E1883.63633
G1 F683.7 X120.682 Y126.467 E1883.64989
G1 F677.3 X120.813 Y126.449 E1883.65698
G1 F702.4 X123.372 Y126.444 E1883.78933
G1 F683.7 X123.628 Y126.467 E1883.80298
G1 F677.3 X123.761 Y126.449 E1883.81018
G1 F702.4 X125.656 Y126.444 E1883.90819
G1 F681.5 X125.923 Y126.469 E1883.92248
G1 F2400 E1883.12248
G0 F15000 X123.623 Y126.642
G0 X123.623 Y127.189
;TYPE:WALL-OUTER
G1 F2400 E1883.92248
G1 F858.3 X123.558 Y127.513 E1883.93647
G1 F846.6 X123.424 Y127.916 E1883.95469
G1 F797.2 X123.239 Y128.226 E1883.97114
G1 F708 X122.926 Y128.599 E1883.99612
G1 F652 X122.569 Y128.805 E1884.01909
G1 F626.8 X122.29 Y128.877 E1884.03579
G1 F615.3 X122.022 Y128.877 E1884.05161
G1 F644.3 X121.676 Y128.795 E1884.07165
G1 F691.2 X121.323 Y128.53 E1884.09485
G1 F733 X121.066 Y128.228 E1884.1145
G1 F785.7 X120.863 Y127.837 E1884.13487
G1 F827.4 X120.755 Y127.515 E1884.14978
G1 F858.3 X120.688 Y127.19 E1884.16382
G1 F860 X120.682 Y127.114 E1884.16704
G1 F2400 E1883.36704
G0 F15000 X120.682 Y126.642
G0 X126.095 Y126.715
G0 X126.095 Y131.875
G0 X111.441 Y131.947
G0 X111.441 Y131.686
G1 F2400 E1884.16704
G1 F873.7 X97.656 Y131.686 E1884.74016
G1 F806 X97.449 Y131.643 E1884.74969
G1 F801.6 X97.407 Y131.48 E1884.75731
G1 F870.2 X97.406 Y127.152 E1884.93797
G1 F970.8 X97.592 Y126.955 E1884.94811
G1 F1092.2 X99.428 Y126.952 E1885.00918
G1 F1065.5 X99.549 Y126.98 E1885.01341
G1 F933.5 X99.682 Y127.114 E1885.02076
G1 F945.6 X99.84 Y126.955 E1885.02937
G1 F1078.7 X102.372 Y126.952 E1885.11463
G1 F1092.2 X102.488 Y126.988 E1885.11867
G1 F988.4 X102.612 Y127.116 E1885.12522
G1 F884.3 X102.623 Y127.189 E1885.12826
G1 F966.5 X102.768 Y126.988 E1885.13757
G1 F1092.2 X102.884 Y126.952 E1885.14161
G1 X120.428 Y126.952 E1885.72513
G1 F1065.5 X120.549 Y126.98 E1885.72936
G1 F933.5 X120.682 Y127.114 E1885.73671
G1 F945.6 X120.84 Y126.955 E1885.74532
G1 F1078.7 X123.372 Y126.952 E1885.83059
G1 F1092.2 X123.488 Y126.988 E1885.83463
G1 F988.4 X123.612 Y127.116 E1885.84118
G1 F884.3 X123.623 Y127.189 E1885.84421
G1 F966.5 X123.768 Y126.988 E1885.85352
G1 F1092.2 X123.884 Y126.952 E1885.85756
G1 X125.717 Y126.952 E1885.91853
G1 F970.8 X125.906 Y127.152 E1885.92883
G1 F870.2 X125.905 Y131.48 E1886.10948
G1 F803.1 X125.863 Y131.643 E1886.1171
G1 F800.1 X125.7 Y131.685 E1886.12474
G1 F868.5 X111.441 Y131.686 E1886.72112
G0 F15000 X111.433 Y132.185
G1 F866.8 X125.743 Y132.184 E1887.32082
G1 F800.1 X126.07 Y132.143 E1887.33578
G1 F745.5 X126.363 Y132.143 E1887.35005
G1 X126.363 Y131.85 E1887.36433
G1 F803.1 X126.405 Y131.523 E1887.37924
G1 F870.2 X126.406 Y127.152 E1887.5617
G1 F970.8 X126.456 Y126.469 E1887.58732
G1 F1092.2 X126.456 Y125.936 E1887.60505
G1 X113.835 Y125.936 E1888.02482
G1 X112.752 Y126.18 E1888.06175
G1 X111.64 Y126.264 E1888.09884
G1 X110.56 Y126.18 E1888.13487
G1 X109.489 Y125.937 E1888.1714
G1 X96.856 Y125.936 E1888.59157
G1 X96.856 Y126.469 E1888.6093
G1 F970.8 X96.906 Y127.152 E1888.63492
G1 F870.2 X96.908 Y131.523 E1888.81737
G1 F801.6 X96.949 Y131.85 E1888.83231
G1 F746.8 X96.949 Y132.143 E1888.84656
G1 X97.242 Y132.143 E1888.86081
G1 F806 X97.656 Y132.186 E1888.87957
G1 F872 X111.433 Y132.185 E1889.4535
G1 F2400 E1888.6535
G0 F15000 X111.433 Y131.927
G0 X97.219 Y131.875
G0 X97.219 Y126.715
G0 X102.623 Y126.642
G0 X102.623 Y127.189
G1 F2400 E1889.4535
G1 F858.3 X102.558 Y127.513 E1889.46749
G1 F846.6 X102.424 Y127.916 E1889.48571
G1 F797.2 X102.239 Y128.226 E1889.50216
G1 F708 X101.926 Y128.599 E1889.52714
G1 F652 X101.569 Y128.805 E1889.5501
G1 F626.8 X101.29 Y128.877 E1889.5668
G1 F615.3 X101.022 Y128.877 E1889.58262
G1 F644.3 X100.676 Y128.795 E1889.60267
G1 F691.2 X100.323 Y128.53 E1889.62586
G1 F733 X100.066 Y128.228 E1889.64552
G1 F785.7 X99.863 Y127.837 E1889.66588
G1 F827.4 X99.755 Y127.515 E1889.68079
G1 F858.3 X99.688 Y127.19 E1889.69484
G1 F860 X99.682 Y127.114 E1889.69806
;MESH:NONMESH
G0 F300 X99.682 Y127.114 Z34.6
G0 F15000 X99.682 Y126.642
G0 X97.389 Y126.643
G0 X97.389 Y126.669
;TIME_ELAPSED:3151.596411
;LAYER:172
;note -- min layer time used
;TYPE:WALL-INNER
;MESH:Camera mount.stl(1)
G1 F662.9 X97.533 Y126.649 E1889.70588
G1 F689.6 X99.484 Y126.644 E1889.80679
G1 F649.9 X99.836 Y126.688 E1889.82625
G1 F644 X100.065 Y126.649 E1889.83912
G1 F689.6 X102.276 Y126.644 E1889.95347
G1 F668.1 X102.546 Y126.67 E1889.96795
G1 F661.9 X102.693 Y126.649 E1889.97595
G1 F686.3 X111.589 Y126.646 E1890.43827
G1 F692.9 X120.485 Y126.644 E1890.89614
G1 F649.9 X120.836 Y126.688 E1890.91556
G1 F644 X121.065 Y126.649 E1890.92842
G1 F689.6 X123.276 Y126.644 E1891.04277
G1 F668.1 X123.546 Y126.67 E1891.05725
G1 F661.9 X123.693 Y126.649 E1891.06525
G1 F689.6 X125.656 Y126.644 E1891.16678
G1 F669.1 X125.923 Y126.669 E1891.18107
G1 F2400 E1890.38107
G0 F15000 X123.525 Y126.842
G0 X123.525 Y127.426
;TYPE:WALL-OUTER
G1 F2400 E1891.18107
G1 F809.3 X123.449 Y127.629 E1891.19063
G1 F777 X123.289 Y127.959 E1891.20746
G1 F749.9 X123.115 Y128.191 E1891.22125
G1 F709 X122.84 Y128.449 E1891.24022
G1 F653.8 X122.569 Y128.605 E1891.25728
G1 F615.4 X122.29 Y128.677 E1891.27398
G1 F604.1 X122.022 Y128.677 E1891.2898
G1 F632.6 X121.676 Y128.595 E1891.30985
G1 F678.7 X121.323 Y128.33 E1891.33304
G1 F719.7 X121.067 Y128.028 E1891.35266
G1 F782.7 X120.844 Y127.6 E1891.37465
G1 F2400 E1890.57465
G0 F15000 X120.004 Y128.003
G0 X120.844 Y130.772
G0 X111.441 Y131.686
G1 F2400 E1891.37465
G1 F857.8 X97.656 Y131.686 E1891.94777
G1 F791.4 X97.449 Y131.643 E1891.95729
G1 F787 X97.407 Y131.48 E1891.96492
G1 F854.4 X97.406 Y127.352 E1892.13723
G1 F953.2 X97.592 Y127.155 E1892.14737
G1 F1072.3 X99.554 Y127.152 E1892.21263
G1 X99.657 Y127.251 E1892.21738
G1 F928.4 X99.844 Y127.6 E1892.23259
G1 F882.6 X99.899 Y127.403 E1892.24085
G1 F1011.6 X100.062 Y127.196 E1892.25014
G1 F1072.3 X100.153 Y127.155 E1892.25346
G1 X102.276 Y127.152 E1892.32407
G1 X102.392 Y127.188 E1892.32811
G1 F983.8 X102.501 Y127.285 E1892.3334
G1 F868.3 X102.525 Y127.426 E1892.33928
G1 X102.591 Y127.285 E1892.34567
G1 F983.8 X102.781 Y127.155 E1892.35402
G1 F1072.3 X120.554 Y127.152 E1892.94515
G1 X120.657 Y127.251 E1892.9499
G1 F928.4 X120.844 Y127.6 E1892.96511
G1 F882.6 X120.899 Y127.403 E1892.97338
G1 F1011.6 X121.062 Y127.196 E1892.98267
G1 F1072.3 X121.153 Y127.155 E1892.98599
G1 X123.276 Y127.152 E1893.0566
G1 X123.392 Y127.188 E1893.06064
G1 F983.8 X123.501 Y127.285 E1893.06593
G1 F868.3 X123.525 Y127.426 E1893.0718
G1 X123.591 Y127.285 E1893.0782
G1 F983.8 X123.781 Y127.155 E1893.08654
G1 F1072.3 X125.717 Y127.152 E1893.15094
G1 F953.2 X125.906 Y127.352 E1893.16123
G1 F854.4 X125.905 Y131.48 E1893.33354
G1 F788.5 X125.863 Y131.643 E1893.34115
G1 F785.6 X125.7 Y131.685 E1893.3488
G1 F852.7 X111.441 Y131.686 E1893.94517
G0 F15000 X111.433 Y132.185
G1 F851 X125.743 Y132.184 E1894.54487
G1 F785.6 X126.07 Y132.143 E1894.55984
G1 F732 X126.363 Y132.143 E1894.57411
G1 X126.363 Y131.85 E1894.58839
G1 F788.5 X126.405 Y131.523 E1894.6033
G1 F854.4 X126.406 Y127.352 E1894.77741
G1 F953.2 X126.456 Y126.669 E1894.80303
G1 F1072.3 X126.456 Y126.136 E1894.82076
G1 X96.856 Y126.136 E1895.80526
G1 X96.856 Y126.669 E1895.82299
G1 F953.2 X96.906 Y127.352 E1895.84861
G1 F854.4 X96.908 Y131.523 E1896.02271
G1 F787 X96.949 Y131.85 E1896.03765
G1 F733.2 X96.949 Y132.143 E1896.0519
G1 X97.242 Y132.143 E1896.06615
G1 F791.4 X97.656 Y132.186 E1896.08491
G1 F856.1 X111.433 Y132.185 E1896.65884
G1 F2400 E1895.85884
G0 F15000 X111.433 Y131.927
G0 X97.219 Y131.875
G0 X97.219 Y126.914
G0 X102.525 Y126.842
G0 X102.525 Y127.426
G1 F2400 E1896.65884
G1 F809.3 X102.449 Y127.629 E1896.66839
G1 F777 X102.289 Y127.959 E1896.68522
G1 F749.9 X102.115 Y128.191 E1896.69902
G1 F709 X101.84 Y128.449 E1896.71799
G1 F653.8 X101.569 Y128.605 E1896.73504
G1 F615.4 X101.29 Y128.677 E1896.75174
G1 F604.1 X101.022 Y128.677 E1896.76756
G1 F632.6 X100.676 Y128.595 E1896.78761
G1 F678.7 X100.323 Y128.33 E1896.81081
G1 F719.7 X100.067 Y128.028 E1896.83043
G1 F782.7 X99.844 Y127.6 E1896.85242
G1 F2400 E1896.05242
;MESH:NONMESH
G0 F300 X99.844 Y127.6 Z34.8
G0 F15000 X99.844 Y126.942
G0 X97.389 Y126.869
;TIME_ELAPSED:3165.882605
;LAYER:173
;note -- min layer time used
;TYPE:WALL-INNER
;MESH:Camera mount.stl(1)
G1 F2400 E1896.85242
G1 F650.7 X97.533 Y126.849 E1896.86024
G1 F676.9 X99.62 Y126.844 E1896.96818
G1 F620.1 X100.042 Y126.907 E1896.99227
G1 F614.6 X100.341 Y126.849 E1897.00962
G1 F676.9 X101.848 Y126.844 E1897.08756
G1 F621 X102.267 Y126.906 E1897.11144
G1 F617.4 X102.57 Y126.847 E1897.12894
G1 F679.1 X120.62 Y126.844 E1898.05948
G1 F620.1 X121.042 Y126.907 E1898.08357
G1 F614.6 X121.341 Y126.849 E1898.10091
G1 F676.9 X122.848 Y126.844 E1898.17886
G1 F621 X123.267 Y126.906 E1898.20273
G1 F617.4 X123.57 Y126.847 E1898.22024
G1 F679.1 X125.657 Y126.844 E1898.32783
G1 F656.8 X125.923 Y126.869 E1898.34207
G1 F2400 E1897.54207
G0 F15000 X123.391 Y127.241
G0 X123.16 Y127.938
;TYPE:WALL-OUTER
G1 F2400 E1898.34207
G1 F718.5 X122.922 Y128.201 E1898.35936
G1 F656.8 X122.58 Y128.402 E1898.3805
G1 F606.7 X122.29 Y128.48 E1898.39783
G1 F604.9 X121.928 Y128.48 E1898.41878
G1 F619.2 X121.608 Y128.338 E1898.43857
G1 F648.7 X121.326 Y128.129 E1898.45751
G1 F701.7 X121.154 Y127.939 E1898.4703
G1 F2400 E1897.6703
G0 F15000 X120.61 Y128.801
G0 X121.154 Y130.772
G0 X111.441 Y131.686
G1 F2400 E1898.4703
G1 F842.1 X97.656 Y131.686 E1899.04341
G1 F776.8 X97.449 Y131.643 E1899.05294
G1 F772.5 X97.407 Y131.48 E1899.06057
G1 F838.7 X97.406 Y127.552 E1899.22453
G1 F935.6 X97.592 Y127.355 E1899.23467
G1 F1052.6 X99.62 Y127.352 E1899.30212
G1 X99.762 Y127.41 E1899.30722
G1 F981.4 X99.994 Y127.8 E1899.32341
G1 F814.4 X100.153 Y127.936 E1899.3324
G1 F771.1 X100.13 Y127.811 E1899.33817
G1 F919.3 X100.283 Y127.465 E1899.35258
G1 F1052.6 X100.429 Y127.355 E1899.35866
G1 X101.848 Y127.352 E1899.40586
G1 F981.4 X101.998 Y127.396 E1899.41143
G1 F864.5 X102.183 Y127.811 E1899.42983
G1 F771.1 X102.16 Y127.935 E1899.43556
G1 F814.4 X102.318 Y127.798 E1899.44455
G1 F981.4 X102.55 Y127.406 E1899.4608
G1 F1052.6 X102.657 Y127.351 E1899.4648
G1 X120.62 Y127.352 E1900.06225
G1 X120.762 Y127.41 E1900.06735
G1 F983.7 X120.99 Y127.797 E1900.08334
G1 F817.5 X121.154 Y127.939 E1900.09263
G1 F774 X121.131 Y127.812 E1900.09847
G1 F923.3 X121.283 Y127.465 E1900.11283
G1 F1052.6 X121.429 Y127.355 E1900.11891
G1 X122.848 Y127.352 E1900.16611
G1 F983.7 X122.998 Y127.396 E1900.17167
G1 F869.9 X123.181 Y127.812 E1900.18996
G1 F776.8 X123.16 Y127.938 E1900.19572
G1 F835.4 X123.376 Y127.703 E1900.20909
G1 F1007.3 X123.55 Y127.406 E1900.22106
G1 F1052.6 X123.657 Y127.351 E1900.22506
G1 X125.717 Y127.352 E1900.29357
G1 F935.6 X125.906 Y127.552 E1900.30387
G1 F838.7 X125.905 Y131.48 E1900.46783
G1 F774 X125.863 Y131.643 E1900.47544
G1 F771.1 X125.7 Y131.685 E1900.48309
G1 F837 X111.441 Y131.686 E1901.07946
G0 F15000 X111.433 Y132.185
G1 F835.4 X125.743 Y132.184 E1901.67916
G1 F771.1 X126.07 Y132.143 E1901.69413
G1 F718.5 X126.363 Y132.143 E1901.7084
G1 X126.363 Y131.85 E1901.72268
G1 F774 X126.405 Y131.523 E1901.73759
G1 F838.7 X126.406 Y127.552 E1901.90335
G1 F935.6 X126.456 Y126.869 E1901.92897
G1 F1052.6 X126.456 Y126.336 E1901.9467
G1 X96.856 Y126.336 E1902.9312
G1 X96.856 Y126.869 E1902.94893
G1 F935.6 X96.906 Y127.552 E1902.97455
G1 F838.7 X96.908 Y131.523 E1903.14031
G1 F772.5 X96.949 Y131.85 E1903.15524
G1 F719.7 X96.949 Y132.143 E1903.1695
G1 X97.242 Y132.143 E1903.18375
G1 F776.8 X97.656 Y132.186 E1903.20251
G1 F840.4 X111.433 Y132.185 E1903.77643
G1 F2400 E1902.97643
G0 F15000 X111.433 Y131.927
G0 X102.16 Y131.847
G0 X102.16 Y130.772
G0 X102.704 Y128.801
G0 X102.16 Y127.935
G1 F2400 E1903.77643
G1 F714.8 X101.917 Y128.205 E1903.79422
G1 F654.8 X101.569 Y128.405 E1903.81568
G1 F604.1 X101.29 Y128.477 E1903.83238
G1 F593 X101.022 Y128.477 E1903.8482
G1 F606.7 X100.783 Y128.42 E1903.86238
G1 F656.8 X100.399 Y128.21 E1903.88571
G1 F713.6 X100.153 Y127.936 E1903.90377
G1 F2400 E1903.10377
;MESH:NONMESH
G0 F300 X100.153 Y127.936 Z35
G0 F15000 X99.924 Y127.24
G0 X97.389 Y127.069
;TIME_ELAPSED:3179.981961
;LAYER:174
;note -- min layer time used
;TYPE:WALL-INNER
;MESH:Camera mount.stl(1)
G1 F2400 E1903.90377
G1 F667.2 X97.533 Y127.049 E1903.9116
G1 F694 X99.808 Y127.044 E1904.02926
G1 F2400 E1903.22926
G0 F15000 X100.498 Y127.343
G0 X101.06 Y128.032
G1 F2400 E1904.02926
G1 F1079.2 X101.249 Y128.032 E1904.03554
G1 X101.458 Y127.967 E1904.04282
G1 X101.67 Y127.829 E1904.05124
G1 X101.881 Y127.601 E1904.06157
G1 X101.997 Y127.423 E1904.06864
G1 F839.8 X102.377 Y127.049 E1904.09142
G1 X101.734 Y126.936 E1904.11933
G1 F1079.2 X100.562 Y126.936 E1904.15831
G1 F849.7 X99.808 Y127.044 E1904.19048
G1 X100.306 Y127.417 E1904.21676
G1 F1079.2 X100.421 Y127.587 E1904.22359
G1 X100.644 Y127.83 E1904.23456
G1 X100.855 Y127.967 E1904.24293
G1 X101.06 Y128.032 E1904.25008
G1 F2400 E1903.45008
G0 F15000 X101.06 Y127.136
G0 X102.377 Y127.049
G1 F2400 E1904.25008
G1 F690.7 X111.595 Y127.046 E1904.72913
G1 F697.4 X120.813 Y127.044 E1905.20358
G1 F2400 E1904.40358
G0 F15000 X121.502 Y127.343
G0 X122.06 Y128.032
G1 F2400 E1905.20358
G1 F1079.2 X122.249 Y128.032 E1905.20987
G1 X122.458 Y127.967 E1905.21715
G1 X122.67 Y127.829 E1905.22556
G1 X122.881 Y127.601 E1905.23589
G1 X122.997 Y127.423 E1905.24296
G1 F839.8 X123.377 Y127.049 E1905.26575
G1 X122.734 Y126.936 E1905.29365
G1 F1079.2 X121.578 Y126.936 E1905.3321
G1 F849.7 X120.812 Y127.044 E1905.36477
G1 X121.315 Y127.423 E1905.39138
G1 F1079.2 X121.431 Y127.601 E1905.39844
G1 X121.642 Y127.829 E1905.40878
G1 X121.855 Y127.967 E1905.41722
G1 X122.06 Y128.032 E1905.42437
G1 F2400 E1904.62437
G0 F15000 X122.06 Y127.136
G0 X123.377 Y127.049
G1 F2400 E1905.42437
G1 F694 X125.656 Y127.044 E1905.54224
G1 F673.4 X125.923 Y127.069 E1905.55653
G1 F2400 E1904.75653
G0 F15000 X126.095 Y127.314
G0 X126.095 Y131.875
G0 X111.441 Y131.947
G0 X111.441 Y131.686
;TYPE:WALL-OUTER
G1 F2400 E1905.55653
G1 F863.3 X97.656 Y131.686 E1906.12965
G1 F796.4 X97.449 Y131.643 E1906.13917
G1 F792 X97.407 Y131.48 E1906.1468
G1 F859.9 X97.406 Y127.752 E1906.30241
G1 F959.3 X97.592 Y127.555 E1906.31255
G1 F1079.2 X99.808 Y127.552 E1906.38626
G1 X99.974 Y127.64 E1906.39251
G1 X100.106 Y127.835 E1906.40034
G1 X100.383 Y128.138 E1906.41399
G1 X100.683 Y128.333 E1906.42589
G1 X100.999 Y128.432 E1906.43691
G1 X101.309 Y128.432 E1906.44722
G1 X101.63 Y128.333 E1906.45839
G1 X101.93 Y128.137 E1906.47031
G1 X102.197 Y127.848 E1906.4834
G1 X102.332 Y127.642 E1906.49159
G1 X102.465 Y127.555 E1906.49687
G1 X120.812 Y127.552 E1907.1071
G1 X120.98 Y127.642 E1907.11344
G1 X121.115 Y127.848 E1907.12163
G1 X121.382 Y128.137 E1907.13471
G1 X121.683 Y128.333 E1907.14666
G1 X121.999 Y128.432 E1907.15767
G1 X122.309 Y128.432 E1907.16799
G1 X122.63 Y128.333 E1907.17916
G1 X122.93 Y128.137 E1907.19108
G1 X123.197 Y127.848 E1907.20416
G1 X123.332 Y127.642 E1907.21236
G1 X123.465 Y127.555 E1907.21764
G1 X125.717 Y127.552 E1907.29254
G1 F959.3 X125.906 Y127.752 E1907.30284
G1 F859.9 X125.905 Y131.48 E1907.45845
G1 F793.5 X125.863 Y131.643 E1907.46607
G1 F790.6 X125.7 Y131.685 E1907.47371
G1 F858.2 X111.441 Y131.686 E1908.07008
G0 F15000 X111.433 Y132.185
G1 F856.5 X125.743 Y132.184 E1908.66978
G1 F790.6 X126.07 Y132.143 E1908.68475
G1 F736.6 X126.363 Y132.143 E1908.69902
G1 X126.363 Y131.85 E1908.7133
G1 F793.5 X126.405 Y131.523 E1908.72821
G1 F859.9 X126.406 Y127.752 E1908.88562
G1 F959.3 X126.456 Y127.069 E1908.91125
G1 F1079.2 X126.456 Y126.536 E1908.92897
G1 X96.856 Y126.536 E1909.91347
G1 X96.856 Y127.069 E1909.9312
G1 F959.3 X96.906 Y127.752 E1909.95683
G1 F859.9 X96.908 Y131.523 E1910.11423
G1 F792 X96.949 Y131.85 E1910.12917
G1 F737.9 X96.949 Y132.143 E1910.14342
G1 X97.242 Y132.143 E1910.15767
G1 F796.4 X97.656 Y132.186 E1910.17643
G1 F861.6 X111.433 Y132.185 E1910.75036
G0 F15000 X111.433 Y131.927
G0 X97.219 Y131.875
G0 X97.219 Y127.315
G0 X100.933 Y127.036
G0 X100.933 Y127.424
;TYPE:SKIN
G1 F658 X101.376 Y127.424 E1910.77452
G0 F15000 X101.376 Y127.036
G0 X122.376 Y127.036
G0 X122.376 Y127.424
G1 F658 X121.932 Y127.424 E1910.79874
;MESH:NONMESH
G0 F300 X121.932 Y127.424 Z35.2
G0 F15000 X121.932 Y127.036
G0 X100.116 Y127.127
G0 X97.389 Y127.243
G0 X97.389 Y127.269
;TIME_ELAPSED:3195.171903
;LAYER:175
;note -- min layer time used
;TYPE:WALL-INNER
;MESH:Camera mount.stl(1)
G1 F636.9 X97.533 Y127.249 E1910.80656
G1 F662.5 X100.108 Y127.244 E1910.93974
G0 F15000 X100.887 Y127.699
G1 F751.9 X101.071 Y127.758 E1910.94854
G1 X101.241 Y127.758 E1910.95629
G1 X101.478 Y127.684 E1910.9676
G1 X101.774 Y127.435 E1910.98523
G1 F700.8 X102.085 Y127.249 E1911.00295
G1 X101.692 Y127.21 E1911.02226
G1 F751.9 X100.683 Y127.21 E1911.06823
G1 F708 X100.108 Y127.244 E1911.09611
G1 X100.578 Y127.469 E1911.12132
G1 F751.9 X100.672 Y127.559 E1911.12725
G1 X100.887 Y127.699 E1911.13894
G0 F15000 X100.99 Y127.49
G0 X101.576 Y127.381
G0 X102.085 Y127.249
G1 F659.3 X111.597 Y127.246 E1911.63327
G1 F665.7 X121.109 Y127.244 E1912.12286
G0 F15000 X121.887 Y127.699
G1 F751.9 X122.071 Y127.758 E1912.13166
G1 X122.241 Y127.758 E1912.13941
G1 X122.478 Y127.684 E1912.15072
G1 X122.774 Y127.435 E1912.16835
G1 F700.8 X123.085 Y127.249 E1912.18606
G1 X122.692 Y127.21 E1912.20537
G1 F751.9 X121.683 Y127.21 E1912.25135
G1 F708 X121.108 Y127.244 E1912.27922
G1 X121.578 Y127.469 E1912.30444
G1 F751.9 X121.672 Y127.559 E1912.31037
G1 X121.887 Y127.699 E1912.32206
G0 F15000 X121.99 Y127.49
G0 X122.574 Y127.382
G0 X123.085 Y127.249
G1 F662.5 X125.656 Y127.244 E1912.45503
G1 F642.9 X125.923 Y127.269 E1912.46933
G1 F2400 E1911.66933
G0 F15000 X126.095 Y127.514
G0 X126.095 Y131.875
G0 X111.441 Y131.947
G0 X111.441 Y131.686
;TYPE:WALL-OUTER
G1 F2400 E1912.46933
G1 F824.1 X97.656 Y131.686 E1913.04244
G1 F760.3 X97.449 Y131.643 E1913.05197
G1 F756.1 X97.407 Y131.48 E1913.0596
G1 F820.9 X97.406 Y127.952 E1913.20686
G1 F915.7 X97.592 Y127.755 E1913.217
G1 F1030.2 X100.108 Y127.752 E1913.30068
G1 X100.248 Y127.808 E1913.30569
G1 X100.374 Y127.931 E1913.31155
G1 X100.683 Y128.133 E1913.32383
G1 X100.999 Y128.232 E1913.33484
G1 X101.313 Y128.232 E1913.34529
G1 X101.71 Y128.108 E1913.35912
G1 X102.13 Y127.755 E1913.37737
G1 X121.108 Y127.752 E1914.00858
G1 X121.248 Y127.808 E1914.01359
G1 X121.374 Y127.931 E1914.01945
G1 X121.683 Y128.133 E1914.03173
G1 X121.999 Y128.232 E1914.04274
G1 X122.313 Y128.232 E1914.05319
G1 X122.71 Y128.108 E1914.06702
G1 X123.13 Y127.755 E1914.08527
G1 X125.717 Y127.752 E1914.17131
G1 F915.7 X125.906 Y127.952 E1914.18161
G1 F820.9 X125.905 Y131.48 E1914.32887
G1 F757.5 X125.863 Y131.643 E1914.33649
G1 F754.7 X125.7 Y131.685 E1914.34413
G1 F819.2 X111.441 Y131.686 E1914.94051
G0 F15000 X111.433 Y132.185
G1 F817.6 X125.743 Y132.184 E1915.54021
G1 F754.7 X126.07 Y132.143 E1915.55517
G1 F703.2 X126.363 Y132.143 E1915.56944
G1 X126.363 Y131.85 E1915.58372
G1 F757.5 X126.405 Y131.523 E1915.59863
G1 F820.9 X126.406 Y127.952 E1915.74769
G1 F915.7 X126.456 Y127.269 E1915.77332
G1 F1030.2 X126.456 Y126.736 E1915.79105
G1 X96.856 Y126.736 E1916.77555
G1 X96.856 Y127.269 E1916.79327
G1 F915.7 X96.906 Y127.952 E1916.8189
G1 F820.9 X96.908 Y131.523 E1916.96796
G1 F756.1 X96.949 Y131.85 E1916.98289
G1 F704.4 X96.949 Y132.143 E1916.99714
G1 X97.242 Y132.143 E1917.0114
G1 F760.3 X97.656 Y132.186 E1917.03015
G1 F822.5 X111.433 Y132.185 E1917.60408
;MESH:NONMESH
G0 F300 X111.433 Y132.185 Z35.4
G0 F15000 X111.433 Y131.927
G0 X97.219 Y131.875
G0 X97.219 Y127.515
G0 X97.389 Y127.469
;TIME_ELAPSED:3208.833656
;LAYER:176
;note -- min layer time used
;TYPE:WALL-INNER
;MESH:Camera mount.stl(1)
G1 F611.1 X97.533 Y127.449 E1917.6119
G1 F635.6 X100.68 Y127.444 E1917.77466
G1 F621.6 X101.164 Y127.494 E1917.8004
G1 F617.8 X101.51 Y127.447 E1917.81898
G1 F637.7 X121.68 Y127.444 E1918.85881
G1 F621.6 X122.164 Y127.494 E1918.88454
G1 F617.8 X122.51 Y127.447 E1918.90312
G1 F637.7 X125.657 Y127.444 E1919.06536
G1 F616.8 X125.923 Y127.469 E1919.0796
G1 F2400 E1918.2796
G0 F15000 X126.095 Y127.714
G0 X126.095 Y131.875
G0 X111.441 Y131.947
G0 X111.441 Y131.686
;TYPE:WALL-OUTER
G1 F2400 E1919.0796
G1 F790.7 X97.656 Y131.686 E1919.65271
G1 F729.5 X97.449 Y131.643 E1919.66224
G1 F725.4 X97.407 Y131.48 E1919.66987
G1 F787.6 X97.406 Y128.152 E1919.80878
G1 F878.6 X97.592 Y127.955 E1919.81892
G1 F988.4 X100.709 Y127.952 E1919.92259
G1 X100.996 Y128.032 E1919.9325
G1 X101.311 Y128.032 E1919.94298
G1 X101.597 Y127.951 E1919.95287
G1 X121.709 Y127.952 E1920.62179
G1 X121.996 Y128.032 E1920.6317
G1 X122.311 Y128.032 E1920.64218
G1 X122.597 Y127.951 E1920.65207
G1 X125.717 Y127.952 E1920.75584
G1 F878.6 X125.906 Y128.152 E1920.76613
G1 F787.6 X125.905 Y131.48 E1920.90505
G1 F726.8 X125.863 Y131.643 E1920.91266
G1 F724.1 X125.7 Y131.685 E1920.92031
G1 F786 X111.441 Y131.686 E1921.51668
G0 F15000 X111.433 Y132.185
G1 F784.5 X125.743 Y132.184 E1922.11638
G1 F724.1 X126.07 Y132.143 E1922.13135
G1 F674.7 X126.363 Y132.143 E1922.14562
G1 X126.363 Y131.85 E1922.1599
G1 F726.8 X126.405 Y131.523 E1922.17481
G1 F787.6 X126.406 Y128.152 E1922.31552
G1 F878.6 X126.456 Y127.469 E1922.34115
G1 F988.4 X126.456 Y126.936 E1922.35887
G1 X96.856 Y126.936 E1923.34337
G1 X96.856 Y127.469 E1923.3611
G1 F878.6 X96.906 Y128.152 E1923.38673
G1 F787.6 X96.908 Y131.523 E1923.52744
G1 F725.4 X96.949 Y131.85 E1923.54237
G1 F675.8 X96.949 Y132.143 E1923.55662
G1 X97.242 Y132.143 E1923.57088
G1 F729.5 X97.656 Y132.186 E1923.58964
G1 F789.2 X111.433 Y132.185 E1924.16356
;MESH:NONMESH
G0 F300 X111.433 Y132.185 Z35.6
G0 F15000 X111.433 Y131.927
G0 X97.219 Y131.875
G0 X97.219 Y127.715
G0 X97.389 Y127.669
;TIME_ELAPSED:3222.132618
;LAYER:177
;note -- min layer time used
;TYPE:WALL-INNER
;MESH:Camera mount.stl(1)
G1 F607.8 X97.533 Y127.649 E1924.17138
G1 F629.2 X111.595 Y127.646 E1924.90217
G1 F635.3 X125.657 Y127.644 E1925.62594
G1 F613.5 X125.923 Y127.669 E1925.64018
G1 F2400 E1924.84018
G0 F15000 X126.095 Y127.914
G0 X126.095 Y131.875
G0 X111.441 Y131.947
G0 X111.441 Y131.686
;TYPE:WALL-OUTER
G1 F2400 E1925.64018
G1 F786.5 X97.656 Y131.686 E1926.2133
G1 F725.5 X97.449 Y131.643 E1926.22282
G1 F721.5 X97.407 Y131.48 E1926.23045
G1 F783.3 X97.406 Y128.352 E1926.36102
G1 F873.9 X97.592 Y128.155 E1926.37116
G1 F983.1 X125.717 Y128.152 E1927.3066
G1 F873.9 X125.906 Y128.352 E1927.3169
G1 F783.3 X125.905 Y131.48 E1927.44746
G1 F722.9 X125.863 Y131.643 E1927.45508
G1 F720.2 X125.7 Y131.685 E1927.46272
G1 F781.8 X111.441 Y131.686 E1928.0591
G0 F15000 X111.433 Y132.185
G1 F780.2 X125.743 Y132.184 E1928.6588
G1 F720.2 X126.07 Y132.143 E1928.67376
G1 F671.1 X126.363 Y132.143 E1928.68804
G1 X126.363 Y131.85 E1928.70231
G1 F722.9 X126.405 Y131.523 E1928.71722
G1 F783.3 X126.406 Y128.352 E1928.84959
G1 F873.9 X126.456 Y127.669 E1928.87521
G1 F983.1 X126.456 Y127.136 E1928.89294
G1 X96.856 Y127.136 E1929.87744
G1 X96.856 Y127.669 E1929.89517
G1 F873.9 X96.906 Y128.352 E1929.92079
G1 F783.3 X96.908 Y131.523 E1930.05315
G1 F721.5 X96.949 Y131.85 E1930.06809
G1 F672.2 X96.949 Y132.143 E1930.08234
G1 X97.242 Y132.143 E1930.09659
G1 F725.5 X97.656 Y132.186 E1930.11535
G1 F784.9 X111.433 Y132.185 E1930.68928
;MESH:NONMESH
G0 F300 X111.433 Y132.185 Z35.8
G0 F15000 X111.433 Y131.927
G0 X97.219 Y131.875
G0 X97.219 Y127.915
G0 X97.389 Y127.869
;TIME_ELAPSED:3235.424813
;LAYER:178
;note -- min layer time used
;TYPE:WALL-INNER
;MESH:Camera mount.stl(1)
G1 F604.7 X97.533 Y127.849 E1930.6971
G1 F626 X111.595 Y127.846 E1931.42789
G1 F632.1 X125.657 Y127.844 E1932.15166
G1 F610.4 X125.923 Y127.869 E1932.1659
G1 F2400 E1931.3659
G0 F15000 X126.095 Y128.114
G0 X126.095 Y131.875
G0 X111.441 Y131.947
G0 X111.441 Y131.686
;TYPE:WALL-OUTER
G1 F2400 E1932.1659
G1 F782.5 X97.656 Y131.686 E1932.73901
G1 F721.9 X97.449 Y131.643 E1932.74854
G1 F717.9 X97.407 Y131.48 E1932.75617
G1 F779.4 X97.406 Y128.552 E1932.87839
G1 F869.4 X97.592 Y128.355 E1932.88853
G1 F978.1 X125.717 Y128.352 E1933.82397
G1 F869.4 X125.906 Y128.552 E1933.83426
G1 F779.4 X125.905 Y131.48 E1933.95648
G1 F719.2 X125.863 Y131.643 E1933.9641
G1 F716.6 X125.7 Y131.685 E1933.97174
G1 F777.8 X111.441 Y131.686 E1934.56812
G0 F15000 X111.433 Y132.185
G1 F776.3 X125.743 Y132.184 E1935.16782
G1 F716.6 X126.07 Y132.143 E1935.18278
G1 F667.7 X126.363 Y132.143 E1935.19705
G1 X126.363 Y131.85 E1935.21133
G1 F719.2 X126.405 Y131.523 E1935.22624
G1 F779.4 X126.406 Y128.552 E1935.35026
G1 F869.4 X126.456 Y127.869 E1935.37588
G1 F978.1 X126.456 Y127.336 E1935.39361
G1 X96.856 Y127.336 E1936.37811
G1 X96.856 Y127.869 E1936.39584
G1 F869.4 X96.906 Y128.552 E1936.42146
G1 F779.4 X96.908 Y131.523 E1936.54548
G1 F717.9 X96.949 Y131.85 E1936.56041
G1 F668.8 X96.949 Y132.143 E1936.57466
G1 X97.242 Y132.143 E1936.58892
G1 F721.9 X97.656 Y132.186 E1936.60767
G1 F780.9 X111.433 Y132.185 E1937.1816
;MESH:NONMESH
G0 F300 X111.433 Y132.185 Z36
G0 F15000 X111.433 Y131.927
G0 X97.219 Y131.875
G0 X97.219 Y128.115
G0 X97.389 Y128.069
;TIME_ELAPSED:3248.706642
;LAYER:179
;note -- min layer time used
;TYPE:WALL-INNER
;MESH:Camera mount.stl(1)
G1 F601.6 X97.533 Y128.049 E1937.18942
G1 F622.8 X111.595 Y128.046 E1937.92021
G1 F628.8 X125.657 Y128.044 E1938.64398
G1 F607.3 X125.923 Y128.069 E1938.65822
G1 F2400 E1937.85822
G0 F15000 X126.095 Y128.314
G0 X126.095 Y131.875
G0 X111.441 Y131.947
G0 X111.441 Y131.686
;TYPE:WALL-OUTER
G1 F2400 E1938.65822
G1 F778.5 X97.656 Y131.686 E1939.23134
G1 F718.2 X97.449 Y131.643 E1939.24086
G1 F714.2 X97.407 Y131.48 E1939.24849
G1 F775.4 X97.406 Y128.752 E1939.36236
G1 F865 X97.592 Y128.555 E1939.3725
G1 F973.1 X125.717 Y128.552 E1940.30794
G1 F865 X125.906 Y128.752 E1940.31824
G1 F775.4 X125.905 Y131.48 E1940.43211
G1 F715.5 X125.863 Y131.643 E1940.43972
G1 F712.9 X125.7 Y131.685 E1940.44736
G1 F773.9 X111.441 Y131.686 E1941.04374
G0 F15000 X111.433 Y132.185
G1 F772.3 X125.743 Y132.184 E1941.64344
G1 F712.9 X126.07 Y132.143 E1941.6584
G1 F664.3 X126.363 Y132.143 E1941.67268
G1 X126.363 Y131.85 E1941.68696
G1 F715.5 X126.405 Y131.523 E1941.70187
G1 F775.4 X126.406 Y128.752 E1941.81754
G1 F865 X126.456 Y128.069 E1941.84316
G1 F973.1 X126.456 Y127.536 E1941.86089
G1 X96.856 Y127.536 E1942.84539
G1 X96.856 Y128.069 E1942.86312
G1 F865 X96.906 Y128.752 E1942.88874
G1 F775.4 X96.908 Y131.523 E1943.00441
G1 F714.2 X96.949 Y131.85 E1943.01934
G1 F665.4 X96.949 Y132.143 E1943.03359
G1 X97.242 Y132.143 E1943.04785
G1 F718.2 X97.656 Y132.186 E1943.0666
G1 F777 X111.433 Y132.185 E1943.64053
;MESH:NONMESH
G0 F300 X111.433 Y132.185 Z36.2
G0 F15000 X111.433 Y131.927
G0 X97.219 Y131.875
G0 X97.219 Y128.315
G0 X97.389 Y128.269
;TIME_ELAPSED:3261.977856
;LAYER:180
;note -- min layer time used
;TYPE:WALL-INNER
;MESH:Camera mount.stl(1)
G1 F598.6 X97.533 Y128.249 E1943.64835
G1 F619.6 X111.595 Y128.246 E1944.37914
G1 F625.6 X125.657 Y128.244 E1945.10291
G1 F604.2 X125.923 Y128.269 E1945.11715
G1 F2400 E1944.31715
G0 F15000 X126.095 Y128.514
G0 X126.095 Y131.875
G0 X111.441 Y131.947
G0 X111.441 Y131.686
;TYPE:WALL-OUTER
G1 F2400 E1945.11715
G1 F774.5 X97.656 Y131.686 E1945.69027
G1 F714.5 X97.449 Y131.643 E1945.69979
G1 F710.6 X97.407 Y131.48 E1945.70742
G1 F771.4 X97.406 Y128.952 E1945.81294
G1 F860.6 X97.592 Y128.755 E1945.82308
G1 F968.2 X125.717 Y128.752 E1946.75852
G1 F860.6 X125.906 Y128.952 E1946.76882
G1 F771.4 X125.905 Y131.48 E1946.87434
G1 F711.9 X125.863 Y131.643 E1946.88196
G1 F709.3 X125.7 Y131.685 E1946.8896
G1 F769.9 X111.441 Y131.686 E1947.48597
G0 F15000 X111.433 Y132.185
G1 F768.4 X125.743 Y132.184 E1948.08567
G1 F709.3 X126.07 Y132.143 E1948.10064
G1 F660.9 X126.363 Y132.143 E1948.11491
G1 X126.363 Y131.85 E1948.12919
G1 F711.9 X126.405 Y131.523 E1948.1441
G1 F771.4 X126.406 Y128.952 E1948.25142
G1 F860.6 X126.456 Y128.269 E1948.27705
G1 F968.2 X126.456 Y127.736 E1948.29477
G1 X96.856 Y127.736 E1949.27927
G1 X96.856 Y128.269 E1949.297
G1 F860.6 X96.906 Y128.952 E1949.32263
G1 F771.4 X96.908 Y131.523 E1949.42994
G1 F710.6 X96.949 Y131.85 E1949.44488
G1 F662 X96.949 Y132.143 E1949.45913
G1 X97.242 Y132.143 E1949.47338
G1 F714.5 X97.656 Y132.186 E1949.49214
G1 F773 X111.433 Y132.185 E1950.06607
;MESH:NONMESH
G0 F300 X111.433 Y132.185 Z36.4
G0 F15000 X111.433 Y131.927
G0 X97.219 Y131.875
G0 X97.219 Y128.515
G0 X97.389 Y128.469
;TIME_ELAPSED:3275.238186
;LAYER:181
;note -- min layer time used
;TYPE:WALL-INNER
;MESH:Camera mount.stl(1)
G1 F595.5 X97.533 Y128.449 E1950.07389
G1 F616.4 X111.595 Y128.446 E1950.80468
G1 F622.4 X125.657 Y128.444 E1951.52845
G1 F601.1 X125.923 Y128.469 E1951.54269
G1 F2400 E1950.74269
G0 F15000 X126.095 Y128.714
G0 X126.095 Y131.875
G0 X111.441 Y131.947
G0 X111.441 Y131.686
;TYPE:WALL-OUTER
G1 F2400 E1951.54269
G1 F770.6 X97.656 Y131.686 E1952.1158
G1 F710.8 X97.449 Y131.643 E1952.12533
G1 F706.9 X97.407 Y131.48 E1952.13296
G1 F767.5 X97.406 Y129.152 E1952.23013
G1 F856.2 X97.592 Y128.955 E1952.24027
G1 F963.2 X125.717 Y128.952 E1953.17571
G1 F856.2 X125.906 Y129.152 E1953.18601
G1 F767.5 X125.905 Y131.48 E1953.28318
G1 F708.2 X125.863 Y131.643 E1953.2908
G1 F705.6 X125.7 Y131.685 E1953.29844
G1 F766 X111.441 Y131.686 E1953.89481
G0 F15000 X111.433 Y132.185
G1 F764.4 X125.743 Y132.184 E1954.49451
G1 F705.6 X126.07 Y132.143 E1954.50948
G1 F657.5 X126.363 Y132.143 E1954.52375
G1 X126.363 Y131.85 E1954.53803
G1 F708.2 X126.405 Y131.523 E1954.55294
G1 F767.5 X126.406 Y129.152 E1954.65191
G1 F856.2 X126.456 Y128.469 E1954.67754
G1 F963.2 X126.456 Y127.936 E1954.69526
G1 X96.856 Y127.936 E1955.67976
G1 X96.856 Y128.469 E1955.69749
G1 F856.2 X96.906 Y129.152 E1955.72312
G1 F767.5 X96.908 Y131.523 E1955.82209
G1 F706.9 X96.949 Y131.85 E1955.83702
G1 F658.6 X96.949 Y132.143 E1955.85127
G1 X97.242 Y132.143 E1955.86553
G1 F710.8 X97.656 Y132.186 E1955.88428
G1 F769 X111.433 Y132.185 E1956.45821
;MESH:NONMESH
G0 F300 X111.433 Y132.185 Z36.6
G0 F15000 X111.433 Y131.927
G0 X97.219 Y131.875
G0 X97.219 Y128.715
G0 X97.389 Y128.669
;TIME_ELAPSED:3288.487345
;LAYER:182
;note -- min layer time used
;TYPE:WALL-INNER
;MESH:Camera mount.stl(1)
G1 F592.4 X97.533 Y128.649 E1956.46603
G1 F613.3 X111.595 Y128.646 E1957.19682
G1 F619.2 X125.657 Y128.644 E1957.92059
G1 F598 X125.923 Y128.669 E1957.93483
G1 F2400 E1957.13483
G0 F15000 X126.095 Y128.914
G0 X126.095 Y131.875
G0 X111.441 Y131.947
G0 X111.441 Y131.686
;TYPE:WALL-OUTER
G1 F2400 E1957.93483
G1 F766.6 X97.656 Y131.686 E1958.50795
G1 F707.2 X97.449 Y131.643 E1958.51747
G1 F703.3 X97.407 Y131.48 E1958.5251
G1 F763.5 X97.406 Y129.352 E1958.61393
G1 F851.7 X97.592 Y129.155 E1958.62406
G1 F958.2 X125.717 Y129.152 E1959.55951
G1 F851.7 X125.906 Y129.352 E1959.5698
G1 F763.5 X125.905 Y131.48 E1959.65863
G1 F704.6 X125.863 Y131.643 E1959.66624
G1 F702 X125.7 Y131.685 E1959.67388
G1 F762 X111.441 Y131.686 E1960.27026
G0 F15000 X111.433 Y132.185
G1 F760.5 X125.743 Y132.184 E1960.86996
G1 F702 X126.07 Y132.143 E1960.88492
G1 F654.1 X126.363 Y132.143 E1960.8992
G1 X126.363 Y131.85 E1960.91348
G1 F704.6 X126.405 Y131.523 E1960.92839
G1 F763.5 X126.406 Y129.352 E1961.01901
G1 F851.7 X126.456 Y128.669 E1961.04464
G1 F958.2 X126.456 Y128.136 E1961.06236
G1 X96.856 Y128.136 E1962.04686
G1 X96.856 Y128.669 E1962.06459
G1 F851.7 X96.906 Y129.352 E1962.09022
G1 F763.5 X96.908 Y131.523 E1962.18084
G1 F703.3 X96.949 Y131.85 E1962.19577
G1 F655.2 X96.949 Y132.143 E1962.21002
G1 X97.242 Y132.143 E1962.22428
G1 F707.2 X97.656 Y132.186 E1962.24303
G1 F765 X111.433 Y132.185 E1962.81696
;MESH:NONMESH
G0 F300 X111.433 Y132.185 Z36.8
G0 F15000 X111.433 Y131.927
G0 X97.219 Y131.875
G0 X97.219 Y128.915
G0 X97.389 Y128.869
;TIME_ELAPSED:3301.725018
;LAYER:183
;note -- min layer time used
;TYPE:WALL-INNER
;MESH:Camera mount.stl(1)
G1 F589.3 X97.533 Y128.849 E1962.82478
G1 F610.1 X111.595 Y128.846 E1963.55557
G1 F616 X125.657 Y128.844 E1964.27934
G1 F594.9 X125.923 Y128.869 E1964.29358
G1 F2400 E1963.49358
G0 F15000 X126.095 Y129.114
G0 X126.095 Y131.875
G0 X111.441 Y131.947
G0 X111.441 Y131.686
;TYPE:WALL-OUTER
G1 F2400 E1964.29358
G1 F762.6 X97.656 Y131.686 E1964.8667
G1 F703.5 X97.449 Y131.643 E1964.87622
G1 F699.6 X97.407 Y131.48 E1964.88385
G1 F759.6 X97.406 Y129.552 E1964.96433
G1 F847.3 X97.592 Y129.355 E1964.97447
G1 F953.2 X125.717 Y129.352 E1965.90991
G1 F847.3 X125.906 Y129.552 E1965.9202
G1 F759.6 X125.905 Y131.48 E1966.00068
G1 F700.9 X125.863 Y131.643 E1966.0083
G1 F698.3 X125.7 Y131.685 E1966.01594
G1 F758 X111.441 Y131.686 E1966.61231
G0 F15000 X111.433 Y132.185
G1 F756.5 X125.743 Y132.184 E1967.21202
G1 F698.3 X126.07 Y132.143 E1967.22698
G1 F650.7 X126.363 Y132.143 E1967.24125
G1 X126.363 Y131.85 E1967.25553
G1 F700.9 X126.405 Y131.523 E1967.27044
G1 F759.6 X126.406 Y129.552 E1967.35272
G1 F847.3 X126.456 Y128.869 E1967.37834
G1 F953.2 X126.456 Y128.336 E1967.39607
G1 X96.856 Y128.336 E1968.38057
G1 X96.856 Y128.869 E1968.3983
G1 F847.3 X96.906 Y129.552 E1968.42392
G1 F759.6 X96.908 Y131.523 E1968.50619
G1 F699.6 X96.949 Y131.85 E1968.52113
G1 F651.8 X96.949 Y132.143 E1968.53538
G1 X97.242 Y132.143 E1968.54963
G1 F703.5 X97.656 Y132.186 E1968.56839
G1 F761.1 X111.433 Y132.185 E1969.14232
;MESH:NONMESH
G0 F300 X111.433 Y132.185 Z37
G0 F15000 X111.433 Y131.927
G0 X97.219 Y131.875
G0 X97.219 Y129.115
G0 X97.389 Y129.069
;TIME_ELAPSED:3314.950865
;LAYER:184
;note -- min layer time used
;TYPE:WALL-INNER
;MESH:Camera mount.stl(1)
G1 F586.3 X97.533 Y129.049 E1969.15014
G1 F606.9 X111.595 Y129.046 E1969.88093
G1 F612.8 X125.657 Y129.044 E1970.6047
G1 F591.8 X125.923 Y129.069 E1970.61894
G1 F2400 E1969.81894
G0 F15000 X126.095 Y129.314
G0 X126.095 Y131.875
G0 X111.441 Y131.947
G0 X111.441 Y131.686
;TYPE:WALL-OUTER
G1 F2400 E1970.61894
G1 F758.6 X97.656 Y131.686 E1971.19205
G1 F699.8 X97.449 Y131.643 E1971.20158
G1 F696 X97.407 Y131.48 E1971.20921
G1 F755.6 X97.406 Y129.752 E1971.28134
G1 F842.9 X97.592 Y129.555 E1971.29148
G1 F948.3 X125.717 Y129.552 E1972.22692
G1 F842.9 X125.906 Y129.752 E1972.23721
G1 F755.6 X125.905 Y131.48 E1972.30934
G1 F697.3 X125.863 Y131.643 E1972.31696
G1 F694.7 X125.7 Y131.685 E1972.3246
G1 F754.1 X111.441 Y131.686 E1972.92098
G0 F15000 X111.433 Y132.185
G1 F752.6 X125.743 Y132.184 E1973.52068
G1 F694.7 X126.07 Y132.143 E1973.53564
G1 F647.3 X126.363 Y132.143 E1973.54991
G1 X126.363 Y131.85 E1973.56419
G1 F697.3 X126.405 Y131.523 E1973.5791
G1 F755.6 X126.406 Y129.752 E1973.65303
G1 F842.9 X126.456 Y129.069 E1973.67865
G1 F948.3 X126.456 Y128.536 E1973.69638
G1 X96.856 Y128.536 E1974.68088
G1 X96.856 Y129.069 E1974.69861
G1 F842.9 X96.906 Y129.752 E1974.72423
G1 F755.6 X96.908 Y131.523 E1974.79816
G1 F696 X96.949 Y131.85 E1974.81309
G1 F648.4 X96.949 Y132.143 E1974.82734
G1 X97.242 Y132.143 E1974.8416
G1 F699.8 X97.656 Y132.186 E1974.86035
G1 F757.1 X111.433 Y132.185 E1975.43428
;MESH:NONMESH
G0 F300 X111.433 Y132.185 Z37.2
G0 F15000 X111.438 Y131.836
;TIME_ELAPSED:3327.728247
;LAYER:185
;note -- min layer time used
;TYPE:WALL-INNER
;MESH:Camera mount.stl(1)
G1 F1825.8 X126.056 Y131.836 E1975.92048
G1 X126.056 Y129.136 E1976.01028
G1 X97.256 Y129.136 E1976.96817
G1 X97.256 Y131.836 E1977.05797
G1 X111.438 Y131.836 E1977.52967
G0 F15000 X111.432 Y132.236
;TYPE:WALL-OUTER
G1 F1825.8 X126.456 Y132.236 E1978.02937
G1 X126.456 Y128.736 E1978.14578
G1 X96.856 Y128.736 E1979.13028
G1 X96.856 Y132.236 E1979.24669
G1 X111.432 Y132.236 E1979.73149
G0 F15000 X111.444 Y131.476
;TYPE:SKIN
G1 F1825.8 X97.616 Y131.476 E1980.19141
G1 X97.616 Y129.496 E1980.25727
G1 X125.696 Y129.496 E1981.19121
G1 X125.696 Y131.476 E1981.25707
G1 X111.444 Y131.476 E1981.73109
G0 F15000 X111.444 Y131.736
G0 X97.428 Y131.664
G0 X97.356 Y130.155
G0 X97.816 Y130.155
G1 F1825.8 X98.275 Y129.696 E1981.75268
G0 F15000 X98.841 Y129.696
G1 F1825.8 X97.816 Y130.721 E1981.80089
G0 F15000 X97.826 Y131.276
G1 F1825.8 X99.406 Y129.696 E1981.87521
G0 F15000 X99.972 Y129.696
G1 F1825.8 X98.392 Y131.276 E1981.94953
G0 F15000 X98.957 Y131.276
G1 F1825.8 X100.538 Y129.696 E1982.02387
G0 F15000 X101.104 Y129.696
G1 F1825.8 X99.523 Y131.276 E1982.09821
G0 F15000 X100.089 Y131.276
G1 F1825.8 X101.669 Y129.696 E1982.17253
G0 F15000 X102.235 Y129.696
G1 F1825.8 X100.655 Y131.276 E1982.24685
G0 F15000 X101.22 Y131.276
G1 F1825.8 X102.801 Y129.696 E1982.32119
G0 F15000 X103.366 Y129.696
G1 F1825.8 X101.786 Y131.276 E1982.39551
G0 F15000 X102.352 Y131.276
G1 F1825.8 X103.932 Y129.696 E1982.46983
G0 F15000 X104.498 Y129.696
G1 F1825.8 X102.917 Y131.276 E1982.54417
G0 F15000 X103.483 Y131.276
G1 F1825.8 X105.063 Y129.696 E1982.61849
G0 F15000 X105.629 Y129.696
G1 F1825.8 X104.049 Y131.276 E1982.69281
G0 F15000 X104.614 Y131.276
G1 F1825.8 X106.195 Y129.696 E1982.76715
G0 F15000 X106.76 Y129.696
G1 F1825.8 X105.18 Y131.276 E1982.84147
G0 F15000 X105.746 Y131.276
G1 F1825.8 X107.326 Y129.696 E1982.91579
G0 F15000 X107.892 Y129.696
G1 F1825.8 X106.311 Y131.276 E1982.99013
G0 F15000 X106.877 Y131.276
G1 F1825.8 X108.457 Y129.696 E1983.06445
G0 F15000 X109.023 Y129.696
G1 F1825.8 X107.443 Y131.276 E1983.13876
G0 F15000 X108.008 Y131.276
G1 F1825.8 X109.589 Y129.696 E1983.21311
G0 F15000 X110.155 Y129.696
G1 F1825.8 X108.574 Y131.276 E1983.28745
G0 F15000 X109.14 Y131.276
G1 F1825.8 X110.72 Y129.696 E1983.36177
G0 F15000 X111.286 Y129.696
G1 F1825.8 X109.705 Y131.276 E1983.43611
G0 F15000 X110.271 Y131.276
G1 F1825.8 X111.852 Y129.696 E1983.51045
G0 F15000 X112.417 Y129.696
G1 F1825.8 X110.837 Y131.276 E1983.58477
G0 F15000 X111.403 Y131.276
G1 F1825.8 X112.983 Y129.696 E1983.65909
G0 F15000 X113.549 Y129.696
G1 F1825.8 X111.968 Y131.276 E1983.73343
G0 F15000 X112.534 Y131.276
G1 F1825.8 X114.114 Y129.696 E1983.80775
G0 F15000 X114.68 Y129.696
G1 F1825.8 X113.1 Y131.276 E1983.88207
G0 F15000 X113.665 Y131.276
G1 F1825.8 X115.246 Y129.696 E1983.95641
G0 F15000 X115.811 Y129.696
G1 F1825.8 X114.231 Y131.276 E1984.03073
G0 F15000 X114.797 Y131.276
G1 F1825.8 X116.377 Y129.696 E1984.10504
G0 F15000 X116.943 Y129.696
G1 F1825.8 X115.362 Y131.276 E1984.17939
G0 F15000 X115.928 Y131.276
G1 F1825.8 X117.508 Y129.696 E1984.2537
G0 F15000 X118.074 Y129.696
G1 F1825.8 X116.494 Y131.276 E1984.32802
G0 F15000 X117.059 Y131.276
G1 F1825.8 X118.64 Y129.696 E1984.40236
G0 F15000 X119.205 Y129.696
G1 F1825.8 X117.625 Y131.276 E1984.47668
G0 F15000 X118.191 Y131.276
G1 F1825.8 X119.771 Y129.696 E1984.551
G0 F15000 X120.337 Y129.696
G1 F1825.8 X118.756 Y131.276 E1984.62534
G0 F15000 X119.322 Y131.276
G1 F1825.8 X120.903 Y129.696 E1984.69969
G0 F15000 X121.468 Y129.696
G1 F1825.8 X119.888 Y131.276 E1984.774
G0 F15000 X120.454 Y131.276
G1 F1825.8 X122.034 Y129.696 E1984.84832
G0 F15000 X122.6 Y129.696
G1 F1825.8 X121.019 Y131.276 E1984.92266
G0 F15000 X121.585 Y131.276
G1 F1825.8 X123.165 Y129.696 E1984.99698
G0 F15000 X123.731 Y129.696
G1 F1825.8 X122.151 Y131.276 E1985.0713
G0 F15000 X122.716 Y131.276
G1 F1825.8 X124.297 Y129.696 E1985.14564
G0 F15000 X124.862 Y129.696
G1 F1825.8 X123.282 Y131.276 E1985.21996
G0 F15000 X123.848 Y131.276
G1 F1825.8 X125.428 Y129.696 E1985.29428
G0 F15000 X125.496 Y130.194
G1 F1825.8 X124.413 Y131.276 E1985.3452
G0 F15000 X124.979 Y131.276
G1 F1825.8 X125.496 Y130.76 E1985.36949
;MESH:NONMESH
G0 F300 X125.496 Y130.76 Z37.4
G0 F15000 X125.956 Y130.76
G0 X125.884 Y131.664
G0 X111.438 Y131.836
;TIME_ELAPSED:3343.785120
;LAYER:186
;note -- min layer time used
;TYPE:WALL-INNER
;MESH:Camera mount.stl(1)
G1 F1742.7 X126.056 Y131.836 E1985.85569
G1 X126.056 Y129.336 E1985.93884
G1 X97.256 Y129.336 E1986.89673
G1 X97.256 Y131.836 E1986.97988
G1 X111.438 Y131.836 E1987.45158
G0 F15000 X111.432 Y132.236
;TYPE:WALL-OUTER
G1 F1742.7 X126.456 Y132.236 E1987.95128
G1 X126.456 Y128.936 E1988.06103
G1 X96.856 Y128.936 E1989.04553
G1 X96.856 Y132.236 E1989.15529
G1 X111.432 Y132.236 E1989.64009
G0 F15000 X111.444 Y131.476
;TYPE:SKIN
G1 F1742.7 X97.616 Y131.476 E1990.10001
G1 X97.616 Y129.696 E1990.15922
G1 X125.696 Y129.696 E1991.09316
G1 X125.696 Y131.476 E1991.15236
G1 X111.444 Y131.476 E1991.62639
G0 F15000 X111.444 Y131.736
G0 X97.428 Y131.664
G0 X97.356 Y131.192
G0 X97.816 Y131.192
G1 F1742.7 X97.9 Y131.276 E1991.63034
G0 F15000 X98.466 Y131.276
G1 F1742.7 X97.816 Y130.626 E1991.66091
G0 F15000 X97.816 Y130.06
G1 F1742.7 X99.032 Y131.276 E1991.71811
G0 F15000 X99.597 Y131.276
G1 F1742.7 X98.218 Y129.896 E1991.783
G0 F15000 X98.784 Y129.896
G1 F1742.7 X100.163 Y131.276 E1991.84788
G0 F15000 X100.729 Y131.276
G1 F1742.7 X99.349 Y129.896 E1991.9128
G0 F15000 X99.915 Y129.896
G1 F1742.7 X101.294 Y131.276 E1991.97768
G0 F15000 X101.86 Y131.276
G1 F1742.7 X100.481 Y129.896 E1992.04257
G0 F15000 X101.046 Y129.896
G1 F1742.7 X102.426 Y131.276 E1992.10748
G0 F15000 X102.992 Y131.276
G1 F1742.7 X101.612 Y129.896 E1992.17239
G0 F15000 X102.178 Y129.896
G1 F1742.7 X103.557 Y131.276 E1992.23728
G0 F15000 X104.123 Y131.276
G1 F1742.7 X102.743 Y129.896 E1992.30219
G0 F15000 X103.309 Y129.896
G1 F1742.7 X104.689 Y131.276 E1992.3671
G0 F15000 X105.254 Y131.276
G1 F1742.7 X103.875 Y129.896 E1992.43199
G0 F15000 X104.44 Y129.896
G1 F1742.7 X105.82 Y131.276 E1992.4969
G0 F15000 X106.386 Y131.276
G1 F1742.7 X105.006 Y129.896 E1992.56181
G0 F15000 X105.572 Y129.896
G1 F1742.7 X106.951 Y131.276 E1992.6267
G0 F15000 X107.517 Y131.276
G1 F1742.7 X106.137 Y129.896 E1992.69161
G0 F15000 X106.703 Y129.896
G1 F1742.7 X108.083 Y131.276 E1992.75652
G0 F15000 X108.648 Y131.276
G1 F1742.7 X107.269 Y129.896 E1992.82141
G0 F15000 X107.834 Y129.896
G1 F1742.7 X109.214 Y131.276 E1992.88632
G0 F15000 X109.78 Y131.276
G1 F1742.7 X108.4 Y129.896 E1992.95123
G0 F15000 X108.966 Y129.896
G1 F1742.7 X110.345 Y131.276 E1993.01612
G0 F15000 X110.911 Y131.276
G1 F1742.7 X109.532 Y129.896 E1993.081
G0 F15000 X110.097 Y129.896
G1 F1742.7 X111.477 Y131.276 E1993.14592
G0 F15000 X112.042 Y131.276
G1 F1742.7 X110.663 Y129.896 E1993.2108
G0 F15000 X111.229 Y129.896
G1 F1742.7 X112.608 Y131.276 E1993.27569
G0 F15000 X113.174 Y131.276
G1 F1742.7 X111.794 Y129.896 E1993.3406
G0 F15000 X112.36 Y129.896
G1 F1742.7 X113.74 Y131.276 E1993.40551
G0 F15000 X114.305 Y131.276
G1 F1742.7 X112.926 Y129.896 E1993.4704
G0 F15000 X113.491 Y129.896
G1 F1742.7 X114.871 Y131.276 E1993.53531
G0 F15000 X115.437 Y131.276
G1 F1742.7 X114.057 Y129.896 E1993.60022
G0 F15000 X114.623 Y129.896
G1 F1742.7 X116.002 Y131.276 E1993.66511
G0 F15000 X116.568 Y131.276
G1 F1742.7 X115.188 Y129.896 E1993.73002
G0 F15000 X115.754 Y129.896
G1 F1742.7 X117.134 Y131.276 E1993.79493
G0 F15000 X117.699 Y131.276
G1 F1742.7 X116.32 Y129.896 E1993.85982
G0 F15000 X116.885 Y129.896
G1 F1742.7 X118.265 Y131.276 E1993.92473
G0 F15000 X118.831 Y131.276
G1 F1742.7 X117.451 Y129.896 E1993.98964
G0 F15000 X118.017 Y129.896
G1 F1742.7 X119.396 Y131.276 E1994.05453
G0 F15000 X119.962 Y131.276
G1 F1742.7 X118.583 Y129.896 E1994.11942
G0 F15000 X119.148 Y129.896
G1 F1742.7 X120.528 Y131.276 E1994.18433
G0 F15000 X121.093 Y131.276
G1 F1742.7 X119.714 Y129.896 E1994.24921
G0 F15000 X120.28 Y129.896
G1 F1742.7 X121.659 Y131.276 E1994.3141
G0 F15000 X122.225 Y131.276
G1 F1742.7 X120.845 Y129.896 E1994.37901
G0 F15000 X121.411 Y129.896
G1 F1742.7 X122.791 Y131.276 E1994.44392
G0 F15000 X123.356 Y131.276
G1 F1742.7 X121.977 Y129.896 E1994.50881
G0 F15000 X122.542 Y129.896
G1 F1742.7 X123.922 Y131.276 E1994.57372
G0 F15000 X124.488 Y131.276
G1 F1742.7 X123.108 Y129.896 E1994.63863
G0 F15000 X123.674 Y129.896
G1 F1742.7 X125.053 Y131.276 E1994.70352
G0 F15000 X125.496 Y131.153
G1 F1742.7 X124.239 Y129.896 E1994.76265
G0 F15000 X124.805 Y129.896
G1 F1742.7 X125.496 Y130.587 E1994.79515
G0 F15000 X125.496 Y130.021
G1 F1742.7 X125.371 Y129.896 E1994.80103
;MESH:NONMESH
G0 F300 X125.371 Y129.896 Z37.6
G0 F15000 X125.371 Y129.436
G0 X125.884 Y129.508
G0 X125.884 Y131.664
G0 X111.438 Y131.836
;TIME_ELAPSED:3359.717967
;LAYER:187
;note -- min layer time used
;TYPE:WALL-INNER
;MESH:Camera mount.stl(1)
G1 F1651.1 X126.056 Y131.836 E1995.28722
G1 X126.056 Y129.536 E1995.36372
G1 X97.256 Y129.536 E1996.32161
G1 X97.256 Y131.836 E1996.39811
G1 X111.438 Y131.836 E1996.86981
G0 F15000 X111.432 Y132.236
;TYPE:WALL-OUTER
G1 F1651.1 X126.456 Y132.236 E1997.36951
G1 X126.456 Y129.136 E1997.47262
G1 X96.856 Y129.136 E1998.45712
G1 X96.856 Y132.236 E1998.56022
G1 X111.432 Y132.236 E1999.04502
G0 F15000 X111.444 Y131.476
;TYPE:SKIN
G1 F1651.1 X97.616 Y131.476 E1999.50494
G1 X97.616 Y129.896 E1999.55749
G1 X125.696 Y129.896 E2000.49144
G1 X125.696 Y131.476 E2000.54399
G1 X111.444 Y131.476 E2001.01801
G0 F15000 X111.444 Y131.736
G0 X97.428 Y131.664
G0 X97.356 Y130.155
G0 X97.816 Y130.155
G1 F1651.1 X97.876 Y130.096 E2001.02081
G0 F15000 X98.441 Y130.096
G1 F1651.1 X97.816 Y130.721 E2001.05021
G0 F15000 X97.826 Y131.276
G1 F1651.1 X99.007 Y130.096 E2001.10574
G0 F15000 X99.573 Y130.096
G1 F1651.1 X98.392 Y131.276 E2001.16126
G0 F15000 X98.957 Y131.276
G1 F1651.1 X100.138 Y130.096 E2001.21679
G0 F15000 X100.704 Y130.096
G1 F1651.1 X99.523 Y131.276 E2001.27232
G0 F15000 X100.089 Y131.276
G1 F1651.1 X101.27 Y130.096 E2001.32784
G0 F15000 X101.835 Y130.096
G1 F1651.1 X100.655 Y131.276 E2001.38335
G0 F15000 X101.22 Y131.276
G1 F1651.1 X102.401 Y130.096 E2001.43888
G0 F15000 X102.967 Y130.096
G1 F1651.1 X101.786 Y131.276 E2001.4944
G0 F15000 X102.352 Y131.276
G1 F1651.1 X103.532 Y130.096 E2001.54991
G0 F15000 X104.098 Y130.096
G1 F1651.1 X102.917 Y131.276 E2001.60543
G0 F15000 X103.483 Y131.276
G1 F1651.1 X104.664 Y130.096 E2001.66096
G0 F15000 X105.23 Y130.096
G1 F1651.1 X104.049 Y131.276 E2001.71649
G0 F15000 X104.614 Y131.276
G1 F1651.1 X105.795 Y130.096 E2001.77201
G0 F15000 X106.361 Y130.096
G1 F1651.1 X105.18 Y131.276 E2001.82754
G0 F15000 X105.746 Y131.276
G1 F1651.1 X106.927 Y130.096 E2001.88307
G0 F15000 X107.492 Y130.096
G1 F1651.1 X106.311 Y131.276 E2001.9386
G0 F15000 X106.877 Y131.276
G1 F1651.1 X108.058 Y130.096 E2001.99412
G0 F15000 X108.624 Y130.096
G1 F1651.1 X107.443 Y131.276 E2002.04965
G0 F15000 X108.008 Y131.276
G1 F1651.1 X109.189 Y130.096 E2002.10518
G0 F15000 X109.755 Y130.096
G1 F1651.1 X108.574 Y131.276 E2002.1607
G0 F15000 X109.14 Y131.276
G1 F1651.1 X110.321 Y130.096 E2002.21623
G0 F15000 X110.886 Y130.096
G1 F1651.1 X109.705 Y131.276 E2002.27176
G0 F15000 X110.271 Y131.276
G1 F1651.1 X111.452 Y130.096 E2002.32729
G0 F15000 X112.018 Y130.096
G1 F1651.1 X110.837 Y131.276 E2002.38281
G0 F15000 X111.403 Y131.276
G1 F1651.1 X112.583 Y130.096 E2002.43832
G0 F15000 X113.149 Y130.096
G1 F1651.1 X111.968 Y131.276 E2002.49384
G0 F15000 X112.534 Y131.276
G1 F1651.1 X113.715 Y130.096 E2002.54937
G0 F15000 X114.28 Y130.096
G1 F1651.1 X113.1 Y131.276 E2002.60487
G0 F15000 X113.665 Y131.276
G1 F1651.1 X114.846 Y130.096 E2002.6604
G0 F15000 X115.412 Y130.096
G1 F1651.1 X114.231 Y131.276 E2002.71593
G0 F15000 X114.797 Y131.276
G1 F1651.1 X115.978 Y130.096 E2002.77146
G0 F15000 X116.543 Y130.096
G1 F1651.1 X115.362 Y131.276 E2002.82698
G0 F15000 X115.928 Y131.276
G1 F1651.1 X117.109 Y130.096 E2002.88251
G0 F15000 X117.675 Y130.096
G1 F1651.1 X116.494 Y131.276 E2002.93804
G0 F15000 X117.059 Y131.276
G1 F1651.1 X118.24 Y130.096 E2002.99356
G0 F15000 X118.806 Y130.096
G1 F1651.1 X117.625 Y131.276 E2003.04909
G0 F15000 X118.191 Y131.276
G1 F1651.1 X119.372 Y130.096 E2003.10462
G0 F15000 X119.937 Y130.096
G1 F1651.1 X118.756 Y131.276 E2003.16015
G0 F15000 X119.322 Y131.276
G1 F1651.1 X120.503 Y130.096 E2003.21567
G0 F15000 X121.069 Y130.096
G1 F1651.1 X119.888 Y131.276 E2003.2712
G0 F15000 X120.454 Y131.276
G1 F1651.1 X121.634 Y130.096 E2003.3267
G0 F15000 X122.2 Y130.096
G1 F1651.1 X121.019 Y131.276 E2003.38223
G0 F15000 X121.585 Y131.276
G1 F1651.1 X122.766 Y130.096 E2003.43776
G0 F15000 X123.331 Y130.096
G1 F1651.1 X122.151 Y131.276 E2003.49326
G0 F15000 X122.716 Y131.276
G1 F1651.1 X123.897 Y130.096 E2003.54879
G0 F15000 X124.463 Y130.096
G1 F1651.1 X123.282 Y131.276 E2003.60432
G0 F15000 X123.848 Y131.276
G1 F1651.1 X125.028 Y130.096 E2003.65982
G0 F15000 X125.496 Y130.194
G1 F1651.1 X124.413 Y131.276 E2003.71074
G0 F15000 X124.979 Y131.276
G1 F1651.1 X125.496 Y130.76 E2003.73503
;MESH:NONMESH
G0 F300 X125.496 Y130.76 Z37.8
G0 F15000 X125.956 Y130.76
G0 X125.884 Y131.664
G0 X111.438 Y131.836
;TIME_ELAPSED:3375.367696
;LAYER:188
;note -- min layer time used
;TYPE:WALL-INNER
;MESH:Camera mount.stl(1)
G1 F1557.4 X126.056 Y131.836 E2004.22123
G1 X126.056 Y129.736 E2004.29107
G1 X97.256 Y129.736 E2005.24897
G1 X97.256 Y131.836 E2005.31881
G1 X111.438 Y131.836 E2005.79051
G0 F15000 X111.432 Y132.236
;TYPE:WALL-OUTER
G1 F1557.4 X126.456 Y132.236 E2006.29021
G1 X126.456 Y129.336 E2006.38666
G1 X96.856 Y129.336 E2007.37116
G1 X96.856 Y132.236 E2007.46762
G1 X111.432 Y132.236 E2007.95242
G0 F15000 X111.444 Y131.476
;TYPE:SKIN
G1 F1557.4 X97.616 Y131.476 E2008.41234
G1 X97.616 Y130.096 E2008.45824
G1 X125.696 Y130.096 E2009.39218
G1 X125.696 Y131.476 E2009.43808
G1 X111.444 Y131.476 E2009.9121
G0 F15000 X111.444 Y131.736
G0 X97.428 Y131.664
G0 X97.356 Y131.192
G0 X97.816 Y131.192
G1 F1557.4 X97.9 Y131.276 E2009.91605
G0 F15000 X98.466 Y131.276
G1 F1557.4 X97.816 Y130.626 E2009.94663
G0 F15000 X98.052 Y130.296
G1 F1557.4 X99.032 Y131.276 E2009.99272
G0 F15000 X99.597 Y131.276
G1 F1557.4 X98.618 Y130.296 E2010.0388
G0 F15000 X99.184 Y130.296
G1 F1557.4 X100.163 Y131.276 E2010.08487
G0 F15000 X100.729 Y131.276
G1 F1557.4 X99.749 Y130.296 E2010.13097
G0 F15000 X100.315 Y130.296
G1 F1557.4 X101.294 Y131.276 E2010.17704
G0 F15000 X101.86 Y131.276
G1 F1557.4 X100.881 Y130.296 E2010.22311
G0 F15000 X101.446 Y130.296
G1 F1557.4 X102.426 Y131.276 E2010.26921
G0 F15000 X102.992 Y131.276
G1 F1557.4 X102.012 Y130.296 E2010.3153
G0 F15000 X102.578 Y130.296
G1 F1557.4 X103.557 Y131.276 E2010.36138
G0 F15000 X104.123 Y131.276
G1 F1557.4 X103.144 Y130.296 E2010.40745
G0 F15000 X103.709 Y130.296
G1 F1557.4 X104.689 Y131.276 E2010.45355
G0 F15000 X105.254 Y131.276
G1 F1557.4 X104.275 Y130.296 E2010.49962
G0 F15000 X104.841 Y130.296
G1 F1557.4 X105.82 Y131.276 E2010.54569
G0 F15000 X106.386 Y131.276
G1 F1557.4 X105.406 Y130.296 E2010.59179
G0 F15000 X105.972 Y130.296
G1 F1557.4 X106.951 Y131.276 E2010.63786
G0 F15000 X107.517 Y131.276
G1 F1557.4 X106.538 Y130.296 E2010.68393
G0 F15000 X107.103 Y130.296
G1 F1557.4 X108.083 Y131.276 E2010.73003
G0 F15000 X108.648 Y131.276
G1 F1557.4 X107.669 Y130.296 E2010.7761
G0 F15000 X108.235 Y130.296
G1 F1557.4 X109.214 Y131.276 E2010.82217
G0 F15000 X109.78 Y131.276
G1 F1557.4 X108.8 Y130.296 E2010.86827
G0 F15000 X109.366 Y130.296
G1 F1557.4 X110.345 Y131.276 E2010.91434
G0 F15000 X110.911 Y131.276
G1 F1557.4 X109.932 Y130.296 E2010.96042
G0 F15000 X110.497 Y130.296
G1 F1557.4 X111.477 Y131.276 E2011.00651
G0 F15000 X112.042 Y131.276
G1 F1557.4 X111.063 Y130.296 E2011.05258
G0 F15000 X111.629 Y130.296
G1 F1557.4 X112.608 Y131.276 E2011.09866
G0 F15000 X113.174 Y131.276
G1 F1557.4 X112.195 Y130.296 E2011.14473
G0 F15000 X112.76 Y130.296
G1 F1557.4 X113.74 Y131.276 E2011.19083
G0 F15000 X114.305 Y131.276
G1 F1557.4 X113.326 Y130.296 E2011.2369
G0 F15000 X113.892 Y130.296
G1 F1557.4 X114.871 Y131.276 E2011.28297
G0 F15000 X115.437 Y131.276
G1 F1557.4 X114.457 Y130.296 E2011.32907
G0 F15000 X115.023 Y130.296
G1 F1557.4 X116.002 Y131.276 E2011.37514
G0 F15000 X116.568 Y131.276
G1 F1557.4 X115.589 Y130.296 E2011.42121
G0 F15000 X116.154 Y130.296
G1 F1557.4 X117.134 Y131.276 E2011.46731
G0 F15000 X117.699 Y131.276
G1 F1557.4 X116.72 Y130.296 E2011.51338
G0 F15000 X117.286 Y130.296
G1 F1557.4 X118.265 Y131.276 E2011.55945
G0 F15000 X118.831 Y131.276
G1 F1557.4 X117.851 Y130.296 E2011.60555
G0 F15000 X118.417 Y130.296
G1 F1557.4 X119.396 Y131.276 E2011.65162
G0 F15000 X119.962 Y131.276
G1 F1557.4 X118.983 Y130.296 E2011.6977
G0 F15000 X119.548 Y130.296
G1 F1557.4 X120.528 Y131.276 E2011.74379
G0 F15000 X121.093 Y131.276
G1 F1557.4 X120.114 Y130.296 E2011.78986
G0 F15000 X120.68 Y130.296
G1 F1557.4 X121.659 Y131.276 E2011.83594
G0 F15000 X122.225 Y131.276
G1 F1557.4 X121.245 Y130.296 E2011.88203
G0 F15000 X121.811 Y130.296
G1 F1557.4 X122.791 Y131.276 E2011.92813
G0 F15000 X123.356 Y131.276
G1 F1557.4 X122.377 Y130.296 E2011.9742
G0 F15000 X122.943 Y130.296
G1 F1557.4 X123.922 Y131.276 E2012.02028
G0 F15000 X124.488 Y131.276
G1 F1557.4 X123.508 Y130.296 E2012.06637
G0 F15000 X124.074 Y130.296
G1 F1557.4 X125.053 Y131.276 E2012.11244
G0 F15000 X125.496 Y131.153
G1 F1557.4 X124.64 Y130.296 E2012.15273
G0 F15000 X125.205 Y130.296
G1 F1557.4 X125.496 Y130.587 E2012.16642
;MESH:NONMESH
G0 F300 X125.496 Y130.587 Z38
G0 F15000 X125.956 Y130.587
G0 X125.884 Y131.664
G0 X111.438 Y131.836
;TIME_ELAPSED:3390.795308
;LAYER:189
;note -- min layer time used
;TYPE:WALL-INNER
;MESH:Camera mount.stl(1)
G1 F1465.5 X126.056 Y131.836 E2012.65262
G1 X126.056 Y129.936 E2012.71581
G1 X97.256 Y129.936 E2013.6737
G1 X97.256 Y131.836 E2013.7369
G1 X111.438 Y131.836 E2014.20859
G0 F15000 X111.432 Y132.236
;TYPE:WALL-OUTER
G1 F1465.5 X126.456 Y132.236 E2014.70829
G1 X126.456 Y129.536 E2014.79809
G1 X96.856 Y129.536 E2015.78259
G1 X96.856 Y132.236 E2015.8724
G1 X111.432 Y132.236 E2016.3572
G0 F15000 X111.444 Y131.476
;TYPE:SKIN
G1 F1465.5 X97.616 Y131.476 E2016.81712
G1 X97.616 Y130.296 E2016.85636
G1 X125.696 Y130.296 E2017.79031
G1 X125.696 Y131.476 E2017.82956
G1 X111.444 Y131.476 E2018.30358
G0 F15000 X111.444 Y131.736
G0 X97.428 Y131.664
G0 X97.356 Y130.721
G0 X97.816 Y130.721
G1 F1465.5 X98.041 Y130.496 E2018.31416
G0 F15000 X98.607 Y130.496
G1 F1465.5 X97.826 Y131.276 E2018.35087
G0 F15000 X98.392 Y131.276
G1 F1465.5 X99.172 Y130.496 E2018.38756
G0 F15000 X99.738 Y130.496
G1 F1465.5 X98.957 Y131.276 E2018.42428
G0 F15000 X99.523 Y131.276
G1 F1465.5 X100.304 Y130.496 E2018.46099
G0 F15000 X100.869 Y130.496
G1 F1465.5 X100.089 Y131.276 E2018.49768
G0 F15000 X100.655 Y131.276
G1 F1465.5 X101.435 Y130.496 E2018.53437
G0 F15000 X102.001 Y130.496
G1 F1465.5 X101.22 Y131.276 E2018.57108
G0 F15000 X101.786 Y131.276
G1 F1465.5 X102.567 Y130.496 E2018.60779
G0 F15000 X103.132 Y130.496
G1 F1465.5 X102.352 Y131.276 E2018.64448
G0 F15000 X102.917 Y131.276
G1 F1465.5 X103.698 Y130.496 E2018.68119
G0 F15000 X104.264 Y130.496
G1 F1465.5 X103.483 Y131.276 E2018.7179
G0 F15000 X104.049 Y131.276
G1 F1465.5 X104.829 Y130.496 E2018.75459
G0 F15000 X105.395 Y130.496
G1 F1465.5 X104.614 Y131.276 E2018.7913
G0 F15000 X105.18 Y131.276
G1 F1465.5 X105.961 Y130.496 E2018.82802
G0 F15000 X106.526 Y130.496
G1 F1465.5 X105.746 Y131.276 E2018.86471
G0 F15000 X106.311 Y131.276
G1 F1465.5 X107.092 Y130.496 E2018.90142
G0 F15000 X107.658 Y130.496
G1 F1465.5 X106.877 Y131.276 E2018.93813
G0 F15000 X107.443 Y131.276
G1 F1465.5 X108.223 Y130.496 E2018.97482
G0 F15000 X108.789 Y130.496
G1 F1465.5 X108.008 Y131.276 E2019.01153
G0 F15000 X108.574 Y131.276
G1 F1465.5 X109.355 Y130.496 E2019.04824
G0 F15000 X109.92 Y130.496
G1 F1465.5 X109.14 Y131.276 E2019.08493
G0 F15000 X109.705 Y131.276
G1 F1465.5 X110.486 Y130.496 E2019.12165
G0 F15000 X111.052 Y130.496
G1 F1465.5 X110.271 Y131.276 E2019.15836
G0 F15000 X110.837 Y131.276
G1 F1465.5 X111.618 Y130.496 E2019.19507
G0 F15000 X112.183 Y130.496
G1 F1465.5 X111.403 Y131.276 E2019.23176
G0 F15000 X111.968 Y131.276
G1 F1465.5 X112.749 Y130.496 E2019.26847
G0 F15000 X113.315 Y130.496
G1 F1465.5 X112.534 Y131.276 E2019.30518
G0 F15000 X113.1 Y131.276
G1 F1465.5 X113.88 Y130.496 E2019.34187
G0 F15000 X114.446 Y130.496
G1 F1465.5 X113.665 Y131.276 E2019.37858
G0 F15000 X114.231 Y131.276
G1 F1465.5 X115.012 Y130.496 E2019.4153
G0 F15000 X115.577 Y130.496
G1 F1465.5 X114.797 Y131.276 E2019.45199
G0 F15000 X115.362 Y131.276
G1 F1465.5 X116.143 Y130.496 E2019.4887
G0 F15000 X116.709 Y130.496
G1 F1465.5 X115.928 Y131.276 E2019.52541
G0 F15000 X116.494 Y131.276
G1 F1465.5 X117.274 Y130.496 E2019.5621
G0 F15000 X117.84 Y130.496
G1 F1465.5 X117.059 Y131.276 E2019.59881
G0 F15000 X117.625 Y131.276
G1 F1465.5 X118.406 Y130.496 E2019.63552
G0 F15000 X118.971 Y130.496
G1 F1465.5 X118.191 Y131.276 E2019.67221
G0 F15000 X118.756 Y131.276
G1 F1465.5 X119.537 Y130.496 E2019.70893
G0 F15000 X120.103 Y130.496
G1 F1465.5 X119.322 Y131.276 E2019.74564
G0 F15000 X119.888 Y131.276
G1 F1465.5 X120.668 Y130.496 E2019.78233
G0 F15000 X121.234 Y130.496
G1 F1465.5 X120.454 Y131.276 E2019.81902
G0 F15000 X121.019 Y131.276
G1 F1465.5 X121.8 Y130.496 E2019.85573
G0 F15000 X122.366 Y130.496
G1 F1465.5 X121.585 Y131.276 E2019.89244
G0 F15000 X122.151 Y131.276
G1 F1465.5 X122.931 Y130.496 E2019.92913
G0 F15000 X123.497 Y130.496
G1 F1465.5 X122.716 Y131.276 E2019.96584
G0 F15000 X123.282 Y131.276
G1 F1465.5 X124.063 Y130.496 E2020.00255
G0 F15000 X124.628 Y130.496
G1 F1465.5 X123.848 Y131.276 E2020.03924
G0 F15000 X124.413 Y131.276
G1 F1465.5 X125.194 Y130.496 E2020.07595
G0 F15000 X125.496 Y130.76
G1 F1465.5 X124.979 Y131.276 E2020.10025
;TIME_ELAPSED:3405.536817
G1 F2400 E2019.30025
M140 S0
M107
G91 ;Relative positioning
G1 E-2 F2700 ;Retract a bit
G1 E-2 Z0.2 F2400 ;Retract and raise Z
G1 X5 Y5 F3000 ;Wipe out
G1 Z10 ;Raise Z more
G90 ;Absolute positioning

G1 X0 Y220 ;Present print
M106 S0 ;Turn-off fan
M104 S0 ;Turn-off hotend
M140 S0 ;Turn-off bed

M84 X Y E ;Disable all steppers but Z

M82 ;absolute extrusion mode
M104 S0
;End of Gcode
